covariateId,mean_0,mean_1,correlation
1118084410,0,1,1
1118084412,0,1,1
1118084413,0,1,1
1124300410,1,0,-0.9999999999999998
1124300412,1,0,-0.9999999999999998
1124300413,1,0,-0.9999999999999998
21603638413,1,0.00229147571035747,-0.998613097071503
21603638412,1,0.008249312557286892,-0.995004372142968
21603991413,0.0019269679159841988,1,0.9944887540484546
21603991412,0.003083148665574718,1,0.9912153830965876
21603940413,1,0.016498625114573784,-0.9900009344489905
21603616413,1,0.025664527956003668,-0.9844321445777137
21604034413,1,0.029789184234647114,-0.9819228812377564
21604035413,1,0.029789184234647114,-0.9819228812377564
21604036413,1,0.029789184234647114,-0.9819228812377564
21603940412,1,0.033455545371219066,-0.97969067020145
21604034412,1,0.04537121906507791,-0.9724243399362805
21604035412,1,0.04537121906507791,-0.9724243399362805
21604036412,1,0.04537121906507791,-0.9724243399362805
21603638410,1,0.05087076076993584,-0.9690645088455092
21603991410,0.01522304653627517,1,0.9582710821382058
21603616412,1,0.07378551787351054,-0.9550216877630591
21603551413,1,0.09899175068744272,-0.9394889124783
21603550413,1,0.09945004582951421,-0.9392056259658635
21603940410,1,0.16315307057745188,-0.8994970535115083
21604034410,1,0.20119156736938587,-0.8754383906822373
21604035410,1,0.20119156736938587,-0.8754383906822373
21604036410,1,0.20119156736938587,-0.8754383906822373
21603551412,1,0.22731439046746105,-0.8587456204155132
21603550412,1,0.2296058661778185,-0.8572742754559328
21603616410,1,0.34142988084326303,-0.7838776406972079
21603551410,1,0.6338221814848762,-0.5684381076196637
21603550410,1,0.6416131989000916,-0.5619524234692563
1150871413,0.102803738317757,0.0036663611365719525,-0.1342622484322165
21600092413,0.102803738317757,0.0036663611365719525,-0.1342622484322165
1150871412,0.104634357837942,0.006416131989000917,-0.13164052792719533
21600092412,0.104634357837942,0.006416131989000917,-0.13164052792719533
1150871410,0.11899026881202428,0.02016498625114574,-0.12380690697886784
21600092410,0.11899026881202428,0.02016498625114574,-0.12380690697886784
21600080413,0.2119664707582619,0.12786434463794683,-0.0800572179869597
21600046413,0.21350804509104923,0.12969752520623282,-0.07953867997974363
21600080412,0.2821081029000867,0.19431714023831348,-0.07519633931141968
21600046412,0.2842277676076693,0.19752520623281394,-0.07406160692281569
21600080410,0.5939878601021293,0.5224564619615032,-0.05493688801073105
21600046410,0.599383370266885,0.5307057745187901,-0.05285337839145554
21600001413,0.4490798728201175,0.38267644362969755,-0.05071263673219427
21601238410,0.3971480874843434,0.3377635197066911,-0.046195909544957135
1543229412,0,0.0018331805682859762,0.03892578964498418
21600001412,0.5999614606416803,0.5508707607699358,-0.03783518395300635
21601606410,0.11552172656325273,0.08661778185151238,-0.034928715475421236
21600248410,0.07322478080739955,0.05041246562786435,-0.0340399595855963
21601605410,0.11561807495905194,0.08753437213565536,-0.03390543700246293
1337720412,0,0.001374885426214482,0.03370938046710972
19080226413,0,0.001374885426214482,0.03370938046710972
40161390412,0,0.001374885426214482,0.03370938046710972
19096546412,0,0.001374885426214482,0.033709380467109716
1133732413,1.9269679159841988e-4,0.00229147571035747,0.033692383875822185
987366410,0.005395510164755757,0.01237396883593034,0.032632707112798906
1326303410,0.15068889102996436,0.12053162236480293,-0.032407614566177724
21600316410,0.23614991810386357,0.2002749770852429,-0.03230108692462759
21600315410,0.236342614895462,0.20073327222731438,-0.03205027816338893
1734104412,0.004624722998362077,0.010999083409715857,0.0319898101929753
21601239410,0.1512669814047596,0.1223648029330889,-0.030988654986149923
21601240410,0.1512669814047596,0.1223648029330889,-0.030988654986149923
1503297410,0.35147894787551787,0.31301558203483043,-0.0306590296411489
21600745410,0.35147894787551787,0.31301558203483043,-0.0306590296411489
40162265413,2.8904518739762984e-4,0.00229147571035747,0.030070720068962144
40172997410,2.8904518739762984e-4,0.00229147571035747,0.030070720068962144
1351461410,0.01695731766066095,0.007332722273143905,-0.029721430005005867
1596779410,0.0012525291453897292,0.00458295142071494,0.02951388501710515
21603126410,0.11870122362462665,0.09395050412465628,-0.029460090949825903
21603127410,0.11870122362462665,0.09395050412465628,-0.029460090949825903
21603823413,4.817419789960497e-4,0.002749770852428964,0.02904928869845753
40172100410,8.671355621928895e-4,0.0036663611365719525,0.028846992594709103
1734104413,0.002023316311783409,0.005957836846929423,0.028690224605901583
1836430412,0.01580113691107043,0.025664527956003668,0.028486878553585122
21604607410,0.015126698140475962,0.006416131989000917,-0.02847854546368777
19013721412,1.9269679159841988e-4,0.0018331805682859762,0.028444158188032812
19045672410,1.9269679159841988e-4,0.0018331805682859762,0.028444158188032812
19058572412,1.9269679159841988e-4,0.0018331805682859762,0.028444158188032812
40161610413,1.9269679159841988e-4,0.0018331805682859762,0.028444158188032812
40170937412,1.9269679159841988e-4,0.0018331805682859762,0.028444158188032812
733008410,0.1326717410155121,0.1076993583868011,-0.02828755185502459
21603207410,0.19414201753540802,0.16544454628780936,-0.027761633960399327
21603208410,0.19414201753540802,0.16544454628780936,-0.027761633960399327
21600749410,0.4925329993255612,0.4560036663611366,-0.027689711479460137
1543229413,0,9.165902841429881e-4,0.027522498103060237
19070012410,0,9.165902841429881e-4,0.027522498103060237
40172997413,0,9.165902841429881e-4,0.027522498103060237
998598410,0,9.165902841429881e-4,0.02752249810306023
1335539413,0,9.165902841429881e-4,0.02752249810306023
1343039413,0,9.165902841429881e-4,0.02752249810306023
1395557412,0,9.165902841429881e-4,0.02752249810306023
1797258410,0,9.165902841429881e-4,0.02752249810306023
19036391412,0,9.165902841429881e-4,0.02752249810306023
19036391413,0,9.165902841429881e-4,0.02752249810306023
40161482412,0,9.165902841429881e-4,0.02752249810306023
40166035412,0,9.165902841429881e-4,0.02752249810306023
21604887413,0.001637922728586569,0.005041246562786435,0.02734021143110327
908360412,9.634839579920994e-5,0.001374885426214482,0.02714847863885049
908360413,9.634839579920994e-5,0.001374885426214482,0.02714847863885049
1337107412,9.634839579920994e-5,0.001374885426214482,0.02714847863885049
1337107413,9.634839579920994e-5,0.001374885426214482,0.02714847863885049
21600068412,9.634839579920994e-5,0.001374885426214482,0.02714847863885049
21600068413,9.634839579920994e-5,0.001374885426214482,0.02714847863885049
40161949413,9.634839579920994e-5,0.001374885426214482,0.02714847863885049
941472413,9.634839579920994e-5,0.001374885426214482,0.027148478638850483
21602408413,9.634839579920994e-5,0.001374885426214482,0.027148478638850483
40171218412,9.634839579920994e-5,0.001374885426214482,0.027148478638850483
902427412,0.004721071394161287,0.01008249312557287,0.02709409853424019
1792515413,3.8539358319683977e-4,0.00229147571035747,0.026987895397272883
40161926413,3.8539358319683977e-4,0.00229147571035747,0.026987895397272876
940864410,0.0029868002697755083,0.007332722273143905,0.026967460578608455
950183410,0.0041429810193660275,0.00916590284142988,0.02693835134697957
789578410,0.08594276905289527,0.06645279560036664,-0.026830290421186582
21604463410,0.08594276905289527,0.06645279560036664,-0.026830290421186582
40227438410,7.707871663936795e-4,0.0032080659945004585,0.026736962928622373
21602944412,0.01666827247326332,0.02612282309807516,0.02671670861434526
21602868413,0.014163214182483862,0.022914757103574702,0.026685610628146342
21600249410,0.0416225069852587,0.027956003666361137,-0.026663762350209824
21604499410,0.19626168224299065,0.1686526122823098,-0.026585082959771293
21605008410,0.41680316022738223,0.38267644362969755,-0.02627948472944023
21602969412,0.014644956161479912,0.023373052245646196,0.026224217202311224
1775741410,0.001734271124385779,0.005041246562786435,0.026105192880248967
21604886413,0.003661239040369978,0.008249312557286892,0.02609153534736805
19058572410,0.0012525291453897292,0.004124656278643446,0.026023517451673632
1518254412,0.023123614991810388,0.013290559120073327,-0.025733936214147417
1361711410,0.06802196743424221,0.051329055912007336,-0.02563132387205419
21601625410,0.06802196743424221,0.051329055912007336,-0.02563132387205419
21600712410,0.6079583774930147,0.5751604032997251,-0.025388466396670195
21600744410,0.6042007900568456,0.571494042163153,-0.025278240864427832
942350410,0.04884863667019944,0.034830430797433545,-0.02524475330873837
1780601410,0.011850852683302823,0.005041246562786435,-0.025112593864456374
1705674412,0.01753540803545621,0.026581118240146653,0.025033363157957542
21602930412,0.01753540803545621,0.026581118240146653,0.025033363157957542
40172100413,2.8904518739762984e-4,0.0018331805682859762,0.024788509901695777
40230159412,2.8904518739762984e-4,0.0018331805682859762,0.024788509901695777
21600001410,0.8704114076500626,0.8483043079743354,-0.024631205900033246
987366412,0.0013488775411889392,0.004124656278643446,0.024598686808314084
21603552410,0.27719433471432703,0.24839596700274977,-0.024513359980885767
40161390410,6.744387705944696e-4,0.002749770852428964,0.024453092892934576
740910413,0.005202813373157337,9.165902841429881e-4,-0.024374967145006234
21604397413,0.005202813373157337,9.165902841429881e-4,-0.024374967145006234
40161993410,0.005202813373157337,9.165902841429881e-4,-0.024374967145006234
21602969413,0.006744387705944696,0.01237396883593034,0.024365011690652024
1759270413,4.817419789960497e-4,0.00229147571035747,0.024309758559987862
21604951413,4.817419789960497e-4,0.00229147571035747,0.024309758559987862
21603130410,0.061373928124096734,0.0462878093492209,-0.024304720215474092
740560410,0.08546102707389922,0.06782768102658111,-0.0242957537443653
734354410,0.09586665382021389,0.07745187901008249,-0.024060230141508435
21605009410,0.30638789864148763,0.2772685609532539,-0.024043925450155188
1308842412,0.04595818479622314,0.03299725022914757,-0.024018595776654616
21605125410,0.2227574910877734,0.19660861594867093,-0.023985450437063512
21605126410,0.2227574910877734,0.19660861594867093,-0.023985450437063512
1308842410,0.18469987474708546,0.1604032997250229,-0.023934940073852065
745268410,0.06628769630985644,0.05087076076993584,-0.023932562871076413
21601579410,0.06628769630985644,0.05087076076993584,-0.023932562871076413
742185410,0.022834569804412758,0.013748854262144821,-0.023865032477384498
21603446410,0.13286443780711052,0.11182401466544455,-0.02376464763576602
21601560410,0.08449754311590713,0.06736938588450962,-0.023714793398637763
21601561410,0.08449754311590713,0.06736938588450962,-0.023714793398637763
903963410,0.12631274689276423,0.10586617781851512,-0.023605450585005804
970250410,0.15463917525773196,0.1324472960586618,-0.023495682987288397
1559684410,0.27546006358994124,0.24793767186067828,-0.023468233516243713
976778410,0.013777820599287022,0.0068744271310724105,-0.023467987113438664
792263410,0.020907601888428558,0.01237396883593034,-0.02342565319128098
21601386410,0.2585027459292803,0.23189734188817598,-0.023159628476028326
40161349412,9.634839579920994e-4,0.0032080659945004585,0.02313119813494728
40162265412,9.634839579920994e-4,0.0032080659945004585,0.02313119813494728
1331270410,0.27362944406975626,0.2465627864344638,-0.023126911790813533
21602929412,0.01849889199344831,0.027039413382218148,0.023121905749298906
1717704410,0.0184025435976491,0.010540788267644362,-0.02301638121880194
40175971410,0.003950284227767608,4.5829514207149406e-4,-0.022917568695532384
40170660410,0.002023316311783409,0.005041246562786435,0.022681988904927942
21604661410,0.010983717121109933,0.005041246562786435,-0.02268176281237889
21603819410,0.03767222275749109,0.026581118240146653,-0.022633349273289888
1759270412,7.707871663936795e-4,0.002749770852428964,0.02247053312148573
1792515412,7.707871663936795e-4,0.002749770852428964,0.02247053312148573
21604951412,7.707871663936795e-4,0.002749770852428964,0.02247053312148573
19101422410,1.9269679159841988e-4,0.001374885426214482,0.022453355535644655
21601043412,1.9269679159841988e-4,0.001374885426214482,0.022453355535644655
40162116413,1.9269679159841988e-4,0.001374885426214482,0.022453355535644655
836654413,1.9269679159841988e-4,0.001374885426214482,0.02245335553564465
941472412,1.9269679159841988e-4,0.001374885426214482,0.02245335553564465
19080226412,1.9269679159841988e-4,0.001374885426214482,0.02245335553564465
21602408412,1.9269679159841988e-4,0.001374885426214482,0.02245335553564465
1150362410,1.9269679159841988e-4,0.001374885426214482,0.022453355535644648
1758536410,1.9269679159841988e-4,0.001374885426214482,0.022453355535644648
21605125412,0.05077560458618364,0.038038496791934,-0.022449615785581523
21605126412,0.05077560458618364,0.038038496791934,-0.022449615785581523
21601445410,0.023316311783408806,0.01466544454628781,-0.02243709183973423
1597756413,0.012139897870700453,0.005957836846929423,-0.02238902876092944
21601533410,0.16032373060988533,0.1388634280476627,-0.022372205789077594
21604428410,0.32026206763657383,0.2928505957836847,-0.022347385874067576
21600248413,0.010212929954716255,0.00458295142071494,-0.0222990018211547
21601238413,0.0716832064746122,0.05682859761686526,-0.0221892954281397
21603503413,0.008189613642932846,0.013748854262144821,0.022113464194642787
19014878410,0.0060699489353502264,0.0018331805682859762,-0.022036960733383845
21604389410,0.45505347335966856,0.42621448212648944,-0.02196188114840358
21604390410,0.45505347335966856,0.42621448212648944,-0.02196188114840358
40161569412,5.780903747952597e-4,0.00229147571035747,0.021945322587147566
21602627410,0.3220926871567588,0.29514207149404215,-0.021936077024260627
21601179412,0.026399460448983524,0.017415215398716773,-0.02187051973479893
1502855412,0.008960400809326525,0.01466544454628781,0.021775530497960143
40162112410,0.0029868002697755083,0.006416131989000917,0.021745810114196178
1380068412,3.8539358319683977e-4,0.0018331805682859762,0.02174157687316437
40161569413,3.8539358319683977e-4,0.0018331805682859762,0.02174157687316437
40172100412,3.8539358319683977e-4,0.0018331805682859762,0.02174157687316437
19055153410,3.8539358319683977e-4,0.0018331805682859762,0.021741576873164366
21600735412,3.8539358319683977e-4,0.0018331805682859762,0.021741576873164366
21601628413,3.8539358319683977e-4,0.0018331805682859762,0.02174157687316436
21601855410,0.7156758839965315,0.6897341888175985,-0.021685586623482706
981709410,0.008671355621928894,0.0036663611365719525,-0.0215518421257657
40175959410,0.0010598323537913093,0.0032080659945004585,0.02151541258505148
21604753410,0.07370652278639561,0.05912007332722273,-0.021493461426683035
710062412,0.08016186530494267,0.06507791017415215,-0.021367581988756063
21601167412,0.026688505636381154,0.017873510540788267,-0.021325747759176467
914053410,0.0026014066865786686,0,-0.02128073648869814
965748410,0.010501975142113883,0.005041246562786435,-0.02126852890942233
21600195410,0.010501975142113883,0.005041246562786435,-0.02126852890942233
1797513410,0.14124674824164177,0.12190650779101742,-0.021251954509654315
19025274410,0.37065227863956063,0.3437213565536205,-0.02118134212063056
21601179413,0.009827536371519414,0.00458295142071494,-0.021136837507852408
21605058410,0.14789478755178725,0.12832263978001834,-0.021090257505302804
21600932412,0.003372193852972348,0.0068744271310724105,0.021072651519896134
21600933412,0.003372193852972348,0.0068744271310724105,0.021072651519896134
21604490410,0.3923306676943829,0.36526122823098073,-0.021049649406471638
21601682410,0.4506214471529049,0.423006416131989,-0.021048484608067904
21604847413,0.012043549474901242,0.01833180568285976,0.02092438014239887
21601238412,0.12091723672800848,0.10311640696608616,-0.02091823515205879
911735410,0.0513536949609789,0.03941338221814849,-0.020899551831494396
1141018412,0.0025050582907794583,0,-0.020882097634909367
21600972410,0.12910685037094133,0.11090742438130156,-0.020781562014034374
1545958410,0.2660179208016187,0.24197983501374887,-0.020715067922806564
21604939413,8.671355621928895e-4,0.002749770852428964,0.020652520090308234
40230159410,8.671355621928895e-4,0.002749770852428964,0.020652520090308223
990028410,0.003372193852972348,4.5829514207149406e-4,-0.020650922781668576
21600381410,0.3866461123422295,0.3602199816681943,-0.02060518476336401
1501309410,0.1279506696213508,0.10999083409715857,-0.020586207266378415
21603248410,0.44031216880238944,0.41338221814848763,-0.020576672917873216
1373928410,0.08555737546969842,0.07057745187901009,-0.020576593529967064
21600427410,0.08555737546969842,0.07057745187901009,-0.020576593529967064
21603327410,0.33394353984006164,0.30843263061411547,-0.020562491453795902
1125315412,0.18065324212351863,0.1599450045829514,-0.02055339731287954
21604343412,0.18065324212351863,0.1599450045829514,-0.02055339731287954
1105889410,0.013296078620290972,0.007332722273143905,-0.020530623531947154
21602359410,0.4844397340784276,0.45737855178735104,-0.020521756787406305
21605125413,0.02244917622121592,0.01466544454628781,-0.020520508629450873
21605126413,0.02244917622121592,0.01466544454628781,-0.020520508629450873
21600533413,0.004913768185759707,0.001374885426214482,-0.020492637100638852
40175899410,0.0024087098949802485,0,-0.020475764681266932
21602538410,0.03911744869447924,0.028872593950504125,-0.02047271514046598
21601664410,0.6649002794103478,0.6393217231897342,-0.020463846372325564
21601665410,0.6649002794103478,0.6393217231897342,-0.020463846372325564
21600095410,0.45293380865208593,0.42621448212648944,-0.02035500697108699
1185922412,0.004432026206763658,0.008249312557286892,0.02031266923230275
1502855413,0.005106464977358127,0.00916590284142988,0.02023313374285128
1560171410,0.21755467771461606,0.19569202566452795,-0.02020436875718085
523283412,9.634839579920994e-5,9.165902841429881e-4,0.020110654576774585
523365412,9.634839579920994e-5,9.165902841429881e-4,0.020110654576774585
523367412,9.634839579920994e-5,9.165902841429881e-4,0.020110654576774585
586306410,9.634839579920994e-5,9.165902841429881e-4,0.020110654576774585
722424412,9.634839579920994e-5,9.165902841429881e-4,0.020110654576774585
928110412,9.634839579920994e-5,9.165902841429881e-4,0.020110654576774585
938362412,9.634839579920994e-5,9.165902841429881e-4,0.020110654576774585
1309323410,9.634839579920994e-5,9.165902841429881e-4,0.020110654576774585
1516976412,9.634839579920994e-5,9.165902841429881e-4,0.020110654576774585
1596779412,9.634839579920994e-5,9.165902841429881e-4,0.020110654576774585
1715315412,9.634839579920994e-5,9.165902841429881e-4,0.020110654576774585
19014158412,9.634839579920994e-5,9.165902841429881e-4,0.020110654576774585
19014158413,9.634839579920994e-5,9.165902841429881e-4,0.020110654576774585
19030692413,9.634839579920994e-5,9.165902841429881e-4,0.020110654576774585
19044273410,9.634839579920994e-5,9.165902841429881e-4,0.020110654576774585
19059654413,9.634839579920994e-5,9.165902841429881e-4,0.020110654576774585
19076389410,9.634839579920994e-5,9.165902841429881e-4,0.020110654576774585
21602201413,9.634839579920994e-5,9.165902841429881e-4,0.020110654576774585
40170755410,9.634839579920994e-5,9.165902841429881e-4,0.020110654576774585
40171087412,9.634839579920994e-5,9.165902841429881e-4,0.020110654576774585
40171362410,9.634839579920994e-5,9.165902841429881e-4,0.020110654576774585
40172112412,9.634839579920994e-5,9.165902841429881e-4,0.020110654576774585
40172112413,9.634839579920994e-5,9.165902841429881e-4,0.020110654576774585
40175868413,9.634839579920994e-5,9.165902841429881e-4,0.020110654576774585
40175870412,9.634839579920994e-5,9.165902841429881e-4,0.020110654576774585
40225012410,9.634839579920994e-5,9.165902841429881e-4,0.020110654576774585
40226409413,9.634839579920994e-5,9.165902841429881e-4,0.020110654576774585
40230159413,9.634839579920994e-5,9.165902841429881e-4,0.020110654576774585
1000632413,0.0011561807495905194,0.0032080659945004585,0.020003131909236468
40226736410,0.0011561807495905194,0.0032080659945004585,0.020003131909236468
21602082410,0.0435494749012429,0.03299725022914757,-0.019995137028507044
21602140410,0.022738221408613545,0.015123739688359304,-0.019927740617851134
21604490412,0.1452933808652086,0.12694775435380384,-0.0199062647225752
998415410,0.019366027555641197,0.01237396883593034,-0.01984304908691565
909841410,0.003179497061373928,4.5829514207149406e-4,-0.019842797506176943
1592085413,0.07399556797379324,0.06049495875343722,-0.01983212921351429
987366413,6.744387705944696e-4,0.00229147571035747,0.019830327537988482
1103006413,6.744387705944696e-4,0.00229147571035747,0.019830327537988482
1335539410,6.744387705944696e-4,0.00229147571035747,0.019830327537988482
19096710410,6.744387705944696e-4,0.00229147571035747,0.019830327537988482
21604288413,6.744387705944696e-4,0.00229147571035747,0.019830327537988482
21604874412,6.744387705944696e-4,0.00229147571035747,0.019830327537988482
40161738410,6.744387705944696e-4,0.00229147571035747,0.019830327537988482
913782410,0.011850852683302823,0.006416131989000917,-0.019824002944337064
21601167413,0.010020233163117833,0.005041246562786435,-0.019805338436248817
40161633410,0.004721071394161287,0.001374885426214482,-0.01974432243718596
21603617413,0.03237306098853454,0.023373052245646196,-0.019732219106007885
19096546410,0.0014452259369881492,0.0036663611365719525,0.01968348859952301
1154332410,0.16581558917044031,0.1466544454628781,-0.019678735339422552
766067410,0.002216013103381829,0,-0.01963809707080557
21602537410,0.04229694575585317,0.032080659945004586,-0.019629521389443873
1102527413,0.001734271124385779,0.004124656278643446,0.019554480595710255
1316354412,0.001734271124385779,0.004124656278643446,0.019554480595710255
40175884410,0.001734271124385779,0.004124656278643446,0.01955448059571025
21604303410,0.6516042007900569,0.6269477543538039,-0.01955067563298864
21604253410,0.728779265825224,0.7057745187901008,-0.019514470728513846
21602796412,0.1724636284805858,0.192025664527956,0.019467455667112235
900017412,0,4.5829514207149406e-4,0.01946057029337309
908126412,0,4.5829514207149406e-4,0.01946057029337309
908126413,0,4.5829514207149406e-4,0.01946057029337309
913440410,0,4.5829514207149406e-4,0.01946057029337309
928980413,0,4.5829514207149406e-4,0.01946057029337309
929542410,0,4.5829514207149406e-4,0.01946057029337309
929542412,0,4.5829514207149406e-4,0.01946057029337309
929542413,0,4.5829514207149406e-4,0.01946057029337309
936748412,0,4.5829514207149406e-4,0.01946057029337309
937725410,0,4.5829514207149406e-4,0.01946057029337309
937725412,0,4.5829514207149406e-4,0.01946057029337309
937725413,0,4.5829514207149406e-4,0.01946057029337309
940541410,0,4.5829514207149406e-4,0.01946057029337309
998598412,0,4.5829514207149406e-4,0.01946057029337309
998598413,0,4.5829514207149406e-4,0.01946057029337309
1036487410,0,4.5829514207149406e-4,0.01946057029337309
1136422413,0,4.5829514207149406e-4,0.01946057029337309
1140590410,0,4.5829514207149406e-4,0.01946057029337309
1150362412,0,4.5829514207149406e-4,0.01946057029337309
1150362413,0,4.5829514207149406e-4,0.01946057029337309
1150886412,0,4.5829514207149406e-4,0.01946057029337309
1303339410,0,4.5829514207149406e-4,0.01946057029337309
1310353413,0,4.5829514207149406e-4,0.01946057029337309
1350040410,0,4.5829514207149406e-4,0.01946057029337309
1351779412,0,4.5829514207149406e-4,0.01946057029337309
1351935410,0,4.5829514207149406e-4,0.01946057029337309
1366773413,0,4.5829514207149406e-4,0.01946057029337309
1398039410,0,4.5829514207149406e-4,0.01946057029337309
1512674412,0,4.5829514207149406e-4,0.01946057029337309
1512674413,0,4.5829514207149406e-4,0.01946057029337309
1555887412,0,4.5829514207149406e-4,0.01946057029337309
1555887413,0,4.5829514207149406e-4,0.01946057029337309
1586449412,0,4.5829514207149406e-4,0.01946057029337309
1586449413,0,4.5829514207149406e-4,0.01946057029337309
1596779413,0,4.5829514207149406e-4,0.01946057029337309
1711246412,0,4.5829514207149406e-4,0.01946057029337309
1714277413,0,4.5829514207149406e-4,0.01946057029337309
1724666412,0,4.5829514207149406e-4,0.01946057029337309
1724666413,0,4.5829514207149406e-4,0.01946057029337309
1748975413,0,4.5829514207149406e-4,0.01946057029337309
1749083413,0,4.5829514207149406e-4,0.01946057029337309
1751310412,0,4.5829514207149406e-4,0.01946057029337309
1751310413,0,4.5829514207149406e-4,0.01946057029337309
1781314413,0,4.5829514207149406e-4,0.01946057029337309
1789515412,0,4.5829514207149406e-4,0.01946057029337309
1789517412,0,4.5829514207149406e-4,0.01946057029337309
19006586412,0,4.5829514207149406e-4,0.01946057029337309
19008009410,0,4.5829514207149406e-4,0.01946057029337309
19010961410,0,4.5829514207149406e-4,0.01946057029337309
19017241413,0,4.5829514207149406e-4,0.01946057029337309
19022494410,0,4.5829514207149406e-4,0.01946057029337309
19044727412,0,4.5829514207149406e-4,0.01946057029337309
19044727413,0,4.5829514207149406e-4,0.01946057029337309
19051642410,0,4.5829514207149406e-4,0.01946057029337309
19052447413,0,4.5829514207149406e-4,0.01946057029337309
19054242412,0,4.5829514207149406e-4,0.01946057029337309
19055153413,0,4.5829514207149406e-4,0.01946057029337309
19056300410,0,4.5829514207149406e-4,0.01946057029337309
19061406410,0,4.5829514207149406e-4,0.01946057029337309
19061406412,0,4.5829514207149406e-4,0.01946057029337309
19061406413,0,4.5829514207149406e-4,0.01946057029337309
19062195413,0,4.5829514207149406e-4,0.01946057029337309
19070012412,0,4.5829514207149406e-4,0.01946057029337309
19077143413,0,4.5829514207149406e-4,0.01946057029337309
19078092413,0,4.5829514207149406e-4,0.01946057029337309
19080512412,0,4.5829514207149406e-4,0.01946057029337309
19080512413,0,4.5829514207149406e-4,0.01946057029337309
19082850410,0,4.5829514207149406e-4,0.01946057029337309
19089810413,0,4.5829514207149406e-4,0.01946057029337309
19089992410,0,4.5829514207149406e-4,0.01946057029337309
19094153410,0,4.5829514207149406e-4,0.01946057029337309
19094153412,0,4.5829514207149406e-4,0.01946057029337309
19094153413,0,4.5829514207149406e-4,0.01946057029337309
19123754412,0,4.5829514207149406e-4,0.01946057029337309
19123754413,0,4.5829514207149406e-4,0.01946057029337309
21601032413,0,4.5829514207149406e-4,0.01946057029337309
21601043413,0,4.5829514207149406e-4,0.01946057029337309
21601044412,0,4.5829514207149406e-4,0.01946057029337309
21601044413,0,4.5829514207149406e-4,0.01946057029337309
21601634412,0,4.5829514207149406e-4,0.01946057029337309
21601642412,0,4.5829514207149406e-4,0.01946057029337309
21602852412,0,4.5829514207149406e-4,0.01946057029337309
21602852413,0,4.5829514207149406e-4,0.01946057029337309
21602914413,0,4.5829514207149406e-4,0.01946057029337309
21603752412,0,4.5829514207149406e-4,0.01946057029337309
40161150413,0,4.5829514207149406e-4,0.01946057029337309
40161390413,0,4.5829514207149406e-4,0.01946057029337309
40161573412,0,4.5829514207149406e-4,0.01946057029337309
40161573413,0,4.5829514207149406e-4,0.01946057029337309
40161658410,0,4.5829514207149406e-4,0.01946057029337309
40161698413,0,4.5829514207149406e-4,0.01946057029337309
40162148410,0,4.5829514207149406e-4,0.01946057029337309
40162247412,0,4.5829514207149406e-4,0.01946057029337309
40162247413,0,4.5829514207149406e-4,0.01946057029337309
40166571412,0,4.5829514207149406e-4,0.01946057029337309
40167029412,0,4.5829514207149406e-4,0.01946057029337309
40167029413,0,4.5829514207149406e-4,0.01946057029337309
40169074413,0,4.5829514207149406e-4,0.01946057029337309
40170755412,0,4.5829514207149406e-4,0.01946057029337309
40170755413,0,4.5829514207149406e-4,0.01946057029337309
40171218413,0,4.5829514207149406e-4,0.01946057029337309
40171965410,0,4.5829514207149406e-4,0.01946057029337309
40171991413,0,4.5829514207149406e-4,0.01946057029337309
40172135413,0,4.5829514207149406e-4,0.01946057029337309
40172250412,0,4.5829514207149406e-4,0.01946057029337309
40172250413,0,4.5829514207149406e-4,0.01946057029337309
40172610412,0,4.5829514207149406e-4,0.01946057029337309
40172806413,0,4.5829514207149406e-4,0.01946057029337309
40175261412,0,4.5829514207149406e-4,0.01946057029337309
40175783412,0,4.5829514207149406e-4,0.01946057029337309
40175783413,0,4.5829514207149406e-4,0.01946057029337309
40175794413,0,4.5829514207149406e-4,0.01946057029337309
40175807412,0,4.5829514207149406e-4,0.01946057029337309
40175807413,0,4.5829514207149406e-4,0.01946057029337309
40175840412,0,4.5829514207149406e-4,0.01946057029337309
40175870413,0,4.5829514207149406e-4,0.01946057029337309
40176165412,0,4.5829514207149406e-4,0.01946057029337309
40176165413,0,4.5829514207149406e-4,0.01946057029337309
40222285410,0,4.5829514207149406e-4,0.01946057029337309
40222285412,0,4.5829514207149406e-4,0.01946057029337309
40224095410,0,4.5829514207149406e-4,0.01946057029337309
40224095412,0,4.5829514207149406e-4,0.01946057029337309
40224095413,0,4.5829514207149406e-4,0.01946057029337309
44784806410,0,4.5829514207149406e-4,0.01946057029337309
1711523412,0,4.5829514207149406e-4,0.019460570293373083
1711523413,0,4.5829514207149406e-4,0.019460570293373083
19016747410,0,4.5829514207149406e-4,0.019460570293373083
19082871413,0,4.5829514207149406e-4,0.019460570293373083
19087067413,0,4.5829514207149406e-4,0.019460570293373083
924296410,0,4.5829514207149406e-4,0.01946057029337308
952538412,0,4.5829514207149406e-4,0.01946057029337308
952538413,0,4.5829514207149406e-4,0.01946057029337308
987009410,0,4.5829514207149406e-4,0.01946057029337308
1329415410,0,4.5829514207149406e-4,0.01946057029337308
1359548410,0,4.5829514207149406e-4,0.01946057029337308
1544838413,0,4.5829514207149406e-4,0.01946057029337308
1588712410,0,4.5829514207149406e-4,0.01946057029337308
1588712412,0,4.5829514207149406e-4,0.01946057029337308
1588712413,0,4.5829514207149406e-4,0.01946057029337308
1589795410,0,4.5829514207149406e-4,0.01946057029337308
1589795412,0,4.5829514207149406e-4,0.01946057029337308
1589795413,0,4.5829514207149406e-4,0.01946057029337308
1715315413,0,4.5829514207149406e-4,0.01946057029337308
1741122413,0,4.5829514207149406e-4,0.01946057029337308
1746114413,0,4.5829514207149406e-4,0.01946057029337308
1760039412,0,4.5829514207149406e-4,0.01946057029337308
19022015410,0,4.5829514207149406e-4,0.01946057029337308
19024663412,0,4.5829514207149406e-4,0.01946057029337308
19045672412,0,4.5829514207149406e-4,0.01946057029337308
19072699413,0,4.5829514207149406e-4,0.01946057029337308
19078151412,0,4.5829514207149406e-4,0.01946057029337308
19096546413,0,4.5829514207149406e-4,0.01946057029337308
19100985412,0,4.5829514207149406e-4,0.01946057029337308
21602031412,0,4.5829514207149406e-4,0.01946057029337308
21602031413,0,4.5829514207149406e-4,0.01946057029337308
21602437410,0,4.5829514207149406e-4,0.01946057029337308
21604899412,0,4.5829514207149406e-4,0.01946057029337308
40167352413,0,4.5829514207149406e-4,0.01946057029337308
40172640412,0,4.5829514207149406e-4,0.01946057029337308
40172640413,0,4.5829514207149406e-4,0.01946057029337308
40172730413,0,4.5829514207149406e-4,0.01946057029337308
40222440412,0,4.5829514207149406e-4,0.01946057029337308
40226650413,0,4.5829514207149406e-4,0.01946057029337308
21600875412,0.006262645726948646,0.010540788267644362,0.019432719517188224
21600876412,0.006262645726948646,0.010540788267644362,0.019432719517188224
21602894410,0.08266692359572213,0.06874427131072411,-0.019415539072918896
21603328410,0.31660082859620386,0.2928505957836847,-0.019413187667839928
21603006410,0.20570382503131324,0.1851512373968836,-0.01938934276339214
21604462410,0.15492822044512958,0.13657195233730524,-0.019384354618447425
1518254410,0.1336352249735042,0.11640696608615948,-0.019367827510423454
21601822410,0.41786299258117354,0.3927589367552704,-0.01931313221163663
21601823410,0.41786299258117354,0.3927589367552704,-0.01931313221163663
21600424410,0.10473070623374121,0.08936755270394134,-0.01922676370172018
21603692412,0.01686096926486174,0.010540788267644362,-0.019223838758283422
781039410,0.09586665382021389,0.08111824014665445,-0.01921072863259592
1351461413,0.0021196647075826186,0,-0.019205671946347005
21600775413,0.0021196647075826186,0,-0.019205671946347005
40170452410,0.0021196647075826186,0,-0.019205671946347005
1300978410,0.008575007226129685,0.004124656278643446,-0.019163509831047285
1314002410,0.2287310916273244,0.2076076993583868,-0.019162855202694933
21601822412,0.13633298005588207,0.11915673693858846,-0.01914219504327058
21601823412,0.13633298005588207,0.11915673693858846,-0.01914219504327058
1560278413,4.817419789960497e-4,0.0018331805682859762,0.01913479107950364
19037401410,4.817419789960497e-4,0.0018331805682859762,0.01913479107950364
19076414412,4.817419789960497e-4,0.0018331805682859762,0.01913479107950364
21602775413,4.817419789960497e-4,0.0018331805682859762,0.01913479107950364
21602776413,4.817419789960497e-4,0.0018331805682859762,0.01913479107950364
21602777413,4.817419789960497e-4,0.0018331805682859762,0.01913479107950364
21603857413,4.817419789960497e-4,0.0018331805682859762,0.01913479107950364
21604874413,4.817419789960497e-4,0.0018331805682859762,0.01913479107950364
40166035410,4.817419789960497e-4,0.0018331805682859762,0.01913479107950364
40167574412,4.817419789960497e-4,0.0018331805682859762,0.01913479107950364
40172640410,4.817419789960497e-4,0.0018331805682859762,0.01913479107950364
40175853412,4.817419789960497e-4,0.0018331805682859762,0.01913479107950364
40162112412,4.817419789960497e-4,0.0018331805682859762,0.019134791079503638
21604269410,0.09085653723865497,0.07653528872593951,-0.01911625492268742
21605007412,0.38703150592542634,0.3625114573785518,-0.01911214067235907
21603007410,0.20387320551112825,0.1837763519706691,-0.019021214225936143
942799410,0.01734271124385779,0.010999083409715857,-0.019013900550433324
40161624410,0.0029868002697755083,4.5829514207149406e-4,-0.01900359533941342
21601617410,0.047596107524809715,0.03712190650779102,-0.018986939848980935
21600884413,0.011561807495905194,0.006416131989000917,-0.018976319169744963
941258413,0.004528374602562868,0.001374885426214482,-0.01897428675025433
1586346410,0.004528374602562868,0.001374885426214482,-0.01897428675025433
705755412,9.634839579920994e-4,0.002749770852428964,0.01897409264884872
21604927413,9.634839579920994e-4,0.002749770852428964,0.01897409264884872
1597756412,0.01955872434723962,0.012832263978001834,-0.018967242144262857
1513103410,0.014452259369881492,0.020623281393217233,0.018911688187014185
21602624410,0.014452259369881492,0.020623281393217233,0.018911688187014185
720727410,0.009731187975720205,0.005041246562786435,-0.018901501357380637
529218412,2.8904518739762984e-4,0.001374885426214482,0.018827258128819847
930747413,2.8904518739762984e-4,0.001374885426214482,0.018827258128819847
19054242410,2.8904518739762984e-4,0.001374885426214482,0.018827258128819847
21600735413,2.8904518739762984e-4,0.001374885426214482,0.018827258128819847
40161167413,2.8904518739762984e-4,0.001374885426214482,0.018827258128819847
40163661410,2.8904518739762984e-4,0.001374885426214482,0.018827258128819847
40163668410,2.8904518739762984e-4,0.001374885426214482,0.018827258128819847
40163670410,2.8904518739762984e-4,0.001374885426214482,0.018827258128819847
40163672410,2.8904518739762984e-4,0.001374885426214482,0.018827258128819847
40163674410,2.8904518739762984e-4,0.001374885426214482,0.018827258128819847
40163676410,2.8904518739762984e-4,0.001374885426214482,0.018827258128819847
40163678410,2.8904518739762984e-4,0.001374885426214482,0.018827258128819847
40163680410,2.8904518739762984e-4,0.001374885426214482,0.018827258128819847
40163682410,2.8904518739762984e-4,0.001374885426214482,0.018827258128819847
40163684410,2.8904518739762984e-4,0.001374885426214482,0.018827258128819847
40163686410,2.8904518739762984e-4,0.001374885426214482,0.018827258128819847
40163688410,2.8904518739762984e-4,0.001374885426214482,0.018827258128819847
40163690410,2.8904518739762984e-4,0.001374885426214482,0.018827258128819847
40163692410,2.8904518739762984e-4,0.001374885426214482,0.018827258128819847
40163694410,2.8904518739762984e-4,0.001374885426214482,0.018827258128819847
40163696410,2.8904518739762984e-4,0.001374885426214482,0.018827258128819847
40163698410,2.8904518739762984e-4,0.001374885426214482,0.018827258128819847
40163700410,2.8904518739762984e-4,0.001374885426214482,0.018827258128819847
40163702410,2.8904518739762984e-4,0.001374885426214482,0.018827258128819847
40163704410,2.8904518739762984e-4,0.001374885426214482,0.018827258128819847
40163706410,2.8904518739762984e-4,0.001374885426214482,0.018827258128819847
40163708410,2.8904518739762984e-4,0.001374885426214482,0.018827258128819847
40163710410,2.8904518739762984e-4,0.001374885426214482,0.018827258128819847
40173533413,2.8904518739762984e-4,0.001374885426214482,0.018827258128819847
40175868412,2.8904518739762984e-4,0.001374885426214482,0.018827258128819847
710062413,0.04595818479622314,0.035747021081576534,-0.018824987967512568
21603966412,0.081992484825127665,0.09578368469294225,0.018796909360317887
19011035413,0.002023316311783409,0,-0.018763355036076047
1318137410,0.03131322863474323,0.022914757103574702,-0.018696450443862145
1501761410,0.011465459100105983,0.006416131989000917,-0.01869012443708721
1762711410,0.011465459100105983,0.006416131989000917,-0.01869012443708721
1771162410,0.03112053184314481,0.03987167736021998,0.0186583010375936
21601179410,0.13344252818190577,0.11686526122823097,-0.018640816563328777
21600394410,0.08006551690914346,0.06691109074243813,-0.01860803355365097
1381253412,0.0012525291453897292,0.0032080659945004585,0.018581897123596723
1551803413,0.0164755756816649,0.022914757103574702,0.018555902153343542
967823413,0.008382310434531266,0.004124656278643446,-0.018522250459780565
21600885413,0.008382310434531266,0.004124656278643446,-0.018522250459780565
21601160413,0.008382310434531266,0.004124656278643446,-0.018522250459780565
1383925410,0.15117063300896041,0.13382218148487626,-0.018501237175702977
21604887412,0.003372193852972348,0.006416131989000917,0.018500332886268216
1354860410,0.006455342518547067,0.002749770852428964,-0.018469386556661076
990009412,0.005106464977358127,0.0018331805682859762,-0.01845129959918083
40161637410,0.005106464977358127,0.0018331805682859762,-0.01845129959918083
1781733410,0.001541574332787359,0.0036663611365719525,0.018433935169360805
19027080412,0.001541574332787359,0.0036663611365719525,0.018433935169360805
40161115410,0.005780903747952597,0.00229147571035747,-0.018425411201280384
19021129410,0.013681472203487812,0.008249312557286892,-0.018352249675097347
916230410,0.006455342518547067,0.010540788267644362,0.01835154709716194
21605285410,0.3902110029868003,0.36663611365719523,-0.018345458522527162
751412413,0.0019269679159841988,0,-0.018310429482099964
19015230412,0.0019269679159841988,0,-0.018310429482099964
40172299410,0.0019269679159841988,0,-0.018310429482099964
40226721410,0.0019269679159841988,0,-0.018310429482099964
1310149410,0.1859524038924752,0.16727772685609532,-0.01830906868833002
1506270412,0.01705366605646016,0.010999083409715857,-0.018280247726801004
1305447410,0.07881298776375373,0.06599450045829514,-0.018261821627658426
717136410,0.008285962038732055,0.004124656278643446,-0.01819740214944108
21603585410,0.042489642547451585,0.03299725022914757,-0.01817040662833208
40170916410,0.0027941034781770882,4.5829514207149406e-4,-0.01812962582239079
21602219410,0.026784854032180363,0.01924839596700275,-0.018121284466362325
40162120410,0.006358994122747856,0.002749770852428964,-0.01811293367659612
21600249413,0.006358994122747856,0.002749770852428964,-0.018112933676596117
21601195413,0.011272762308507564,0.006416131989000917,-0.018112106523213503
21603207412,0.04807784950380576,0.038038496791934,-0.01809418668762388
21603208412,0.04807784950380576,0.038038496791934,-0.01809418668762388
21603148410,0.013585123807688603,0.008249312557286892,-0.018082611921930693
1318853410,0.21042489642547452,0.19110907424381302,-0.018060030627833436
1383815413,0.005684555352153386,0.00229147571035747,-0.018055366591299485
21600962410,0.1861451006840736,0.1677360219981668,-0.01803952120292621
21601907410,0.6175932170729357,0.5944087992667277,-0.018038846302134266
1304643410,0.026206763657385106,0.018790100824931256,-0.01802639600992949
1703687410,0.04085171981886502,0.03162236480293309,-0.018006751474624993
21604269413,0.0027941034781770882,0.005499541704857928,0.017970024053723988
40161890412,7.707871663936795e-4,0.00229147571035747,0.017917873747654762
40175863410,7.707871663936795e-4,0.00229147571035747,0.017917873747654762
21603041410,0.056074766355140186,0.04537121906507791,-0.01790816491068767
21601167410,0.13517679930629156,0.11915673693858846,-0.01790811213810051
21602618410,0.01474130455727912,0.020623281393217233,0.017890970895266475
21603966413,0.04586183640042393,0.05591200733272227,0.017881664158711615
929435412,0.010598323537913094,0.005957836846929423,-0.017854217810123595
1735947410,0.001830619520184989,0,-0.017846087557148328
40161386412,0.001830619520184989,0,-0.017846087557148328
40170549410,0.001830619520184989,0,-0.017846087557148328
21603446413,0.014066865786684651,0.008707607699358386,-0.017833108224584608
21604288410,0.022352827825416706,0.015582034830430797,-0.01781720514615116
21600174410,0.1365256768474805,0.12053162236480293,-0.017802240102834883
21605008413,0.060025050582907795,0.04903758020164986,-0.01779224250206515
997881410,0.044320262067636576,0.034830430797433545,-0.01778847355355323
21605263410,0.01686096926486174,0.010999083409715857,-0.017785725232089405
21604182410,0.07842759418055689,0.06599450045829514,-0.01774665211066412
702865412,0.0025050582907794583,0.005041246562786435,0.017730224208216003
21604593412,0.0025050582907794583,0.005041246562786435,0.017730224208216003
1397599410,0.0055882069563541765,0.00229147571035747,-0.017680646394121015
977968412,0.0026977550823778784,4.5829514207149406e-4,-0.01767824853200682
1186385410,0.0026977550823778784,4.5829514207149406e-4,-0.01767824853200682
21600583412,0.0026977550823778784,4.5829514207149406e-4,-0.01767824853200682
908921410,0.0026977550823778784,4.5829514207149406e-4,-0.017678248532006818
21601131410,0.057423643896329125,0.04674610449129239,-0.01765839939649383
21601132410,0.057423643896329125,0.04674610449129239,-0.01765839939649383
21600382410,0.21707293573562,0.19798350137488543,-0.017641499773524777
21603722410,0.015126698140475962,0.009624197983501375,-0.01763771233372544
21601744410,0.6034300028904519,0.580659945004583,-0.017605348119444787
1351461412,0.003468542248771558,9.165902841429881e-4,-0.01760482190158406
21600531413,0.0184025435976491,0.01237396883593034,-0.017489652026975482
21600532413,0.0184025435976491,0.01237396883593034,-0.017489652026975482
733008412,0.034878119279314,0.026581118240146653,-0.01748535277534825
21600490410,0.10617593217072936,0.0921173235563703,-0.01746805857720427
21600491410,0.10617593217072936,0.0921173235563703,-0.01746805857720427
1500211410,0.03015704788515271,0.022456461961503207,-0.01743863546330807
967823412,0.023798053762404858,0.01695692025664528,-0.01743523867809592
21600885412,0.023798053762404858,0.01695692025664528,-0.01743523867809592
21601160412,0.023798053762404858,0.01695692025664528,-0.01743523867809592
19052447410,0.0010598323537913093,0.002749770852428964,0.01741540367518546
1560278412,0.0010598323537913093,0.002749770852428964,0.017415403675185456
21602775412,0.0010598323537913093,0.002749770852428964,0.017415403675185456
21602776412,0.0010598323537913093,0.002749770852428964,0.017415403675185456
21602777412,0.0010598323537913093,0.002749770852428964,0.017415403675185456
21603848413,0.0010598323537913093,0.002749770852428964,0.017415403675185456
21603849413,0.0010598323537913093,0.002749770852428964,0.017415403675185456
40162037410,0.0010598323537913093,0.002749770852428964,0.017415403675185456
21601516410,0.3350997205896522,0.31347387717690195,-0.017406576158149178
1547504412,0.01946237595144041,0.013290559120073327,-0.017403260836254892
1513876410,0.001734271124385779,0,-0.017369413674754516
40162070412,0.001734271124385779,0,-0.017369413674754516
1716903412,0.001734271124385779,0,-0.017369413674754513
21601119410,0.08208883322092687,0.06966086159486709,-0.017362648336243493
1377141410,0.004528374602562868,0.007791017415215398,0.017361281861256427
905233412,0.0019269679159841988,0.004124656278643446,0.01734850459779781
21601765410,0.40649388187686675,0.384051329055912,-0.017337421017705797
21605227410,0.424511031891319,0.4019248395967003,-0.017334120826193802
21605228410,0.424511031891319,0.4019248395967003,-0.017334120826193802
21604499412,0.05318431448116389,0.04307974335472044,-0.01733244105962035
21602869413,0.0038539358319683976,0.0068744271310724105,0.017331739833028312
40161593410,0.005491858560554967,0.00229147571035747,-0.017301094760364753
21600775412,0.004817419789960497,0.0018331805682859762,-0.017280858267010746
21605058413,0.01830619520184989,0.01237396883593034,-0.01724904361910771
21604939412,0.001637922728586569,0.0036663611365719525,0.017243183830028236
1549080412,0.012717988245495712,0.007791017415215398,-0.01724134342502636
1786621413,0.0013488775411889392,0.0032080659945004585,0.017241304696302688
21601043410,0.0013488775411889392,0.0032080659945004585,0.017241304696302688
40161482410,0.0013488775411889392,0.0032080659945004585,0.017241304696302688
21603444410,0.39570286154735523,0.3735105407882676,-0.017223396131204775
21603445410,0.39570286154735523,0.3735105407882676,-0.017223396131204775
966991410,0.12149532710280374,0.10678276810265812,-0.01721880837391461
1529331412,0.0026014066865786686,4.5829514207149406e-4,-0.01721644063326108
1141018410,0.007996916851334425,0.004124656278643446,-0.017205209974937408
733008413,0.01772810482705463,0.011915673693858845,-0.01717521733011429
1331247412,0.0028904518739762985,0.005499541704857928,0.01712319081321671
21601574412,0.0028904518739762985,0.005499541704857928,0.01712319081321671
21602304410,0.044416610463435785,0.03528872593950504,-0.01707960037499232
21600248412,0.01657192407746411,0.010999083409715857,-0.01703556961085013
21602431410,0.0060699489353502264,0.002749770852428964,-0.01701868399568145
744798410,0.03410733211292032,0.02612282309807516,-0.017003733700595623
21600875413,0.003564890644570768,0.006416131989000917,0.016987339486049236
21600876413,0.003564890644570768,0.006416131989000917,0.016987339486049236
21605212410,0.44985065998651125,0.42758936755270394,-0.016967213840957864
920293410,0.043838520088640524,0.034830430797433545,-0.016961245384474223
21603057410,0.043838520088640524,0.034830430797433545,-0.016961245384474223
757627413,0.004046632623566818,0.001374885426214482,-0.016941874389416828
1135766410,0.11349841025146931,0.09945004582951421,-0.016939281219660738
21605067410,0.11349841025146931,0.09945004582951421,-0.016939281219660738
21601194413,0.011465459100105983,0.0068744271310724105,-0.01693089427150783
21600775410,0.021967434242219867,0.015582034830430797,-0.01692807796604774
21605008412,0.11542537816745352,0.10128322639780019,-0.016925747119380854
1318853412,0.05443684362655362,0.044454628780934924,-0.016925745834402636
21602728410,0.47046921668754216,0.44821264894592117,-0.01690207631410846
21601517410,0.33259466229887275,0.31164069660861593,-0.016896749837164462
1549686410,0.030927835051546393,0.023373052245646196,-0.01688385461611682
958368410,0.001637922728586569,0,-0.016879363083385484
1309944413,0.001637922728586569,0,-0.016879363083385484
19080368410,0.001637922728586569,0,-0.016879363083385484
40161993412,0.001637922728586569,0,-0.016879363083385484
46221581410,0.020329511513633297,0.014207149404216315,-0.016874415207192243
19063605410,5.780903747952597e-4,0.0018331805682859762,0.016859352868344397
40172352412,5.780903747952597e-4,0.0018331805682859762,0.016859352868344397
936748410,5.780903747952597e-4,0.0018331805682859762,0.016859352868344394
979096412,5.780903747952597e-4,0.0018331805682859762,0.016859352868344394
1153928413,5.780903747952597e-4,0.0018331805682859762,0.016859352868344394
1381253413,5.780903747952597e-4,0.0018331805682859762,0.016859352868344394
40175872412,5.780903747952597e-4,0.0018331805682859762,0.016859352868344394
956874410,0.27314770209076017,0.2534372135655362,-0.016825776660231412
21601077410,0.19096252047403411,0.17369385884509625,-0.016746179015642168
918172410,0.038539358319683976,0.04720439963336388,0.016743804113040925
21602301410,0.038539358319683976,0.04720439963336388,0.016743804113040925
1381661412,0.0025050582907794583,4.5829514207149406e-4,-0.0167434901459861
19052903410,0.0025050582907794583,4.5829514207149406e-4,-0.016743490145986098
21602384413,0.0025050582907794583,4.5829514207149406e-4,-0.016743490145986098
1367571410,0.1113787455438867,0.09761686526122823,-0.01673120921251492
959174410,0.009056749205125735,0.005041246562786435,-0.016709409243720542
967823410,0.1258310049137682,0.11136571952337306,-0.016667609818894747
21600885410,0.1258310049137682,0.11136571952337306,-0.016667609818894747
21601160410,0.1258310049137682,0.11136571952337306,-0.016667609818894747
1308738410,0.0716832064746122,0.06049495875343722,-0.016641818886534144
21601120410,0.0716832064746122,0.06049495875343722,-0.016641818886534144
1378382410,0.010791020329511514,0.006416131989000917,-0.016632745210856892
21602506412,0.01984776953463725,0.02612282309807516,0.016604562903907792
21602507412,0.01984776953463725,0.02612282309807516,0.016604562903907792
21605042410,0.17034396377300318,0.153987167736022,-0.01659498810991906
21602723410,0.4714327006455343,0.44958753437213567,-0.016587382179360764
1107830413,0.0023123614991810387,0.00458295142071494,0.01655696907788195
19059547412,0.0023123614991810387,0.00458295142071494,0.01655696907788195
740910412,0.007804220059736006,0.004124656278643446,-0.016528352638301852
21604397412,0.007804220059736006,0.004124656278643446,-0.016528352638301852
1159811412,0.005299161768956547,0.00229147571035747,-0.016526832635027567
21604489410,0.6061277579728298,0.5847846012832264,-0.016522571725692693
21604490413,0.0823778784083245,0.07057745187901009,-0.01644858945809257
715259410,0.03381828692552269,0.02612282309807516,-0.016446295898085262
1133732410,0.013007033432893342,0.008249312557286892,-0.016432645285826962
1780601412,0.001541574332787359,0,-0.016374734823666547
19005570410,0.001541574332787359,0,-0.016374734823666547
21601782412,0.36352249735041914,0.34280476626947753,-0.016353173437155526
21603848410,0.03169862221794007,0.024289642529789185,-0.016346547341225415
21603849410,0.03169862221794007,0.024289642529789185,-0.016346547341225415
1308368410,0.011272762308507564,0.0068744271310724105,-0.016341367292671723
914335410,0.039406493881876864,0.031164069660861594,-0.016337874071986773
21603692413,0.010116581558917044,0.005957836846929423,-0.016332920063200043
980867412,0.002023316311783409,0.004124656278643446,0.01630977453754807
21602098413,0.026977550823778784,0.02016498625114574,-0.016281925968103402
21602099413,0.026977550823778784,0.02016498625114574,-0.016281925968103402
21600279412,0.006840736101743906,0.010540788267644362,0.016265524406515713
21600280412,0.006840736101743906,0.010540788267644362,0.016265524406515713
40170375410,0.0024087098949802485,4.5829514207149406e-4,-0.016258604220397335
961047412,0.024857886116196166,0.01833180568285976,-0.016246172307144202
21604653410,0.05597841795934098,0.0462878093492209,-0.016202202432238105
742594410,0.007707871663936795,0.004124656278643446,-0.016185085160803057
21602722410,0.4718180942287311,0.45050412465627865,-0.016183038660392217
19033354412,8.671355621928895e-4,0.00229147571035747,0.016172787426921444
40161813412,8.671355621928895e-4,0.00229147571035747,0.016172787426921444
987245412,8.671355621928895e-4,0.00229147571035747,0.01617278742692144
1792429410,8.671355621928895e-4,0.00229147571035747,0.01617278742692144
21604892410,8.671355621928895e-4,0.00229147571035747,0.01617278742692144
21604848413,0.010598323537913094,0.015123739688359304,0.016161058601393614
21600884412,0.029000867135562193,0.021998166819431713,-0.016142268199376492
21601666413,0.07139416128721457,0.08249312557286893,0.016131742378273032
1343916413,0.001734271124385779,0.0036663611365719525,0.01610584968118688
21604927412,0.001734271124385779,0.0036663611365719525,0.01610584968118688
21604491410,0.061373928124096734,0.051329055912007336,-0.016071148618281312
917006410,0.04027362944406976,0.032080659945004586,-0.016063084939108546
21602984410,0.048366894691203394,0.03941338221814849,-0.0160586272617418
21605059413,0.004528374602562868,0.0018331805682859762,-0.016057629120198744
1518254413,0.010020233163117833,0.005957836846929423,-0.016021917336943144
21604253412,0.29415165237498797,0.27497708524289644,-0.015996160656780684
21605010410,0.1415357934290394,0.12694775435380384,-0.015975948999939857
529303412,0.0014452259369881492,0.0032080659945004585,0.015972586474335717
21601288412,0.0014452259369881492,0.0032080659945004585,0.015972586474335717
1153928412,0.0014452259369881492,0.0032080659945004585,0.015972586474335713
40172396410,0.0014452259369881492,0.0032080659945004585,0.015972586474335713
916230412,0.0011561807495905194,0.002749770852428964,0.015960437405079197
40161926412,0.0011561807495905194,0.002749770852428964,0.015960437405079197
40173533412,0.0011561807495905194,0.002749770852428964,0.015960437405079197
21603857412,0.0011561807495905194,0.002749770852428964,0.015960437405079193
40167317410,0.0011561807495905194,0.002749770852428964,0.015960437405079193
40172730410,0.0011561807495905194,0.002749770852428964,0.015960437405079193
21601919413,0.0026977550823778784,0.005041246562786435,0.015958767766404848
1102917412,0.0026977550823778784,0.005041246562786435,0.015958767766404845
1309944410,0.013392427016090181,0.008707607699358386,-0.01592597609567869
21601746412,0.12371134020618557,0.10999083409715857,-0.015920520262695814
1778162410,0.0319876674053377,0.02474793767186068,-0.01589276075378009
21601239412,0.04017728104827055,0.032080659945004586,-0.01588981638915804
21601240412,0.04017728104827055,0.032080659945004586,-0.01588981638915804
21604303412,0.23210328548029674,0.21448212648945922,-0.01588701397241412
905223410,3.8539358319683977e-4,0.001374885426214482,0.015884635927569366
928744412,3.8539358319683977e-4,0.001374885426214482,0.015884635927569366
930747412,3.8539358319683977e-4,0.001374885426214482,0.015884635927569366
1351541413,3.8539358319683977e-4,0.001374885426214482,0.015884635927569366
1380068413,3.8539358319683977e-4,0.001374885426214482,0.015884635927569366
1401581410,3.8539358319683977e-4,0.001374885426214482,0.015884635927569366
19054821410,3.8539358319683977e-4,0.001374885426214482,0.015884635927569366
19088393410,3.8539358319683977e-4,0.001374885426214482,0.015884635927569366
21600441410,3.8539358319683977e-4,0.001374885426214482,0.015884635927569366
21601032412,3.8539358319683977e-4,0.001374885426214482,0.015884635927569366
40161103413,3.8539358319683977e-4,0.001374885426214482,0.015884635927569366
40161813413,3.8539358319683977e-4,0.001374885426214482,0.015884635927569366
40172396412,3.8539358319683977e-4,0.001374885426214482,0.015884635927569366
40172584410,3.8539358319683977e-4,0.001374885426214482,0.015884635927569366
908360410,3.8539358319683977e-4,0.001374885426214482,0.015884635927569363
911064413,3.8539358319683977e-4,0.001374885426214482,0.015884635927569363
957393412,3.8539358319683977e-4,0.001374885426214482,0.015884635927569363
1236493413,3.8539358319683977e-4,0.001374885426214482,0.015884635927569363
1351779410,3.8539358319683977e-4,0.001374885426214482,0.015884635927569363
21600068410,3.8539358319683977e-4,0.001374885426214482,0.015884635927569363
21603752410,3.8539358319683977e-4,0.001374885426214482,0.015884635927569363
40171124412,3.8539358319683977e-4,0.001374885426214482,0.015884635927569363
991382412,0.003372193852972348,0.005957836846929423,0.015877142721151476
21601853410,0.7679930629155025,0.7502291475710358,-0.0158706824919701
21601854410,0.7679930629155025,0.7502291475710358,-0.0158706824919701
19014878412,0.0014452259369881492,0,-0.015854136939576612
1141018413,0.0014452259369881492,0,-0.01585413693957661
1301025413,0.0014452259369881492,0,-0.015854136939576605
21602681410,0.6844590037575874,0.6649862511457378,-0.01582949267224999
21604709413,0.05723094710473071,0.04766269477543538,-0.015823872406167717
1174888412,0.07601888428557664,0.06507791017415215,-0.015823276665057538
40162074410,0.0023123614991810387,4.5829514207149406e-4,-0.015760896117355035
40171598410,0.0023123614991810387,4.5829514207149406e-4,-0.015760896117355035
1115008412,0.027844686385971675,0.034830430797433545,0.01575660620202739
757352410,0.009345794392523364,0.005499541704857928,-0.01571122820782534
1510202410,0.009923884767318624,0.005957836846929423,-0.015708569626941494
21601745412,0.1240003853935832,0.11044912923923006,-0.015706383507982896
929435413,0.006358994122747856,0.0032080659945004585,-0.01570492082098162
1398937410,0.07640427786877349,0.06553620531622364,-0.015679176643305558
21604383410,0.07640427786877349,0.06553620531622364,-0.015679176643305558
1307863410,0.2210232199633876,0.20394133822181484,-0.015672737473042028
21601766410,0.2210232199633876,0.20394133822181484,-0.015672737473042028
1154332412,0.040562674631467385,0.03253895508707608,-0.015669771888927826
979096410,0.0024087098949802485,0.00458295142071494,0.015626894828812802
19049105410,0.17506503516716446,0.15948670944087992,-0.015626575823433915
21604180410,0.8967145197032469,0.884051329055912,-0.015618325512735004
21600875410,0.025050582907794584,0.03162236480293309,0.015589837398118457
21600876410,0.025050582907794584,0.03162236480293309,0.015589837398118457
21601077412,0.03593795163310531,0.02841429880843263,-0.015589438235937529
1326303412,0.039984584256672125,0.032080659945004586,-0.015542306902460447
701322412,0.0037575874361691877,0.006416131989000917,0.01553879012028832
21604798412,0.0037575874361691877,0.006416131989000917,0.01553879012028832
734354413,0.011561807495905194,0.007332722273143905,-0.015482244196762964
21602894413,0.004817419789960497,0.007791017415215398,0.015466754003838123
21603813410,0.05000481741978996,0.04124656278643447,-0.015448764684743405
21601194410,0.14914731669717698,0.13473877176901924,-0.015431328116182764
21604146410,0.10540514500433568,0.0930339138405133,-0.01540287326972886
21604147410,0.10540514500433568,0.0930339138405133,-0.01540287326972886
21602341410,0.03786491954908951,0.03024747937671861,-0.015380812006311908
957393413,1.9269679159841988e-4,9.165902841429881e-4,0.015371167632716802
40161344410,1.9269679159841988e-4,9.165902841429881e-4,0.015371167632716802
1036157412,1.9269679159841988e-4,9.165902841429881e-4,0.015371167632716797
1335539412,1.9269679159841988e-4,9.165902841429881e-4,0.015371167632716797
1401581412,1.9269679159841988e-4,9.165902841429881e-4,0.015371167632716797
1741122412,1.9269679159841988e-4,9.165902841429881e-4,0.015371167632716797
1746114412,1.9269679159841988e-4,9.165902841429881e-4,0.015371167632716797
19011712410,1.9269679159841988e-4,9.165902841429881e-4,0.015371167632716797
19030692412,1.9269679159841988e-4,9.165902841429881e-4,0.015371167632716797
19072699412,1.9269679159841988e-4,9.165902841429881e-4,0.015371167632716797
19078151410,1.9269679159841988e-4,9.165902841429881e-4,0.015371167632716797
19095786410,1.9269679159841988e-4,9.165902841429881e-4,0.015371167632716797
21600441412,1.9269679159841988e-4,9.165902841429881e-4,0.015371167632716797
21602201412,1.9269679159841988e-4,9.165902841429881e-4,0.015371167632716797
40163615410,1.9269679159841988e-4,9.165902841429881e-4,0.015371167632716797
40170808412,1.9269679159841988e-4,9.165902841429881e-4,0.015371167632716797
40170808413,1.9269679159841988e-4,9.165902841429881e-4,0.015371167632716797
40170876413,1.9269679159841988e-4,9.165902841429881e-4,0.015371167632716797
40175734413,1.9269679159841988e-4,9.165902841429881e-4,0.015371167632716797
40175959412,1.9269679159841988e-4,9.165902841429881e-4,0.015371167632716797
908126410,1.9269679159841988e-4,9.165902841429881e-4,0.015371167632716795
928744413,1.9269679159841988e-4,9.165902841429881e-4,0.015371167632716795
986790410,1.9269679159841988e-4,9.165902841429881e-4,0.015371167632716795
1116031412,1.9269679159841988e-4,9.165902841429881e-4,0.015371167632716795
1502905413,1.9269679159841988e-4,9.165902841429881e-4,0.015371167632716795
1503501410,1.9269679159841988e-4,9.165902841429881e-4,0.015371167632716795
1514412413,1.9269679159841988e-4,9.165902841429881e-4,0.015371167632716795
19013721413,1.9269679159841988e-4,9.165902841429881e-4,0.015371167632716795
21602472412,1.9269679159841988e-4,9.165902841429881e-4,0.015371167632716795
21602496412,1.9269679159841988e-4,9.165902841429881e-4,0.015371167632716795
40169140413,1.9269679159841988e-4,9.165902841429881e-4,0.015371167632716795
40170898413,1.9269679159841988e-4,9.165902841429881e-4,0.015371167632716795
40171957413,1.9269679159841988e-4,9.165902841429881e-4,0.015371167632716795
40172352413,1.9269679159841988e-4,9.165902841429881e-4,0.015371167632716795
40172396413,1.9269679159841988e-4,9.165902841429881e-4,0.015371167632716795
40172466413,1.9269679159841988e-4,9.165902841429881e-4,0.015371167632716795
40172997412,1.9269679159841988e-4,9.165902841429881e-4,0.015371167632716795
40173773410,1.9269679159841988e-4,9.165902841429881e-4,0.015371167632716795
40175872413,1.9269679159841988e-4,9.165902841429881e-4,0.015371167632716795
40175884412,1.9269679159841988e-4,9.165902841429881e-4,0.015371167632716795
703083413,1.9269679159841988e-4,9.165902841429881e-4,0.015371167632716794
21601634410,1.9269679159841988e-4,9.165902841429881e-4,0.015371167632716794
21601642410,1.9269679159841988e-4,9.165902841429881e-4,0.015371167632716794
40172069413,1.9269679159841988e-4,9.165902841429881e-4,0.015371167632716794
42801108410,1.9269679159841988e-4,9.165902841429881e-4,0.015371167632716794
1551099410,0.09711918296560362,0.08524289642529789,-0.015341248438545256
21600959413,0.15001445225936988,0.13565536205316223,-0.015340522854042828
1347384410,0.06927449657963194,0.05912007332722273,-0.015333044385546828
21603728410,0.006262645726948646,0.0032080659945004585,-0.015329447906064372
19078126410,0.005010116581558917,0.00229147571035747,-0.015324808647267832
730729410,0.0029868002697755083,9.165902841429881e-4,-0.015322219722164162
21604564410,0.3501300703343289,0.3308890925756187,-0.015316129807964329
19136429410,0.0013488775411889392,0,-0.015315941045900004
21602934410,0.0013488775411889392,0,-0.015315941045900004
1521592410,0.0013488775411889392,0,-0.015315941045900002
40173636410,0.0013488775411889392,0,-0.015315941045900002
938268413,0.0013488775411889392,0,-0.015315941045899999
19090226410,0.0013488775411889392,0,-0.015315941045899999
21601195410,0.14712400038539358,0.13290559120073328,-0.015314247937536402
938362410,0.0021196647075826186,0.004124656278643446,0.015309510250302224
1777806413,0.0021196647075826186,0.004124656278643446,0.015309510250302224
21600951412,0.0021196647075826186,0.004124656278643446,0.015309510250302224
21605058412,0.0368050871952982,0.02933088909257562,-0.015301732133620221
21604148410,0.10530879660853647,0.0930339138405133,-0.015288130575676474
21601427410,0.0041429810193660275,0.0068744271310724105,0.015264291585629459
958999410,0.002216013103381829,4.5829514207149406e-4,-0.01524936943654916
40170858410,0.002216013103381829,4.5829514207149406e-4,-0.01524936943654916
40174252410,0.002216013103381829,4.5829514207149406e-4,-0.01524936943654916
40175843410,0.002216013103381829,4.5829514207149406e-4,-0.01524936943654916
21600884410,0.14847287792658254,0.13428047662694775,-0.015227275516010911
792263413,0.003661239040369978,0.001374885426214482,-0.015186386085813193
21602073410,0.15271220734174776,0.1384051329055912,-0.015170727812422477
21600004410,0.05530397918874651,0.0462878093492209,-0.015148075594305437
21601452410,0.007418826476539166,0.004124656278643446,-0.015134973335985255
778474413,0.003468542248771558,0.005957836846929423,0.015129341221761789
1036252413,0.003468542248771558,0.005957836846929423,0.015129341221761789
21600279413,0.0027941034781770882,0.005041246562786435,0.015110761544192275
21600280413,0.0027941034781770882,0.005041246562786435,0.015110761544192275
800878412,0.0027941034781770882,0.005041246562786435,0.015110761544192271
1106776410,0.0055882069563541765,0.002749770852428964,-0.015103979220253158
21603292410,0.0055882069563541765,0.002749770852428964,-0.015103979220253158
21602968412,0.023605356970806436,0.029789184234647114,0.015100657658750363
21604565410,0.27199152134116966,0.2543538038496792,-0.015070421406044504
21601864413,0.046921668754215246,0.05545371219065078,0.01506148998938516
955583410,0.01917333076404278,0.02474793767186068,0.015033682476116698
1551803412,0.026495808844782736,0.03299725022914757,0.015028688581626709
40171135410,0.001830619520184989,0.0036663611365719525,0.015017234252998208
40176150410,0.001830619520184989,0.0036663611365719525,0.015017234252998208
21601077413,0.01580113691107043,0.010999083409715857,-0.014983583498921918
1597756410,0.08565372386549763,0.07470210815765353,-0.014978097736625945
21602506413,0.010501975142113883,0.01466544454628781,0.01497235625980008
21602507413,0.010501975142113883,0.01466544454628781,0.01497235625980008
990009410,0.024279795741400906,0.01833180568285976,-0.014954756777877548
954688410,0.006166297331149436,0.0032080659945004585,-0.014949506928853749
21605071413,0.004913768185759707,0.00229147571035747,-0.01491249792768605
21602666410,0.20319876674053378,0.18744271310724106,-0.014910526719936899
21604557413,0.013585123807688603,0.00916590284142988,-0.014884253766678941
21603446412,0.027362944406975623,0.021081576535288724,-0.01487891987062032
21603892410,0.024761537720396954,0.018790100824931256,-0.014865430133133822
21605007410,0.7771461605164274,0.7607699358386801,-0.014841413081359087
1300751412,6.744387705944696e-4,0.0018331805682859762,0.014841356475837604
21600941412,6.744387705944696e-4,0.0018331805682859762,0.014841356475837604
21601091412,6.744387705944696e-4,0.0018331805682859762,0.014841356475837604
1366237412,6.744387705944696e-4,0.0018331805682859762,0.0148413564758376
40161758413,6.744387705944696e-4,0.0018331805682859762,0.0148413564758376
40162204413,6.744387705944696e-4,0.0018331805682859762,0.0148413564758376
40183759410,6.744387705944696e-4,0.0018331805682859762,0.0148413564758376
767410410,0.0028904518739762985,9.165902841429881e-4,-0.01483503691497928
969444412,0.0028904518739762985,9.165902841429881e-4,-0.01483503691497928
21604753412,0.01628287889006648,0.011457378551787351,-0.014825673587103353
21604803410,0.013007033432893342,0.008707607699358386,-0.014802048712215757
21605229410,0.043260429713845264,0.051329055912007336,0.014799010266595174
21602384412,0.004239329415165237,0.0018331805682859762,-0.014774958777959703
529411412,0.001541574332787359,0.0032080659945004585,0.014768290390731941
1133732412,0.001541574332787359,0.0032080659945004585,0.014768290390731941
21601279412,0.001541574332787359,0.0032080659945004585,0.014768290390731941
21601315412,0.001541574332787359,0.0032080659945004585,0.014768290390731941
941577412,0.0012525291453897292,0,-0.014758221978744305
950882410,0.0012525291453897292,0,-0.014758221978744305
1521987413,0.0012525291453897292,0,-0.014758221978744305
21602780413,0.0012525291453897292,0,-0.014758221978744305
21602781413,0.0012525291453897292,0,-0.014758221978744305
40161633412,0.0012525291453897292,0,-0.014758221978744305
40161633413,0.0012525291453897292,0,-0.014758221978744305
40161993413,0.0012525291453897292,0,-0.014758221978744305
40171297412,0.0012525291453897292,0,-0.014758221978744305
933952413,0.0012525291453897292,0,-0.0147582219787443
19000732412,0.0012525291453897292,0,-0.0147582219787443
1548195413,0.013681472203487812,0.01833180568285976,0.014743844820645549
21603594410,0.20772714134309664,0.192025664527956,-0.01473537639563843
21603812410,0.0708160709124193,0.06095325389550871,-0.014732731278062518
40171093410,0.0025050582907794583,0.00458295142071494,0.014726116050063796
933952412,0.0021196647075826186,4.5829514207149406e-4,-0.014722898862014498
40170868410,0.0021196647075826186,4.5829514207149406e-4,-0.014722898862014498
19058896413,0.0021196647075826186,4.5829514207149406e-4,-0.014722898862014496
40175808410,0.0021196647075826186,4.5829514207149406e-4,-0.014722898862014496
705103410,0.04855959148280181,0.04032997250229148,-0.014712791169391856
21604540410,0.10627228056652857,0.09440879926672777,-0.014710674773032681
996416410,0.07813854899315927,0.06782768102658111,-0.01471040469180942
1129625410,0.10723576452452066,0.09532538955087076,-0.014709435262844796
21602004410,0.10723576452452066,0.09532538955087076,-0.014709435262844796
21605007413,0.22930918200211967,0.21310724106324472,-0.014665176201205433
21600492412,0.015126698140475962,0.010540788267644362,-0.014618961757647037
1741122410,0.0012525291453897292,0.002749770852428964,0.014596100556895784
1836503413,0.0012525291453897292,0.002749770852428964,0.014596100556895784
1738366413,0.0012525291453897292,0.002749770852428964,0.014596100556895782
1547504410,0.07804220059736006,0.06782768102658111,-0.014579921083970385
1777806410,0.04547644281722709,0.03758020164986251,-0.0145697934677376
21603159410,0.04547644281722709,0.03758020164986251,-0.0145697934677376
21603302410,0.24000385393583196,0.2236480293308891,-0.014568479892820365
1714527410,9.634839579920994e-4,0.00229147571035747,0.014568077251994094
40169074410,9.634839579920994e-4,0.00229147571035747,0.014568077251994094
1310353410,9.634839579920994e-4,0.00229147571035747,0.014568077251994093
40161167412,9.634839579920994e-4,0.00229147571035747,0.014568077251994093
1724869410,0.0060699489353502264,0.0032080659945004585,-0.014564962500814483
21602430410,0.0060699489353502264,0.0032080659945004585,-0.014564962500814483
21600190410,0.08873687253107236,0.07791017415215398,-0.01456488576712204
21600315413,0.034878119279314,0.027956003666361137,-0.014537851469156095
21600316413,0.034878119279314,0.027956003666361137,-0.014537851469156095
21600498410,0.012910685037094133,0.008707607699358386,-0.014516967431618323
21602791412,0.004817419789960497,0.00229147571035747,-0.014494001566382345
21601907413,0.104634357837942,0.0930339138405133,-0.014482808631908024
21600409410,0.17862992581173523,0.16406966086159486,-0.014482137018982244
21600410410,0.17862992581173523,0.16406966086159486,-0.014482137018982244
918906412,0.023027266596011176,0.017415215398716773,-0.01447827978944347
21600249412,0.010116581558917044,0.006416131989000917,-0.014472416078074443
1000560412,0.012332594662298873,0.008249312557286892,-0.014433269625405873
21603311410,0.19606898545139223,0.18102658111824016,-0.01442756676634915
1716903410,0.007226129684940746,0.004124656278643446,-0.014417118236488212
21602633413,0.01878793718084594,0.013748854262144821,-0.01439389049865228
710062410,0.273051353694961,0.25618698441796517,-0.014389509832925368
1139993410,0.0368050871952982,0.029789184234647114,-0.014347993009025407
21601532410,0.29261007804220057,0.2754353803849679,-0.014345227356504371
991382413,0.002216013103381829,0.004124656278643446,0.014344872056059667
952004410,0.0027941034781770882,9.165902841429881e-4,-0.014336123854094093
21604409410,0.0027941034781770882,9.165902841429881e-4,-0.01433612385409409
1721543410,0.0041429810193660275,0.0018331805682859762,-0.014332851017729858
1153428410,0.021389343867424606,0.016040329972502293,-0.014314926822218783
792263412,0.005395510164755757,0.002749770852428964,-0.014302722110563547
797617410,0.12033914635321322,0.10815765352887259,-0.014293906681407497
902427413,0.0028904518739762985,0.005041246562786435,0.014285978482664304
1138050410,0.0028904518739762985,0.005041246562786435,0.014285978482664304
778474412,0.007226129684940746,0.010540788267644362,0.014273142295010532
1112921412,0.007226129684940746,0.010540788267644362,0.014273142295010532
21605059410,0.04229694575585317,0.034830430797433545,-0.014265862199768898
1135766412,0.027073899219577993,0.021081576535288724,-0.014257461470068981
21605067412,0.027073899219577993,0.021081576535288724,-0.014257461470068981
21602697410,0.003468542248771558,0.001374885426214482,-0.014257437371998673
1107830412,0.005010116581558917,0.007791017415215398,0.014254437963666638
1503297412,0.10347817708835148,0.0921173235563703,-0.014252497534642208
21600745412,0.10347817708835148,0.0921173235563703,-0.014252497534642208
907013412,0.014452259369881492,0.01008249312557287,-0.01424560783909231
1310149412,0.05125734656517969,0.04307974335472044,-0.014237468785639628
21600962412,0.05125734656517969,0.04307974335472044,-0.014237468785639628
794852410,0.058676173041718856,0.04995417048579285,-0.01423404229470446
751347410,0.024472492532999327,0.018790100824931256,-0.014215881965521551
922191410,0.002023316311783409,4.5829514207149406e-4,-0.014180206457678047
40161734410,0.002023316311783409,4.5829514207149406e-4,-0.014180206457678047
900093412,0.0011561807495905194,0,-0.014178676067138813
19031224410,0.0011561807495905194,0,-0.014178676067138813
754270412,0.0011561807495905194,0,-0.01417867606713881
1319751410,0.0011561807495905194,0,-0.01417867606713881
1376289413,0.0011561807495905194,0,-0.01417867606713881
21601772410,0.0011561807495905194,0,-0.01417867606713881
21601773410,0.0011561807495905194,0,-0.01417867606713881
21605032412,0.0011561807495905194,0,-0.01417867606713881
21605188413,0.0011561807495905194,0,-0.01417867606713881
21605189413,0.0011561807495905194,0,-0.01417867606713881
40175971412,0.0011561807495905194,0,-0.01417867606713881
40226665410,0.0011561807495905194,0,-0.01417867606713881
45892419413,0.0011561807495905194,0,-0.01417867606713881
1318137412,0.005973600539551017,0.0032080659945004585,-0.014175672908467987
1174888410,0.3170825705751999,0.2997250229147571,-0.01416828050926623
21601939410,0.05318431448116389,0.044912923923006415,-0.01414662581110998
1123995413,0.005395510164755757,0.008249312557286892,0.014128111414393551
21603305413,0.005395510164755757,0.008249312557286892,0.014128111414393551
911064410,0.006551690914346276,0.0036663611365719525,-0.01409611770397177
21604397410,0.03564890644570768,0.028872593950504125,-0.014072135634106114
797399413,0.01666827247326332,0.02153987167736022,0.014069872547549357
1305637410,0.004721071394161287,0.00229147571035747,-0.014069079433382639
1350504410,0.007129781289141536,0.004124656278643446,-0.014052582228508777
21600382412,0.055593024376144135,0.04720439963336388,-0.014044780037586156
21602002413,0.022834569804412758,0.017415215398716773,-0.01403075624981635
21602003413,0.022834569804412758,0.017415215398716773,-0.01403075624981635
1353766413,0.05472588881395125,0.06324472960586618,0.014013044502448304
21602894412,0.013103381828692553,0.017415215398716773,0.013976853902266946
989482412,0.0019269679159841988,0.0036663611365719525,0.013973215811793971
21601855413,0.22054147798439155,0.20531622364802934,-0.013972950151456916
21601666412,0.11378745543886694,0.12557286892758937,0.013952101342109328
970250413,0.023316311783408806,0.017873510540788267,-0.013943611087517814
740910410,0.03507081607091242,0.02841429880843263,-0.013932450278003217
21604606410,0.21061759321707293,0.19569202566452795,-0.013931516393569056
21600127410,0.30282300799691686,0.2859761686526123,-0.01392940361888922
754270410,0.004046632623566818,0.0018331805682859762,-0.013882922703347502
925952410,0.004046632623566818,0.0018331805682859762,-0.013882922703347502
19027080410,0.006551690914346276,0.009624197983501375,0.01387825827482975
40167574410,0.0026014066865786686,0.00458295142071494,0.013852769844662872
1309944412,0.0026977550823778784,9.165902841429881e-4,-0.013824700777398433
40172600410,0.0026977550823778784,9.165902841429881e-4,-0.013824700777398433
21601136410,0.1968397726177859,0.18240146654445463,-0.01382442978990253
21601195412,0.028904518739762984,0.022914757103574702,-0.013788119260886248
1137460410,0.0319876674053377,0.0384967919340055,0.013781049241131531
1105889412,0.003372193852972348,0.001374885426214482,-0.013778574057416892
21602074412,0.003372193852972348,0.001374885426214482,-0.013778574057416892
21603060412,0.003372193852972348,0.001374885426214482,-0.013778574057416889
1134439413,0.014355910974082281,0.018790100824931256,0.013763858803705653
21604765413,0.014355910974082281,0.018790100824931256,0.013763858803705653
985708410,0.009634839579920994,0.013290559120073327,0.01373765619491766
21603076410,0.009634839579920994,0.013290559120073327,0.01373765619491766
21604792412,0.02042585990943251,0.025664527956003668,0.013735031858073623
1331270412,0.08613546584449369,0.076076993583868,-0.01370933589523948
21605009413,0.03545620965410926,0.028872593950504125,-0.013702523830944906
21603207413,0.026303112053184315,0.020623281393217233,-0.01369881599195825
21603208413,0.026303112053184315,0.020623281393217233,-0.01369881599195825
19037038412,0.003661239040369978,0.005957836846929423,0.01368284262542444
1513103412,0.003661239040369978,0.005957836846929423,0.013682842625424439
21602287413,0.003661239040369978,0.005957836846929423,0.013682842625424439
21602618412,0.003661239040369978,0.005957836846929423,0.013682842625424439
21602624412,0.003661239040369978,0.005957836846929423,0.013682842625424439
1592085410,0.38231043453126506,0.36480293308890926,-0.013670350708122512
1119510412,0.021678389054822236,0.027039413382218148,0.013663048474135608
1516800410,0.012621639849696503,0.008707607699358386,-0.013651503992963785
19000732410,0.004624722998362077,0.00229147571035747,-0.013637476892541774
1331270413,0.0503902110029868,0.042621448212648946,-0.013629300185377835
725131410,0.06416803160227383,0.05545371219065078,-0.013623516483747227
1741309413,0.001637922728586569,0.0032080659945004585,0.013622034511373669
19084670410,0.001637922728586569,0.0032080659945004585,0.013622034511373669
40226409410,0.001637922728586569,0.0032080659945004585,0.013622034511373669
1344992410,0.0019269679159841988,4.5829514207149406e-4,-0.013619832217164802
951279412,0.0019269679159841988,4.5829514207149406e-4,-0.013619832217164798
1708880413,0.0019269679159841988,4.5829514207149406e-4,-0.013619832217164798
40162050410,0.0019269679159841988,4.5829514207149406e-4,-0.013619832217164798
40172147410,0.0019269679159841988,4.5829514207149406e-4,-0.013619832217164798
21602728412,0.11638886212544561,0.10494958753437214,-0.013615849424234334
750982410,0.13787455438866944,0.12557286892758937,-0.013607321267798674
21602674410,0.08507563349070238,0.07516040329972502,-0.013590063215427318
1510202413,0.0010598323537913093,0,-0.013574507969402261
753626412,0.0010598323537913093,0,-0.013574507969402258
943634410,0.0010598323537913093,0,-0.013574507969402258
950316412,0.0010598323537913093,0,-0.013574507969402258
981709413,0.0010598323537913093,0,-0.013574507969402258
990413410,0.0010598323537913093,0,-0.013574507969402258
1151789410,0.0010598323537913093,0,-0.013574507969402258
1354860412,0.0010598323537913093,0,-0.013574507969402258
1529331413,0.0010598323537913093,0,-0.013574507969402258
19012925410,0.0010598323537913093,0,-0.013574507969402258
19086759410,0.0010598323537913093,0,-0.013574507969402258
19097605412,0.0010598323537913093,0,-0.013574507969402258
21603188410,0.0010598323537913093,0,-0.013574507969402258
40161386413,0.0010598323537913093,0,-0.013574507969402258
40161446410,0.0010598323537913093,0,-0.013574507969402258
40161730412,0.0010598323537913093,0,-0.013574507969402258
40172670412,0.0010598323537913093,0,-0.013574507969402258
40176157412,0.0010598323537913093,0,-0.013574507969402258
40161926410,0.005491858560554967,0.008249312557286892,0.013560356519218416
21600315412,0.061181231332498316,0.052703941338221816,-0.01355464671032716
21603215410,0.17670295789575102,0.16315307057745188,-0.013530331530933923
21603216410,0.17670295789575102,0.16315307057745188,-0.013530331530933923
21602795412,0.20416225069852587,0.21860678276810266,0.013515048575316234
21603813413,0.0029868002697755083,0.005041246562786435,0.013483121766966795
1114220410,0.03044609307255034,0.03666361136571952,0.013480889572617718
1137460412,0.005877252143751807,0.008707607699358386,0.013479582465969807
950933410,0.005202813373157337,0.002749770852428964,-0.013479140574122023
1149196413,0.004046632623566818,0.006416131989000917,0.013474909724274483
914335413,0.003950284227767608,0.0018331805682859762,-0.013424812161815645
918906413,0.014163214182483862,0.01008249312557287,-0.01341924195328253
40171093412,4.817419789960497e-4,0.001374885426214482,0.01341243367736659
40171925410,4.817419789960497e-4,0.001374885426214482,0.01341243367736659
705755413,4.817419789960497e-4,0.001374885426214482,0.013412433677366586
1378382413,4.817419789960497e-4,0.001374885426214482,0.013412433677366586
19008897413,4.817419789960497e-4,0.001374885426214482,0.013412433677366586
21602311412,4.817419789960497e-4,0.001374885426214482,0.013412433677366586
21603722413,4.817419789960497e-4,0.001374885426214482,0.013412433677366586
40161228413,4.817419789960497e-4,0.001374885426214482,0.013412433677366586
40170876412,4.817419789960497e-4,0.001374885426214482,0.013412433677366584
980311410,4.817419789960497e-4,0.001374885426214482,0.013412433677366581
21601997410,4.817419789960497e-4,0.001374885426214482,0.013412433677366581
21601998410,4.817419789960497e-4,0.001374885426214482,0.013412433677366581
21601853413,0.27141343096637444,0.25572868927589365,-0.013405480669452616
21601854413,0.27141343096637444,0.25572868927589365,-0.013405480669452616
974166410,0.5638308122169766,0.5462878093492209,-0.013392075770876609
978555412,0.008671355621928894,0.005499541704857928,-0.013389709373324286
735979412,0.021003950284227767,0.016040329972502293,-0.013385964774275661
21604180413,0.459389151170633,0.44179651695692024,-0.013381486331398506
21604499413,0.027170247615377206,0.02153987167736022,-0.01335659745934303
1036094410,0.008093265247133635,0.005041246562786435,-0.013346486552214196
40161077410,0.006358994122747856,0.0036663611365719525,-0.013330221786317792
40160939410,0.006358994122747856,0.0036663611365719525,-0.01333022178631779
21601194412,0.029193563927160614,0.023373052245646196,-0.013324784408444097
1316262410,0.006937084497543116,0.004124656278643446,-0.013311799687033334
1746114410,0.0013488775411889392,0.002749770852428964,0.01331156475135434
19059547413,0.0013488775411889392,0.002749770852428964,0.01331156475135434
40170774410,0.0013488775411889392,0.002749770852428964,0.013311564751354338
21603709410,0.01888428557664515,0.014207149404216315,-0.013302101055104716
751889410,0.0026014066865786686,9.165902841429881e-4,-0.01329990439078124
1360421413,0.0026014066865786686,9.165902841429881e-4,-0.01329990439078124
21603148412,0.0026014066865786686,9.165902841429881e-4,-0.01329990439078124
951237410,0.003275845457173138,0.001374885426214482,-0.013289410700209052
21604886412,0.008575007226129685,0.011915673693858845,0.013288453114455081
1351541410,0.008189613642932846,0.011457378551787351,0.013287934378581454
21601153410,0.16793525387802294,0.15490375802016498,-0.01327953041565261
21600316412,0.06098853454089989,0.052703941338221816,-0.013263111368780282
741530410,0.028133731573369302,0.022456461961503207,-0.013235241064724058
21600693410,0.028133731573369302,0.022456461961503207,-0.013235241064724058
21601664413,0.17236728008478658,0.1856095325389551,0.013213629682426415
21601665413,0.17236728008478658,0.1856095325389551,0.013213629682426415
715939412,0.004528374602562868,0.00229147571035747,-0.01319892361337807
21603444413,0.0513536949609789,0.05912007332722273,0.01316859517790703
21603445413,0.0513536949609789,0.05912007332722273,0.01316859517790703
21601119412,0.011369110704306773,0.007791017415215398,-0.013146926339558463
700299412,0.01984776953463725,0.015123739688359304,-0.013100208541135194
1236493412,0.0010598323537913093,0.00229147571035747,0.01308262140342951
19086790410,0.0010598323537913093,0.00229147571035747,0.01308262140342951
40162204412,0.0010598323537913093,0.00229147571035747,0.01308262140342951
916282413,0.0010598323537913093,0.00229147571035747,0.013082621403429508
1036525413,0.0010598323537913093,0.00229147571035747,0.013082621403429508
21602723412,0.11687060410444167,0.10586617781851512,-0.013070588296434484
703244410,0.005106464977358127,0.002749770852428964,-0.01305847900498065
751412412,0.005106464977358127,0.002749770852428964,-0.01305847900498065
19051463410,0.005106464977358127,0.002749770852428964,-0.01305847900498065
1111220410,0.005106464977358127,0.002749770852428964,-0.013058479004980646
923840410,0.008575007226129685,0.005499541704857928,-0.013046568042325287
21602779412,0.008575007226129685,0.005499541704857928,-0.013046568042325287
916943413,0.001830619520184989,4.5829514207149406e-4,-0.013040097109857582
722031413,0.001830619520184989,4.5829514207149406e-4,-0.01304009710985758
757688413,0.001830619520184989,4.5829514207149406e-4,-0.01304009710985758
21600269413,0.001830619520184989,4.5829514207149406e-4,-0.01304009710985758
735340412,7.707871663936795e-4,0.0018331805682859762,0.013028526816963024
948555412,7.707871663936795e-4,0.0018331805682859762,0.013028526816963024
948787413,7.707871663936795e-4,0.0018331805682859762,0.013028526816963024
974140410,7.707871663936795e-4,0.0018331805682859762,0.013028526816963024
1309799413,7.707871663936795e-4,0.0018331805682859762,0.013028526816963024
1377141412,7.707871663936795e-4,0.0018331805682859762,0.013028526816963024
19027080413,7.707871663936795e-4,0.0018331805682859762,0.013028526816963024
21600169412,7.707871663936795e-4,0.0018331805682859762,0.013028526816963024
21601445413,7.707871663936795e-4,0.0018331805682859762,0.013028526816963024
40161103412,7.707871663936795e-4,0.0018331805682859762,0.013028526816963024
40174268410,7.707871663936795e-4,0.0018331805682859762,0.013028526816963024
21602628410,0.1638886212544561,0.15123739688359303,-0.013018727594726798
40223294410,0.0026977550823778784,0.00458295142071494,0.013005160851753293
1552310410,0.007996916851334425,0.005041246562786435,-0.012993202544291926
19087090410,0.015608440119472012,0.011457378551787351,-0.012986390106516067
21604470410,0.015608440119472012,0.011457378551787351,-0.012986390106516067
19076414410,0.0037575874361691877,0.005957836846929423,0.012982671681853485
978555413,0.005684555352153386,0.0032080659945004585,-0.012977812554072606
21603731410,0.005684555352153386,0.0032080659945004585,-0.012977812554072602
21604391410,0.08122169765873398,0.07195233730522456,-0.012973501146027097
40170937410,0.002023316311783409,0.0036663611365719525,0.012970160456572235
21602240410,0.002023316311783409,0.0036663611365719525,0.01297016045657223
40173211410,0.0038539358319683976,0.0018331805682859762,-0.0129581315175374
1309188410,0.0038539358319683976,0.0018331805682859762,-0.012958131517537398
1360421412,0.0038539358319683976,0.0018331805682859762,-0.012958131517537398
19022446410,0.007418826476539166,0.00458295142071494,-0.012954770556216633
40172365410,9.634839579920994e-4,0,-0.012942269898229483
739323410,9.634839579920994e-4,0,-0.012942269898229481
928006412,9.634839579920994e-4,0,-0.012942269898229481
1344381412,9.634839579920994e-4,0,-0.012942269898229481
19097867410,9.634839579920994e-4,0,-0.012942269898229481
21602377412,9.634839579920994e-4,0,-0.012942269898229481
21603834413,9.634839579920994e-4,0,-0.012942269898229481
40161714412,9.634839579920994e-4,0,-0.012942269898229481
40173211413,9.634839579920994e-4,0,-0.012942269898229481
40226707410,9.634839579920994e-4,0,-0.012942269898229481
729855410,9.634839579920994e-4,0,-0.01294226989822948
1567198413,9.634839579920994e-4,0,-0.01294226989822948
19020994410,9.634839579920994e-4,0,-0.01294226989822948
19027362412,9.634839579920994e-4,0,-0.01294226989822948
19078649410,9.634839579920994e-4,0,-0.01294226989822948
21600434410,9.634839579920994e-4,0,-0.01294226989822948
21604089410,9.634839579920994e-4,0,-0.01294226989822948
40161589410,9.634839579920994e-4,0,-0.01294226989822948
40162120412,9.634839579920994e-4,0,-0.01294226989822948
40176004410,9.634839579920994e-4,0,-0.01294226989822948
724816410,0.013392427016090181,0.017415215398716773,0.012930496811115681
1154343410,0.17323441564697947,0.1604032997250229,-0.012911136867676047
21600002410,0.3826958281144619,0.36617781851512377,-0.012894051668072873
21600003410,0.3826958281144619,0.36617781851512377,-0.012894051668072873
21601745410,0.4108295596878312,0.39413382218148485,-0.012870851686450933
21601237412,0.8085557375469699,0.7951420714940421,-0.012857363640851601
704984412,0.011272762308507564,0.007791017415215398,-0.012840044475033553
708298412,0.007900568455535216,0.010999083409715857,0.012833169399099361
21604091413,0.035359861258310046,0.04170485792850596,0.012824996993439695
1328165413,0.03747952596589267,0.043996333638863426,0.012814675455343729
21601770413,0.03747952596589267,0.043996333638863426,0.012814675455343729
1301125410,0.03699778398689662,0.0307057745187901,-0.012812508132549954
21601136413,0.018691588785046728,0.014207149404216315,-0.012809578734250149
708298410,0.058868869833317274,0.06691109074243813,0.012803201699902244
21600892412,0.003179497061373928,0.001374885426214482,-0.012789358596839164
21602698410,0.003179497061373928,0.001374885426214482,-0.012789358596839164
19058896412,0.003179497061373928,0.001374885426214482,-0.01278935859683916
21601746410,0.4102514693130359,0.3936755270394134,-0.012781224523107012
1102527410,0.03747952596589267,0.031164069660861594,-0.012778718588971985
21604825413,0.0025050582907794583,9.165902841429881e-4,-0.012760775426824645
742185413,0.0025050582907794583,9.165902841429881e-4,-0.012760775426824644
923829410,0.0025050582907794583,9.165902841429881e-4,-0.012760775426824644
1115572413,0.0025050582907794583,9.165902841429881e-4,-0.012760775426824644
40172539410,0.0025050582907794583,9.165902841429881e-4,-0.012760775426824644
40171317410,0.0025050582907794583,9.165902841429881e-4,-0.01276077542682464
1139993413,0.004432026206763658,0.00229147571035747,-0.012753132259573948
21601964410,0.023316311783408806,0.01833180568285976,-0.012747388065541007
21601965410,0.023316311783408806,0.01833180568285976,-0.012747388065541007
21602722412,0.11706330089604008,0.10632447296058661,-0.012743612323019014
21601136412,0.04094806821466423,0.034372135655362054,-0.012743414773139549
1129625413,0.010694671933712303,0.007332722273143905,-0.012731777592090765
21602004413,0.010694671933712303,0.007332722273143905,-0.012731777592090765
21602968413,0.011850852683302823,0.015582034830430797,0.012723918388233437
21603479410,0.0921090663840447,0.08249312557286893,-0.012702220296592579
1345858413,0.003083148665574718,0.005041246562786435,0.012700997447127833
1143374413,0.003083148665574718,0.005041246562786435,0.012700997447127832
21603303413,0.003083148665574718,0.005041246562786435,0.012700997447127832
985247410,0.008478658830330475,0.005499541704857928,-0.012700366657478703
21600055410,0.008478658830330475,0.005499541704857928,-0.012700366657478703
1345858412,0.004528374602562868,0.0068744271310724105,0.012682631737647315
21603366410,0.2073417477598998,0.193858845096242,-0.012653309493994526
21601329410,0.010116581558917044,0.0068744271310724105,-0.012627592486187604
21604364410,0.11407650062626458,0.10357470210815765,-0.012603824484844598
21603328412,0.09827536371519414,0.08845096241979836,-0.012601468518910162
1836503410,0.021196647075826188,0.016498625114573784,-0.01259677522716512
798874410,0.07900568455535216,0.07011915673693858,-0.01259437355240592
21604414410,0.07900568455535216,0.07011915673693858,-0.01259437355240592
735979410,0.0920127179882455,0.08249312557286893,-0.012579936322500627
1539403413,0.08671355621928895,0.07745187901008249,-0.012575003325996188
1350489410,0.08767704017728105,0.07836846929422549,-0.012574894446042517
21604069413,0.03632334521630215,0.042621448212648946,0.012572882248021928
40161048410,0.0055882069563541765,0.0032080659945004585,-0.012567984055458609
1236744410,0.03786491954908951,0.03162236480293309,-0.012565268195427179
1154029410,0.0590615666249157,0.051329055912007336,-0.0125618666233574
21604200410,0.0590615666249157,0.051329055912007336,-0.0125618666233574
705944410,0.01859524038924752,0.014207149404216315,-0.012561802512438668
21602002410,0.20580017342711243,0.1924839596700275,-0.012531322758508757
21602003410,0.20580017342711243,0.1924839596700275,-0.012531322758508757
714785413,0.001734271124385779,0.0032080659945004585,0.01252831526611634
1331247413,0.001734271124385779,0.0032080659945004585,0.01252831526611634
1707687412,0.001734271124385779,0.0032080659945004585,0.01252831526611634
21601574413,0.001734271124385779,0.0032080659945004585,0.01252831526611634
21601964413,0.001734271124385779,0.0032080659945004585,0.01252831526611634
21601965413,0.001734271124385779,0.0032080659945004585,0.01252831526611634
21602628413,0.023219963387609597,0.01833180568285976,-0.012522700523355728
704599413,0.0024087098949802485,0.004124656278643446,0.012512550568542072
1236607413,0.0024087098949802485,0.004124656278643446,0.01251255056854207
960988410,0.005299161768956547,0.007791017415215398,0.012505409799253086
1149380413,0.0037575874361691877,0.0018331805682859762,-0.012482464105101483
21604928410,0.0037575874361691877,0.0018331805682859762,-0.012482464105101483
21600788413,0.0037575874361691877,0.0018331805682859762,-0.012482464105101482
21601875413,0.0164755756816649,0.01237396883593034,-0.012475691548547078
1506602413,0.005684555352153386,0.008249312557286892,0.012448847450039494
905531412,0.001734271124385779,4.5829514207149406e-4,-0.012439056204807642
1181809413,0.001734271124385779,4.5829514207149406e-4,-0.012439056204807642
1746244410,0.001734271124385779,4.5829514207149406e-4,-0.012439056204807642
40170408410,0.001734271124385779,4.5829514207149406e-4,-0.012439056204807642
40170862410,0.001734271124385779,4.5829514207149406e-4,-0.012439056204807642
997881412,0.008960400809326525,0.005957836846929423,-0.012435767627677103
1308738412,0.008960400809326525,0.005957836846929423,-0.012435767627677103
21601120412,0.008960400809326525,0.005957836846929423,-0.012435767627677103
21602304412,0.008960400809326525,0.005957836846929423,-0.012435767627677103
21604557412,0.025725021678389054,0.020623281393217233,-0.012419264052170554
1510813413,0.010598323537913094,0.007332722273143905,-0.012415382878279056
703547413,0.018017150014452258,0.022456461961503207,0.012387148021743339
21600596410,0.020907601888428558,0.025664527956003668,0.012359747708715734
1501617410,0.011658155891704403,0.008249312557286892,-0.01234550923426844
21604491412,0.011658155891704403,0.008249312557286892,-0.01234550923426844
1367571412,0.022160131033818288,0.027039413382218148,0.01232975606495011
904639410,0.01849889199344831,0.014207149404216315,-0.012313002864910518
21604365410,0.012717988245495712,0.00916590284142988,-0.012308307619992668
21601765413,0.06696213508045092,0.07516040329972502,0.012305538489217982
1351557413,0.011561807495905194,0.015123739688359304,0.012302522527302628
21602292412,0.004335677810964447,0.00229147571035747,-0.012299797038562587
915175410,0.039213797090278446,0.03299725022914757,-0.012297509549074583
21603327412,0.10473070623374121,0.09486709440879927,-0.012293337825705491
21601461410,0.7411118604875229,0.7268560953253895,-0.012292296753146019
950435412,0.003083148665574718,0.001374885426214482,-0.012277775796959399
990009413,0.003083148665574718,0.001374885426214482,-0.012277775796959395
956266412,8.671355621928895e-4,0,-0.012277626191573302
958396410,8.671355621928895e-4,0,-0.012277626191573302
1701651410,8.671355621928895e-4,0,-0.012277626191573302
1724827410,8.671355621928895e-4,0,-0.012277626191573302
19017805410,8.671355621928895e-4,0,-0.012277626191573302
19045644410,8.671355621928895e-4,0,-0.012277626191573302
19052903412,8.671355621928895e-4,0,-0.012277626191573302
19073031412,8.671355621928895e-4,0,-0.012277626191573302
19095802410,8.671355621928895e-4,0,-0.012277626191573302
21600306410,8.671355621928895e-4,0,-0.012277626191573302
21601033410,8.671355621928895e-4,0,-0.012277626191573302
40170576410,8.671355621928895e-4,0,-0.012277626191573302
40170786410,8.671355621928895e-4,0,-0.012277626191573302
40171297413,8.671355621928895e-4,0,-0.012277626191573302
40173511413,8.671355621928895e-4,0,-0.012277626191573302
40175341410,8.671355621928895e-4,0,-0.012277626191573302
40175625412,8.671355621928895e-4,0,-0.012277626191573302
40224069412,8.671355621928895e-4,0,-0.012277626191573302
532274410,8.671355621928895e-4,0,-0.0122776261915733
702774412,8.671355621928895e-4,0,-0.0122776261915733
703244412,8.671355621928895e-4,0,-0.0122776261915733
717607412,8.671355621928895e-4,0,-0.0122776261915733
759401410,8.671355621928895e-4,0,-0.0122776261915733
916460413,8.671355621928895e-4,0,-0.0122776261915733
954853413,8.671355621928895e-4,0,-0.0122776261915733
1715472412,8.671355621928895e-4,0,-0.0122776261915733
1769389410,8.671355621928895e-4,0,-0.0122776261915733
21601364410,8.671355621928895e-4,0,-0.0122776261915733
40171301412,8.671355621928895e-4,0,-0.0122776261915733
40226762410,8.671355621928895e-4,0,-0.0122776261915733
778711413,0.007804220059736006,0.005041246562786435,-0.012276430854230667
1326303413,0.025146931303593797,0.02016498625114574,-0.012262521067696729
21601239413,0.025146931303593797,0.02016498625114574,-0.012262521067696729
21601240413,0.025146931303593797,0.02016498625114574,-0.012262521067696729
40173511410,0.007226129684940746,0.00458295142071494,-0.012214745917095756
1126658413,0.0024087098949802485,9.165902841429881e-4,-0.012206243803274053
1186087410,0.0024087098949802485,9.165902841429881e-4,-0.012206243803274053
1301152410,0.0024087098949802485,9.165902841429881e-4,-0.012206243803274053
1711523410,0.0024087098949802485,9.165902841429881e-4,-0.012206243803274053
21601968413,0.0024087098949802485,9.165902841429881e-4,-0.012206243803274052
40170588410,0.0024087098949802485,9.165902841429881e-4,-0.012206243803274052
21602984412,0.009442142788322574,0.006416131989000917,-0.012195492905965322
989301410,0.005491858560554967,0.0032080659945004585,-0.012152591849206832
40162087410,0.005491858560554967,0.0032080659945004585,-0.012152591849206832
757627410,0.028133731573369302,0.022914757103574702,-0.012149528274123633
21601968410,0.026110415261585893,0.021081576535288724,-0.012147350019918363
734354412,0.022545524617015127,0.017873510540788267,-0.012139123974901009
1383925413,0.021003950284227767,0.016498625114573784,-0.012126579322733191
21600492410,0.09548126023701706,0.08615948670944087,-0.012109814300828227
19079204412,0.0014452259369881492,0.002749770852428964,0.012097781877391444
1381661410,0.008864052413527316,0.005957836846929423,-0.012093416336158907
21601745413,0.07380287118219482,0.06553620531622364,-0.012087968888245513
1363053410,0.10598323537913094,0.09624197983501374,-0.012075047709276842
21604729410,0.36776182676558433,0.3524289642529789,-0.01206551876653857
21600596412,0.004624722998362077,0.0068744271310724105,0.012065352099946044
21600004412,0.011561807495905194,0.008249312557286892,-0.012039475482323007
778711412,0.01474130455727912,0.010999083409715857,-0.012028666191847273
911735412,0.012621639849696503,0.00916590284142988,-0.01201355244653665
21602119413,0.013681472203487812,0.01008249312557287,-0.012011693073318836
40161726410,0.0021196647075826186,0.0036663611365719525,0.012004849492555715
1185922413,0.0021196647075826186,0.0036663611365719525,0.012004849492555713
1750461410,0.003661239040369978,0.0018331805682859762,-0.011997361556782628
19044317410,0.003661239040369978,0.0018331805682859762,-0.011997361556782628
21604929410,0.003661239040369978,0.0018331805682859762,-0.011997361556782628
40223846410,0.003661239040369978,0.0018331805682859762,-0.011997361556782628
798874413,0.009923884767318624,0.0068744271310724105,-0.011976341722865678
21604414413,0.009923884767318624,0.0068744271310724105,-0.011976341722865678
1592085412,0.11638886212544561,0.10632447296058661,-0.011968490631841373
21601746413,0.07370652278639561,0.06553620531622364,-0.011953147086767526
21603196412,0.008093265247133635,0.010999083409715857,0.011924074787976068
703083412,2.8904518739762984e-4,9.165902841429881e-4,0.01191898886462413
19053746410,2.8904518739762984e-4,9.165902841429881e-4,0.01191898886462413
21602684410,2.8904518739762984e-4,9.165902841429881e-4,0.01191898886462413
40162029413,2.8904518739762984e-4,9.165902841429881e-4,0.01191898886462413
40170898412,2.8904518739762984e-4,9.165902841429881e-4,0.01191898886462413
40171925412,2.8904518739762984e-4,9.165902841429881e-4,0.01191898886462413
1188114413,2.8904518739762984e-4,9.165902841429881e-4,0.011918988864624128
1366237413,2.8904518739762984e-4,9.165902841429881e-4,0.011918988864624128
1400498412,2.8904518739762984e-4,9.165902841429881e-4,0.011918988864624128
1502905412,2.8904518739762984e-4,9.165902841429881e-4,0.011918988864624128
1525866410,2.8904518739762984e-4,9.165902841429881e-4,0.011918988864624128
1781733413,2.8904518739762984e-4,9.165902841429881e-4,0.011918988864624128
1798476410,2.8904518739762984e-4,9.165902841429881e-4,0.011918988864624128
19006951410,2.8904518739762984e-4,9.165902841429881e-4,0.011918988864624128
19051035410,2.8904518739762984e-4,9.165902841429881e-4,0.011918988864624128
19072699410,2.8904518739762984e-4,9.165902841429881e-4,0.011918988864624128
19076414413,2.8904518739762984e-4,9.165902841429881e-4,0.011918988864624128
19092684410,2.8904518739762984e-4,9.165902841429881e-4,0.011918988864624128
21602311413,2.8904518739762984e-4,9.165902841429881e-4,0.011918988864624128
21603814410,2.8904518739762984e-4,9.165902841429881e-4,0.011918988864624128
40161602410,2.8904518739762984e-4,9.165902841429881e-4,0.011918988864624128
40162136413,2.8904518739762984e-4,9.165902841429881e-4,0.011918988864624128
40169140412,2.8904518739762984e-4,9.165902841429881e-4,0.011918988864624128
40170509410,2.8904518739762984e-4,9.165902841429881e-4,0.011918988864624128
40171183412,2.8904518739762984e-4,9.165902841429881e-4,0.011918988864624128
40172135412,2.8904518739762984e-4,9.165902841429881e-4,0.011918988864624128
40172321413,2.8904518739762984e-4,9.165902841429881e-4,0.011918988864624128
40172466412,2.8904518739762984e-4,9.165902841429881e-4,0.011918988864624128
40227400412,2.8904518739762984e-4,9.165902841429881e-4,0.011918988864624128
1395557410,2.8904518739762984e-4,9.165902841429881e-4,0.011918988864624126
19002912410,2.8904518739762984e-4,9.165902841429881e-4,0.011918988864624126
21601587410,2.8904518739762984e-4,9.165902841429881e-4,0.011918988864624126
40172590412,2.8904518739762984e-4,9.165902841429881e-4,0.011918988864624126
986117412,2.8904518739762984e-4,9.165902841429881e-4,0.011918988864624124
1796458413,2.8904518739762984e-4,9.165902841429881e-4,0.011918988864624124
19069022410,0.04788515271220734,0.04124656278643447,-0.011916323756537738
1549080413,0.007707871663936795,0.005041246562786435,-0.01191278130420287
21600269410,0.01522304653627517,0.011457378551787351,-0.01190683597831475
1836430413,0.005780903747952597,0.008249312557286892,0.011904617068408683
21602795410,0.6492918392908759,0.6342804766269478,-0.011897983734324871
21603006413,0.012043549474901242,0.008707607699358386,-0.011872276552289328
21603007413,0.012043549474901242,0.008707607699358386,-0.011872276552289328
21604092413,0.015319394932074381,0.01924839596700275,0.011862603325097752
917006413,0.004239329415165237,0.00229147571035747,-0.011838592094289628
1549686413,0.004239329415165237,0.00229147571035747,-0.011838592094289628
1308842413,0.024954234511995375,0.02016498625114574,-0.01182609481332149
21604686413,0.19423836593120725,0.18194317140238314,-0.011824196630348963
711714412,0.001637922728586569,4.5829514207149406e-4,-0.01181443849478223
1152134410,0.001637922728586569,4.5829514207149406e-4,-0.01181443849478223
1502826413,0.001637922728586569,4.5829514207149406e-4,-0.01181443849478223
21603834412,0.001637922728586569,4.5829514207149406e-4,-0.01181443849478223
21604125412,0.001637922728586569,4.5829514207149406e-4,-0.01181443849478223
21604126412,0.001637922728586569,4.5829514207149406e-4,-0.01181443849478223
40172722410,0.001637922728586569,4.5829514207149406e-4,-0.01181443849478223
1736971410,0.001637922728586569,4.5829514207149406e-4,-0.011814438494782229
40170385410,0.001637922728586569,4.5829514207149406e-4,-0.011814438494782229
40226521410,0.001637922728586569,4.5829514207149406e-4,-0.011814438494782229
1334456410,0.07746411022256479,0.0692025664527956,-0.011809278596262268
21604557410,0.11195683591868195,0.10219981668194317,-0.011801961867472458
727835410,0.006551690914346276,0.004124656278643446,-0.011780368089171211
21600593410,0.006551690914346276,0.004124656278643446,-0.011780368089171211
21601628410,0.006551690914346276,0.004124656278643446,-0.011780368089171211
21603503412,0.01657192407746411,0.020623281393217233,0.011780069529626652
21602195410,0.09856440890259177,0.08936755270394134,-0.01177489152308238
21602196410,0.09856440890259177,0.08936755270394134,-0.01177489152308238
836654410,0.004817419789960497,0.002749770852428964,-0.011758341521912657
40161488410,0.004817419789960497,0.002749770852428964,-0.011758341521912657
40162187410,0.004817419789960497,0.002749770852428964,-0.011758341521912657
40171297410,0.0029868002697755083,0.001374885426214482,-0.011753960487497191
21604709410,0.3363522497350419,0.32172318973418884,-0.011752987744905253
21600264410,0.014644956161479912,0.010999083409715857,-0.011751743306175226
21600972413,0.014644956161479912,0.010999083409715857,-0.011751743306175226
21601153412,0.0329511513633298,0.027497708524289642,-0.0117385360679052
40161256410,0.005395510164755757,0.0032080659945004585,-0.011731446695307604
735979413,0.011465459100105983,0.008249312557286892,-0.011731402977362155
21602628412,0.039888235860872916,0.03391384051329056,-0.011713362284453797
21603617410,0.3274881973215146,0.31301558203483043,-0.0117069382890253
40172202410,0.0011561807495905194,0.00229147571035747,0.011699609215423635
733896410,0.0011561807495905194,0.00229147571035747,0.011699609215423633
1776430413,0.0011561807495905194,0.00229147571035747,0.011699609215423633
19009405410,0.0011561807495905194,0.00229147571035747,0.011699609215423633
1307046410,0.23952211195683593,0.22639780018331807,-0.011688751228907626
1163944410,0.20300606994893536,0.19065077910174152,-0.011683578515931515
956874413,0.04229694575585317,0.04857928505957837,0.011682836711620594
21603367410,0.2062819154061085,0.193858845096242,-0.011677240256162884
941258412,0.008189613642932846,0.005499541704857928,-0.01164271953925237
925636410,0.0025050582907794583,0.004124656278643446,0.011640513310845346
40172485410,0.0023123614991810387,9.165902841429881e-4,-0.011635110805885305
40172684410,0.0023123614991810387,9.165902841429881e-4,-0.011635110805885305
1560305413,0.0023123614991810387,9.165902841429881e-4,-0.011635110805885304
1580747413,0.0023123614991810387,9.165902841429881e-4,-0.011635110805885304
21600783413,0.0023123614991810387,9.165902841429881e-4,-0.011635110805885304
1636780412,0.009345794392523364,0.01237396883593034,0.011604257551484367
907553412,7.707871663936795e-4,0,-0.011574995910026755
1300978413,7.707871663936795e-4,0,-0.011574995910026755
1349025410,7.707871663936795e-4,0,-0.011574995910026755
40224734410,7.707871663936795e-4,0,-0.011574995910026755
730548412,7.707871663936795e-4,0,-0.011574995910026753
732309413,7.707871663936795e-4,0,-0.011574995910026753
903459412,7.707871663936795e-4,0,-0.011574995910026753
919839410,7.707871663936795e-4,0,-0.011574995910026753
922024410,7.707871663936795e-4,0,-0.011574995910026753
958999412,7.707871663936795e-4,0,-0.011574995910026753
1000995413,7.707871663936795e-4,0,-0.011574995910026753
1325608412,7.707871663936795e-4,0,-0.011574995910026753
1360332413,7.707871663936795e-4,0,-0.011574995910026753
1395573413,7.707871663936795e-4,0,-0.011574995910026753
19000732413,7.707871663936795e-4,0,-0.011574995910026753
19005061410,7.707871663936795e-4,0,-0.011574995910026753
19036946410,7.707871663936795e-4,0,-0.011574995910026753
19090244410,7.707871663936795e-4,0,-0.011574995910026753
21600403410,7.707871663936795e-4,0,-0.011574995910026753
21601986410,7.707871663936795e-4,0,-0.011574995910026753
21601988410,7.707871663936795e-4,0,-0.011574995910026753
21604354410,7.707871663936795e-4,0,-0.011574995910026753
40167465412,7.707871663936795e-4,0,-0.011574995910026753
40170916412,7.707871663936795e-4,0,-0.011574995910026753
40173620410,7.707871663936795e-4,0,-0.011574995910026753
40175309410,7.707871663936795e-4,0,-0.011574995910026753
40222116413,7.707871663936795e-4,0,-0.011574995910026753
40224069413,7.707871663936795e-4,0,-0.011574995910026753
916751410,7.707871663936795e-4,0,-0.011574995910026751
955372412,7.707871663936795e-4,0,-0.011574995910026751
19045045412,7.707871663936795e-4,0,-0.011574995910026751
21604976410,7.707871663936795e-4,0,-0.011574995910026751
40223750412,7.707871663936795e-4,0,-0.011574995910026751
21600191410,0.08642451103189132,0.07791017415215398,-0.011570127706337327
21604687410,0.44917622121591677,0.43400549954170486,-0.011561488941765553
21600394412,0.01820984680605068,0.014207149404216315,-0.011560360352069773
1328165410,0.26409095288563444,0.2506874427131072,-0.01155174631933284
21601770410,0.26409095288563444,0.2506874427131072,-0.01155174631933284
19077884410,0.007611523268137585,0.005041246562786435,-0.011545509818949879
19080338410,0.004335677810964447,0.006416131989000917,0.011527829138849364
21602074410,0.015608440119472012,0.011915673693858845,-0.011522336030738193
21600565413,0.003564890644570768,0.0018331805682859762,-0.011502340514753505
1317967410,0.020233163117834088,0.016040329972502293,-0.011486688045958843
21601848410,0.020233163117834088,0.016040329972502293,-0.011486688045958843
21601849410,0.020233163117834088,0.016040329972502293,-0.011486688045958843
956874412,0.0687927546006359,0.07653528872593951,0.011486266322809476
1319880412,0.001830619520184989,0.0032080659945004585,0.01148235626667485
21602311410,0.001830619520184989,0.0032080659945004585,0.01148235626667485
21601462410,0.5991906734752867,0.5843263061411549,-0.011479401920733448
21601463410,0.5991906734752867,0.5843263061411549,-0.011479401920733448
21601387410,0.15290490413334618,0.14207149404216315,-0.011462426894497085
19044337410,0.0070334328933423255,0.00458295142071494,-0.011458955042880569
21604635412,0.023316311783408806,0.027956003666361137,0.011456795121883754
1133201410,0.012428943058098083,0.00916590284142988,-0.01141861783298768
21604286410,0.012428943058098083,0.00916590284142988,-0.01141861783298768
923645410,0.2704499470083823,0.25710357470210815,-0.01141441591676368
21604208410,0.01917333076404278,0.015123739688359304,-0.011394843926805075
937791413,8.671355621928895e-4,0.0018331805682859762,0.011382654602374951
1189458410,8.671355621928895e-4,0.0018331805682859762,0.011382654602374951
1586640413,8.671355621928895e-4,0.0018331805682859762,0.011382654602374951
1768734410,8.671355621928895e-4,0.0018331805682859762,0.011382654602374951
40161610412,8.671355621928895e-4,0.0018331805682859762,0.011382654602374951
948787412,8.671355621928895e-4,0.0018331805682859762,0.01138265460237495
1110727413,8.671355621928895e-4,0.0018331805682859762,0.011382654602374948
40170834412,8.671355621928895e-4,0.0018331805682859762,0.011382654602374948
968426413,0.006648039310145486,0.00916590284142988,0.011372979655193684
1506602412,0.010598323537913094,0.013748854262144821,0.011369635703859121
903643412,0.0041429810193660275,0.00229147571035747,-0.011369169722502903
1836391410,0.0041429810193660275,0.00229147571035747,-0.011369169722502903
40161758410,0.005877252143751807,0.008249312557286892,0.011367769006460941
21602796410,0.6076693323056171,0.5930339138405133,-0.011343160290679437
21603217413,0.005877252143751807,0.0036663611365719525,-0.011332661821254522
21604255412,0.045572791213026306,0.03941338221814849,-0.011316482518192958
21602219412,0.004721071394161287,0.002749770852428964,-0.01131142742644128
964339410,0.14519703246940938,0.13473877176901924,-0.011305807864724557
21601617413,0.005299161768956547,0.0032080659945004585,-0.011304349460762338
40172670410,0.005299161768956547,0.0032080659945004585,-0.011304349460762338
939506410,0.03073513825994797,0.025664527956003668,-0.011288055679655445
528323410,0.008093265247133635,0.005499541704857928,-0.011283583709358872
40161781413,5.780903747952597e-4,0.001374885426214482,0.011281686761734409
910232410,5.780903747952597e-4,0.001374885426214482,0.011281686761734406
950183412,5.780903747952597e-4,0.001374885426214482,0.011281686761734406
19011773412,5.780903747952597e-4,0.001374885426214482,0.011281686761734406
19015395410,5.780903747952597e-4,0.001374885426214482,0.011281686761734406
21600360413,5.780903747952597e-4,0.001374885426214482,0.011281686761734406
21600363413,5.780903747952597e-4,0.001374885426214482,0.011281686761734406
21600835412,5.780903747952597e-4,0.001374885426214482,0.011281686761734406
21600836412,5.780903747952597e-4,0.001374885426214482,0.011281686761734406
21601060410,5.780903747952597e-4,0.001374885426214482,0.011281686761734406
40173720412,5.780903747952597e-4,0.001374885426214482,0.011281686761734406
596876410,5.780903747952597e-4,0.001374885426214482,0.011281686761734404
702685413,5.780903747952597e-4,0.001374885426214482,0.011281686761734404
1136422410,5.780903747952597e-4,0.001374885426214482,0.011281686761734404
1311276413,5.780903747952597e-4,0.001374885426214482,0.011281686761734404
40161583412,5.780903747952597e-4,0.001374885426214482,0.011281686761734404
40169509413,5.780903747952597e-4,0.001374885426214482,0.011281686761734404
948078413,0.012236246266499664,0.015582034830430797,0.011268856301920392
21603248413,0.09384333750843049,0.08524289642529789,-0.011254478782146584
21600033410,0.2324886790634936,0.21998166819431714,-0.011254238608511212
19095309412,0.015512091723672801,0.011915673693858845,-0.01125121532401707
21604510412,0.02013681472203488,0.016040329972502293,-0.011245249292483791
21600652413,0.01859524038924752,0.01466544454628781,-0.011225266969848017
1153013410,0.09047114365545814,0.08203483043079743,-0.011224499224467733
21605263412,0.0028904518739762985,0.001374885426214482,-0.01121714332232405
19011035412,0.0028904518739762985,0.001374885426214482,-0.011217143322324048
21600269412,0.0028904518739762985,0.001374885426214482,-0.011217143322324047
40170964410,0.0028904518739762985,0.001374885426214482,-0.011217143322324047
966956412,0.0028904518739762985,0.001374885426214482,-0.011217143322324045
724394413,0.003275845457173138,0.005041246562786435,0.011194623431392632
908523410,0.003275845457173138,0.005041246562786435,0.011194623431392632
21604111413,0.003275845457173138,0.005041246562786435,0.011194623431392632
21604456413,0.003275845457173138,0.005041246562786435,0.011194623431392632
21600081412,0.060603140957703056,0.053620531622364805,-0.011192744679998808
21600712413,0.18180942287310917,0.17048579285059579,-0.011170481973988136
1549254412,0.001541574332787359,4.5829514207149406e-4,-0.011163568623623665
977968413,0.001541574332787359,4.5829514207149406e-4,-0.011163568623623664
984801410,0.001541574332787359,4.5829514207149406e-4,-0.011163568623623664
1189220412,0.001541574332787359,4.5829514207149406e-4,-0.011163568623623664
1300978412,0.001541574332787359,4.5829514207149406e-4,-0.011163568623623664
19010482412,0.001541574332787359,4.5829514207149406e-4,-0.011163568623623664
19011064410,0.001541574332787359,4.5829514207149406e-4,-0.011163568623623664
21600583413,0.001541574332787359,4.5829514207149406e-4,-0.011163568623623664
40162066410,0.001541574332787359,4.5829514207149406e-4,-0.011163568623623664
735843410,0.001541574332787359,4.5829514207149406e-4,-0.01116356862362366
1139042410,0.001541574332787359,4.5829514207149406e-4,-0.01116356862362366
1557272410,0.07023798053762405,0.06278643446379469,-0.011142751908025054
21600490412,0.01753540803545621,0.013748854262144821,-0.011136928513693689
21600491412,0.01753540803545621,0.013748854262144821,-0.011136928513693689
1145379410,0.010212929954716255,0.007332722273143905,-0.011126441380061306
1140088412,0.010212929954716255,0.007332722273143905,-0.011126441380061304
1331235413,0.010212929954716255,0.007332722273143905,-0.011126441380061304
1539403410,0.43848154928220445,0.423923006416132,-0.011122986026000084
21600972412,0.026399460448983524,0.031164069660861594,0.011091787221779755
21602633412,0.030638789864148763,0.025664527956003668,-0.011087906900496094
21603365412,0.16196165333847193,0.15123739688359303,-0.011080007514635053
21600537412,0.006937084497543116,0.00458295142071494,-0.0110748874156062
1036525412,0.002216013103381829,0.0036663611365719525,0.011074419663959893
928744410,0.002216013103381829,0.0036663611365719525,0.011074419663959889
21600932413,0.002216013103381829,0.0036663611365719525,0.011074419663959889
21600933413,0.002216013103381829,0.0036663611365719525,0.011074419663959889
790253412,0.003661239040369978,0.005499541704857928,0.011060916952358519
40161182410,0.003661239040369978,0.005499541704857928,0.011060916952358519
21604635413,0.011080065516909144,0.014207149404216315,0.011053374154915094
1548111412,0.002216013103381829,9.165902841429881e-4,-0.011046027553443138
40161918410,0.002216013103381829,9.165902841429881e-4,-0.011046027553443138
21601434410,0.038539358319683976,0.03299725022914757,-0.011041140408903376
21601682413,0.08353405915791502,0.09165902841429881,0.011041016256961298
40161349410,0.008285962038732055,0.010999083409715857,0.011032549692014847
1135766413,0.013874168995086231,0.010540788267644362,-0.01102620512960853
21605067413,0.013874168995086231,0.010540788267644362,-0.01102620512960853
745466410,0.07929472974274979,0.07149404216315307,-0.011024398098054668
1503297413,0.0658059543308604,0.05866177818515124,-0.011013565084665496
21600745413,0.0658059543308604,0.05866177818515124,-0.011013565084665496
21600128410,0.19712881780518354,0.1856095325389551,-0.011012436800836198
1510813410,0.07592253588977743,0.06828597616865262,-0.011011723185322474
21602054410,0.23268137585509202,0.22043996333638863,-0.011011245727019357
40175898410,0.003468542248771558,0.0018331805682859762,-0.010996878908858249
40223750410,0.003468542248771558,0.0018331805682859762,-0.010996878908858247
907553410,0.003468542248771558,0.0018331805682859762,-0.010996878908858245
21605084413,0.003468542248771558,0.0018331805682859762,-0.010996878908858245
21601533413,0.024087098949802484,0.019706691109074245,-0.010995094919385183
21601875412,0.029097215531361402,0.024289642529789185,-0.010990821569184206
1548111410,0.009634839579920994,0.0068744271310724105,-0.010980327356061111
1594973410,0.11600346854224877,0.10678276810265812,-0.010975142503302405
1130863413,0.004046632623566818,0.005957836846929423,0.01096659155314618
21602019410,0.12120628191540611,0.11182401466544455,-0.010955193004984435
21603241410,0.12120628191540611,0.11182401466544455,-0.010955193004984435
938044410,0.001541574332787359,0.002749770852428964,0.010947120985666758
40161972410,0.001541574332787359,0.002749770852428964,0.010947120985666756
702865413,0.001541574332787359,0.002749770852428964,0.010947120985666754
1103006412,0.001541574332787359,0.002749770852428964,0.010947120985666754
19137377410,0.001541574332787359,0.002749770852428964,0.010947120985666754
21604593413,0.001541574332787359,0.002749770852428964,0.010947120985666754
920458412,0.0075151748723383755,0.01008249312557287,0.010944814107415763
21605010412,0.03352924173812506,0.02841429880843263,-0.010905560281919439
21602471413,0.03497446767511321,0.04032997250229148,0.010905490447836444
1792515410,0.004432026206763658,0.006416131989000917,0.010902395913122354
21600744413,0.1782445322285384,0.16727772685609532,-0.010902150246752989
21602471412,0.06175932170729358,0.06874427131072411,0.010894114435741667
21601119413,0.004046632623566818,0.00229147571035747,-0.010891158384701666
1705674413,0.006744387705944696,0.00916590284142988,0.010877282868133987
21602930413,0.006744387705944696,0.00916590284142988,0.010877282868133987
1317967412,0.005202813373157337,0.0032080659945004585,-0.01087109042328529
21601848412,0.005202813373157337,0.0032080659945004585,-0.01087109042328529
21601849412,0.005202813373157337,0.0032080659945004585,-0.01087109042328529
21602984413,0.005202813373157337,0.0032080659945004585,-0.01087109042328529
1114375410,9.634839579920994e-5,4.5829514207149406e-4,0.01086819139371735
1304850413,9.634839579920994e-5,4.5829514207149406e-4,0.01086819139371735
1503057413,9.634839579920994e-5,4.5829514207149406e-4,0.01086819139371735
1588986412,9.634839579920994e-5,4.5829514207149406e-4,0.01086819139371735
1790868410,9.634839579920994e-5,4.5829514207149406e-4,0.01086819139371735
19051513410,9.634839579920994e-5,4.5829514207149406e-4,0.01086819139371735
21602994410,9.634839579920994e-5,4.5829514207149406e-4,0.01086819139371735
21605213413,9.634839579920994e-5,4.5829514207149406e-4,0.01086819139371735
21605214413,9.634839579920994e-5,4.5829514207149406e-4,0.01086819139371735
21605215413,9.634839579920994e-5,4.5829514207149406e-4,0.01086819139371735
40170341412,9.634839579920994e-5,4.5829514207149406e-4,0.01086819139371735
40172730412,9.634839579920994e-5,4.5829514207149406e-4,0.01086819139371735
40175959413,9.634839579920994e-5,4.5829514207149406e-4,0.01086819139371735
40225031410,9.634839579920994e-5,4.5829514207149406e-4,0.01086819139371735
40225038410,9.634839579920994e-5,4.5829514207149406e-4,0.01086819139371735
40227386413,9.634839579920994e-5,4.5829514207149406e-4,0.01086819139371735
715727412,9.634839579920994e-5,4.5829514207149406e-4,0.010868191393717348
715727413,9.634839579920994e-5,4.5829514207149406e-4,0.010868191393717348
748010413,9.634839579920994e-5,4.5829514207149406e-4,0.010868191393717348
766337410,9.634839579920994e-5,4.5829514207149406e-4,0.010868191393717348
781705412,9.634839579920994e-5,4.5829514207149406e-4,0.010868191393717348
781705413,9.634839579920994e-5,4.5829514207149406e-4,0.010868191393717348
905223413,9.634839579920994e-5,4.5829514207149406e-4,0.010868191393717348
909440413,9.634839579920994e-5,4.5829514207149406e-4,0.010868191393717348
915553412,9.634839579920994e-5,4.5829514207149406e-4,0.010868191393717348
915553413,9.634839579920994e-5,4.5829514207149406e-4,0.010868191393717348
928980412,9.634839579920994e-5,4.5829514207149406e-4,0.010868191393717348
992308413,9.634839579920994e-5,4.5829514207149406e-4,0.010868191393717348
1101898413,9.634839579920994e-5,4.5829514207149406e-4,0.010868191393717348
1116031413,9.634839579920994e-5,4.5829514207149406e-4,0.010868191393717348
1304044413,9.634839579920994e-5,4.5829514207149406e-4,0.010868191393717348
1352213412,9.634839579920994e-5,4.5829514207149406e-4,0.010868191393717348
1363516410,9.634839579920994e-5,4.5829514207149406e-4,0.010868191393717348
1366773412,9.634839579920994e-5,4.5829514207149406e-4,0.010868191393717348
1378509412,9.634839579920994e-5,4.5829514207149406e-4,0.010868191393717348
1703026412,9.634839579920994e-5,4.5829514207149406e-4,0.010868191393717348
1714277412,9.634839579920994e-5,4.5829514207149406e-4,0.010868191393717348
1781314412,9.634839579920994e-5,4.5829514207149406e-4,0.010868191393717348
1786842413,9.634839579920994e-5,4.5829514207149406e-4,0.010868191393717348
19009022410,9.634839579920994e-5,4.5829514207149406e-4,0.010868191393717348
19010955412,9.634839579920994e-5,4.5829514207149406e-4,0.010868191393717348
19012346412,9.634839579920994e-5,4.5829514207149406e-4,0.010868191393717348
19018013410,9.634839579920994e-5,4.5829514207149406e-4,0.010868191393717348
19024227410,9.634839579920994e-5,4.5829514207149406e-4,0.010868191393717348
19027958412,9.634839579920994e-5,4.5829514207149406e-4,0.010868191393717348
19036892412,9.634839579920994e-5,4.5829514207149406e-4,0.010868191393717348
19041843410,9.634839579920994e-5,4.5829514207149406e-4,0.010868191393717348
19044273412,9.634839579920994e-5,4.5829514207149406e-4,0.010868191393717348
19044273413,9.634839579920994e-5,4.5829514207149406e-4,0.010868191393717348
19044812410,9.634839579920994e-5,4.5829514207149406e-4,0.010868191393717348
19054825412,9.634839579920994e-5,4.5829514207149406e-4,0.010868191393717348
19070224410,9.634839579920994e-5,4.5829514207149406e-4,0.010868191393717348
19080512410,9.634839579920994e-5,4.5829514207149406e-4,0.010868191393717348
19082871412,9.634839579920994e-5,4.5829514207149406e-4,0.010868191393717348
19090249412,9.634839579920994e-5,4.5829514207149406e-4,0.010868191393717348
19096487412,9.634839579920994e-5,4.5829514207149406e-4,0.010868191393717348
19100985410,9.634839579920994e-5,4.5829514207149406e-4,0.010868191393717348
21601060412,9.634839579920994e-5,4.5829514207149406e-4,0.010868191393717348
21601071412,9.634839579920994e-5,4.5829514207149406e-4,0.010868191393717348
40161146413,9.634839579920994e-5,4.5829514207149406e-4,0.010868191393717348
40161150412,9.634839579920994e-5,4.5829514207149406e-4,0.010868191393717348
40162037413,9.634839579920994e-5,4.5829514207149406e-4,0.010868191393717348
40165636410,9.634839579920994e-5,4.5829514207149406e-4,0.010868191393717348
40165678410,9.634839579920994e-5,4.5829514207149406e-4,0.010868191393717348
40167409413,9.634839579920994e-5,4.5829514207149406e-4,0.010868191393717348
40167574413,9.634839579920994e-5,4.5829514207149406e-4,0.010868191393717348
40167608412,9.634839579920994e-5,4.5829514207149406e-4,0.010868191393717348
40170509413,9.634839579920994e-5,4.5829514207149406e-4,0.010868191393717348
40170588413,9.634839579920994e-5,4.5829514207149406e-4,0.010868191393717348
40170656413,9.634839579920994e-5,4.5829514207149406e-4,0.010868191393717348
40171087413,9.634839579920994e-5,4.5829514207149406e-4,0.010868191393717348
40171183413,9.634839579920994e-5,4.5829514207149406e-4,0.010868191393717348
40171288412,9.634839579920994e-5,4.5829514207149406e-4,0.010868191393717348
40171288413,9.634839579920994e-5,4.5829514207149406e-4,0.010868191393717348
40172806412,9.634839579920994e-5,4.5829514207149406e-4,0.010868191393717348
40172858412,9.634839579920994e-5,4.5829514207149406e-4,0.010868191393717348
40172908412,9.634839579920994e-5,4.5829514207149406e-4,0.010868191393717348
40175863412,9.634839579920994e-5,4.5829514207149406e-4,0.010868191393717348
40175863413,9.634839579920994e-5,4.5829514207149406e-4,0.010868191393717348
40175869412,9.634839579920994e-5,4.5829514207149406e-4,0.010868191393717348
40175884413,9.634839579920994e-5,4.5829514207149406e-4,0.010868191393717348
40226650412,9.634839579920994e-5,4.5829514207149406e-4,0.010868191393717348
40226656412,9.634839579920994e-5,4.5829514207149406e-4,0.010868191393717348
40226681413,9.634839579920994e-5,4.5829514207149406e-4,0.010868191393717348
535714413,9.634839579920994e-5,4.5829514207149406e-4,0.010868191393717346
596876412,9.634839579920994e-5,4.5829514207149406e-4,0.010868191393717346
715710413,9.634839579920994e-5,4.5829514207149406e-4,0.010868191393717346
733896413,9.634839579920994e-5,4.5829514207149406e-4,0.010868191393717346
902938413,9.634839579920994e-5,4.5829514207149406e-4,0.010868191393717346
906874413,9.634839579920994e-5,4.5829514207149406e-4,0.010868191393717346
916662413,9.634839579920994e-5,4.5829514207149406e-4,0.010868191393717346
930021413,9.634839579920994e-5,4.5829514207149406e-4,0.010868191393717346
947416412,9.634839579920994e-5,4.5829514207149406e-4,0.010868191393717346
980311412,9.634839579920994e-5,4.5829514207149406e-4,0.010868191393717346
986117413,9.634839579920994e-5,4.5829514207149406e-4,0.010868191393717346
1036157413,9.634839579920994e-5,4.5829514207149406e-4,0.010868191393717346
1136422412,9.634839579920994e-5,4.5829514207149406e-4,0.010868191393717346
1163570410,9.634839579920994e-5,4.5829514207149406e-4,0.010868191393717346
1310353412,9.634839579920994e-5,4.5829514207149406e-4,0.010868191393717346
1314865413,9.634839579920994e-5,4.5829514207149406e-4,0.010868191393717346
1391889412,9.634839579920994e-5,4.5829514207149406e-4,0.010868191393717346
1512674410,9.634839579920994e-5,4.5829514207149406e-4,0.010868191393717346
1516976413,9.634839579920994e-5,4.5829514207149406e-4,0.010868191393717346
1589505412,9.634839579920994e-5,4.5829514207149406e-4,0.010868191393717346
1590165412,9.634839579920994e-5,4.5829514207149406e-4,0.010868191393717346
1590165413,9.634839579920994e-5,4.5829514207149406e-4,0.010868191393717346
1738170413,9.634839579920994e-5,4.5829514207149406e-4,0.010868191393717346
1749083412,9.634839579920994e-5,4.5829514207149406e-4,0.010868191393717346
19000498413,9.634839579920994e-5,4.5829514207149406e-4,0.010868191393717346
19005147410,9.634839579920994e-5,4.5829514207149406e-4,0.010868191393717346
19009847410,9.634839579920994e-5,4.5829514207149406e-4,0.010868191393717346
19010927413,9.634839579920994e-5,4.5829514207149406e-4,0.010868191393717346
19017895410,9.634839579920994e-5,4.5829514207149406e-4,0.010868191393717346
19033778410,9.634839579920994e-5,4.5829514207149406e-4,0.010868191393717346
19042801413,9.634839579920994e-5,4.5829514207149406e-4,0.010868191393717346
19044986410,9.634839579920994e-5,4.5829514207149406e-4,0.010868191393717346
19055153412,9.634839579920994e-5,4.5829514207149406e-4,0.010868191393717346
19060985410,9.634839579920994e-5,4.5829514207149406e-4,0.010868191393717346
19078092412,9.634839579920994e-5,4.5829514207149406e-4,0.010868191393717346
19080406410,9.634839579920994e-5,4.5829514207149406e-4,0.010868191393717346
19080550413,9.634839579920994e-5,4.5829514207149406e-4,0.010868191393717346
19089579412,9.634839579920994e-5,4.5829514207149406e-4,0.010868191393717346
19089810412,9.634839579920994e-5,4.5829514207149406e-4,0.010868191393717346
19090171410,9.634839579920994e-5,4.5829514207149406e-4,0.010868191393717346
21601047410,9.634839579920994e-5,4.5829514207149406e-4,0.010868191393717346
21601556413,9.634839579920994e-5,4.5829514207149406e-4,0.010868191393717346
21601557413,9.634839579920994e-5,4.5829514207149406e-4,0.010868191393717346
21601997412,9.634839579920994e-5,4.5829514207149406e-4,0.010868191393717346
21601998412,9.634839579920994e-5,4.5829514207149406e-4,0.010868191393717346
21602472413,9.634839579920994e-5,4.5829514207149406e-4,0.010868191393717346
21602496413,9.634839579920994e-5,4.5829514207149406e-4,0.010868191393717346
21602748413,9.634839579920994e-5,4.5829514207149406e-4,0.010868191393717346
21602749413,9.634839579920994e-5,4.5829514207149406e-4,0.010868191393717346
40161242413,9.634839579920994e-5,4.5829514207149406e-4,0.010868191393717346
40167029410,9.634839579920994e-5,4.5829514207149406e-4,0.010868191393717346
40169074412,9.634839579920994e-5,4.5829514207149406e-4,0.010868191393717346
40170448413,9.634839579920994e-5,4.5829514207149406e-4,0.010868191393717346
40172055412,9.634839579920994e-5,4.5829514207149406e-4,0.010868191393717346
40172055413,9.634839579920994e-5,4.5829514207149406e-4,0.010868191393717346
40172202413,9.634839579920994e-5,4.5829514207149406e-4,0.010868191393717346
40172287413,9.634839579920994e-5,4.5829514207149406e-4,0.010868191393717346
40172372412,9.634839579920994e-5,4.5829514207149406e-4,0.010868191393717346
40175760410,9.634839579920994e-5,4.5829514207149406e-4,0.010868191393717346
40175801413,9.634839579920994e-5,4.5829514207149406e-4,0.010868191393717346
40175807410,9.634839579920994e-5,4.5829514207149406e-4,0.010868191393717346
40175983412,9.634839579920994e-5,4.5829514207149406e-4,0.010868191393717346
40227367413,9.634839579920994e-5,4.5829514207149406e-4,0.010868191393717346
40227488413,9.634839579920994e-5,4.5829514207149406e-4,0.010868191393717346
21603126412,0.028037383177570093,0.023373052245646196,-0.010858344079906776
21603127412,0.028037383177570093,0.023373052245646196,-0.010858344079906776
21600699412,0.005202813373157337,0.007332722273143905,0.010839731707979687
1551673413,0.005973600539551017,0.008249312557286892,0.010838089847441487
21602882413,0.0055882069563541765,0.007791017415215398,0.010832780964550492
19050461410,6.744387705944696e-4,0,-0.010826985994809878
19080336410,6.744387705944696e-4,0,-0.010826985994809878
21604409412,6.744387705944696e-4,0,-0.010826985994809878
40161488413,6.744387705944696e-4,0,-0.010826985994809878
40170979412,6.744387705944696e-4,0,-0.010826985994809878
40172606410,6.744387705944696e-4,0,-0.010826985994809878
40175802410,6.744387705944696e-4,0,-0.010826985994809878
754270413,6.744387705944696e-4,0,-0.010826985994809876
905518413,6.744387705944696e-4,0,-0.010826985994809876
937712413,6.744387705944696e-4,0,-0.010826985994809876
951980410,6.744387705944696e-4,0,-0.010826985994809876
958994410,6.744387705944696e-4,0,-0.010826985994809876
977949412,6.744387705944696e-4,0,-0.010826985994809876
986417413,6.744387705944696e-4,0,-0.010826985994809876
1189697412,6.744387705944696e-4,0,-0.010826985994809876
1337068410,6.744387705944696e-4,0,-0.010826985994809876
1337159412,6.744387705944696e-4,0,-0.010826985994809876
1384360410,6.744387705944696e-4,0,-0.010826985994809876
1388796413,6.744387705944696e-4,0,-0.010826985994809876
1436650412,6.744387705944696e-4,0,-0.010826985994809876
1513843410,6.744387705944696e-4,0,-0.010826985994809876
1708100410,6.744387705944696e-4,0,-0.010826985994809876
19036797410,6.744387705944696e-4,0,-0.010826985994809876
19080368412,6.744387705944696e-4,0,-0.010826985994809876
19093848413,6.744387705944696e-4,0,-0.010826985994809876
19097605413,6.744387705944696e-4,0,-0.010826985994809876
21601446412,6.744387705944696e-4,0,-0.010826985994809876
21601562410,6.744387705944696e-4,0,-0.010826985994809876
21602598412,6.744387705944696e-4,0,-0.010826985994809876
21603089413,6.744387705944696e-4,0,-0.010826985994809876
21603172412,6.744387705944696e-4,0,-0.010826985994809876
21603728412,6.744387705944696e-4,0,-0.010826985994809876
21603731412,6.744387705944696e-4,0,-0.010826985994809876
21603771413,6.744387705944696e-4,0,-0.010826985994809876
40161593413,6.744387705944696e-4,0,-0.010826985994809876
40162033410,6.744387705944696e-4,0,-0.010826985994809876
40162108410,6.744387705944696e-4,0,-0.010826985994809876
40162200413,6.744387705944696e-4,0,-0.010826985994809876
40162239413,6.744387705944696e-4,0,-0.010826985994809876
40170466410,6.744387705944696e-4,0,-0.010826985994809876
40172441412,6.744387705944696e-4,0,-0.010826985994809876
40175871412,6.744387705944696e-4,0,-0.010826985994809876
40224997410,6.744387705944696e-4,0,-0.010826985994809876
40242103412,6.744387705944696e-4,0,-0.010826985994809876
711452412,6.744387705944696e-4,0,-0.010826985994809874
925952412,6.744387705944696e-4,0,-0.010826985994809874
1126557412,6.744387705944696e-4,0,-0.010826985994809874
1836391413,6.744387705944696e-4,0,-0.010826985994809874
19013225412,6.744387705944696e-4,0,-0.010826985994809874
19077457412,6.744387705944696e-4,0,-0.010826985994809874
19086622410,6.744387705944696e-4,0,-0.010826985994809874
21603715410,6.744387705944696e-4,0,-0.010826985994809874
40161048412,6.744387705944696e-4,0,-0.010826985994809874
40161316413,6.744387705944696e-4,0,-0.010826985994809874
40170322410,6.744387705944696e-4,0,-0.010826985994809874
40170402412,6.744387705944696e-4,0,-0.010826985994809874
40170858412,6.744387705944696e-4,0,-0.010826985994809874
40170929410,6.744387705944696e-4,0,-0.010826985994809874
40172457412,6.744387705944696e-4,0,-0.010826985994809874
40173523410,6.744387705944696e-4,0,-0.010826985994809874
40175971413,6.744387705944696e-4,0,-0.010826985994809874
40226703410,6.744387705944696e-4,0,-0.010826985994809874
929887412,0.03545620965410926,0.03024747937671861,-0.010804767961345434
1196514410,0.007418826476539166,0.005041246562786435,-0.010799743850083084
21604967410,0.007418826476539166,0.005041246562786435,-0.010799743850083083
21604968410,0.007418826476539166,0.005041246562786435,-0.010799743850083083
21604416413,0.010116581558917044,0.007332722273143905,-0.010798154404184742
1124957410,0.12390403699778399,0.1145737855178735,-0.010789804398454986
21602751410,0.48212737257924654,0.4679193400549954,-0.010774683560543397
21603327413,0.05838712785432123,0.05178735105407883,-0.010763596376119955
21604269412,0.011561807495905194,0.01466544454628781,0.010754392198225406
1741309410,0.021967434242219867,0.017873510540788267,-0.01075332169932886
21605009412,0.07332112920319876,0.06599450045829514,-0.010735202861212451
1548195412,0.024857886116196166,0.02933088909257562,0.010722681669291108
21602728413,0.05010116581558917,0.043996333638863426,-0.0107101468487919
954853410,0.006840736101743906,0.00458295142071494,-0.010686558045584105
21602796413,0.07457365834858849,0.08203483043079743,0.010675470766215134
1159811413,0.0027941034781770882,0.001374885426214482,-0.010666478490545145
1377023410,0.0027941034781770882,0.001374885426214482,-0.010666478490545145
19092849412,0.0027941034781770882,0.001374885426214482,-0.010666478490545145
21603328413,0.054918585605549665,0.04857928505957837,-0.010643232031480347
21605187413,0.009538491184121785,0.0068744271310724105,-0.01064302350242062
21603679412,0.03083148665574718,0.035747021081576534,0.010631975856270891
1360421410,0.01580113691107043,0.01237396883593034,-0.010610576949513471
21603249410,0.18826476539165624,0.1773602199816682,-0.010609295347838383
21603255410,0.18826476539165624,0.1773602199816682,-0.010609295347838383
836208410,0.0029868002697755083,0.00458295142071494,0.010601932911604616
941472410,0.0029868002697755083,0.00458295142071494,0.010601932911604616
19038562410,0.0029868002697755083,0.00458295142071494,0.010601932911604616
21602408410,0.0029868002697755083,0.00458295142071494,0.010601932911604616
21604075410,0.0029868002697755083,0.00458295142071494,0.010601932911604616
40222500410,0.0029868002697755083,0.00458295142071494,0.010601932911604614
21600409413,0.023219963387609597,0.027497708524289642,0.010597210287988434
21600410413,0.023219963387609597,0.027497708524289642,0.010597210287988434
1313200410,0.0717795548704114,0.06461961503208066,-0.010594225108526078
21604886410,0.03555255804990847,0.04078826764436297,0.010582820338238109
19010309410,0.03237306098853454,0.027497708524289642,-0.01057079128665891
1353228410,0.007900568455535216,0.005499541704857928,-0.010554975298391292
1305447412,0.01782445322285384,0.014207149404216315,-0.010541870896799439
1350310410,0.010405626746314674,0.013290559120073327,0.010523246931818832
945286412,0.028326428364967723,0.03299725022914757,0.010521241481511399
21604812412,0.028326428364967723,0.03299725022914757,0.010521241481511399
21602506410,0.08478658830330475,0.0925756186984418,0.010517750621407189
21602507410,0.08478658830330475,0.0925756186984418,0.010517750621407189
21603874410,0.005684555352153386,0.0036663611365719525,-0.010497356198854006
1318853413,0.030349744676751132,0.025664527956003668,-0.010484458524912242
1552929413,0.0014452259369881492,4.5829514207149406e-4,-0.010483263578247339
1595799413,0.0014452259369881492,4.5829514207149406e-4,-0.010483263578247339
1763779410,0.0014452259369881492,4.5829514207149406e-4,-0.010483263578247339
914533413,0.0014452259369881492,4.5829514207149406e-4,-0.010483263578247337
969444413,0.0014452259369881492,4.5829514207149406e-4,-0.010483263578247337
1197736410,0.0014452259369881492,4.5829514207149406e-4,-0.010483263578247337
21600892413,0.0014452259369881492,4.5829514207149406e-4,-0.010483263578247337
21603060413,0.0014452259369881492,4.5829514207149406e-4,-0.010483263578247337
21603986410,0.0014452259369881492,4.5829514207149406e-4,-0.010483263578247337
21604186410,0.0014452259369881492,4.5829514207149406e-4,-0.010483263578247337
21604248412,0.0014452259369881492,4.5829514207149406e-4,-0.010483263578247337
21605072413,0.0014452259369881492,4.5829514207149406e-4,-0.010483263578247337
40161203410,0.0014452259369881492,4.5829514207149406e-4,-0.010483263578247337
40161692412,0.0014452259369881492,4.5829514207149406e-4,-0.010483263578247337
40162005410,0.0014452259369881492,4.5829514207149406e-4,-0.010483263578247337
40163587410,0.0014452259369881492,4.5829514207149406e-4,-0.010483263578247337
704943413,0.007611523268137585,0.01008249312557287,0.010482210303639961
916282412,0.0019269679159841988,0.0032080659945004585,0.010479987910286167
939259412,0.0019269679159841988,0.0032080659945004585,0.010479987910286166
40170834410,0.0019269679159841988,0.0032080659945004585,0.010479987910286166
40172246410,0.0019269679159841988,0.0032080659945004585,0.010479987910286166
21604687412,0.15666249156951537,0.1466544454628781,-0.01047907646425135
21601078413,0.011080065516909144,0.008249312557286892,-0.010478054580705073
901656412,0.003372193852972348,0.005041246562786435,0.01046841276858906
1342439413,0.003372193852972348,0.005041246562786435,0.01046841276858906
906914410,0.024857886116196166,0.020623281393217233,-0.010456513052427063
21601969410,0.024857886116196166,0.020623281393217233,-0.010456513052427063
21601974410,0.024857886116196166,0.020623281393217233,-0.010456513052427063
21602323410,0.060603140957703056,0.054078826764436295,-0.010451562266085325
21602324410,0.060603140957703056,0.054078826764436295,-0.010451562266085325
21603126413,0.013681472203487812,0.010540788267644362,-0.010450729488016324
21603127413,0.013681472203487812,0.010540788267644362,-0.010450729488016324
906914413,0.0021196647075826186,9.165902841429881e-4,-0.010437468778562022
21601556410,0.0021196647075826186,9.165902841429881e-4,-0.010437468778562022
21601557410,0.0021196647075826186,9.165902841429881e-4,-0.010437468778562022
21601969413,0.0021196647075826186,9.165902841429881e-4,-0.010437468778562022
21601974413,0.0021196647075826186,9.165902841429881e-4,-0.010437468778562022
21604365412,0.0021196647075826186,9.165902841429881e-4,-0.010437468778562022
40174405410,0.0021196647075826186,9.165902841429881e-4,-0.010437468778562022
21600397410,0.08603911744869448,0.07836846929422549,-0.010436962233452678
932815413,0.005106464977358127,0.0032080659945004585,-0.010431448513216476
40167348410,0.005106464977358127,0.0032080659945004585,-0.010431448513216476
712615413,0.0012525291453897292,0.00229147571035747,0.01040546222510691
724816413,0.0012525291453897292,0.00229147571035747,0.01040546222510691
996541413,0.0012525291453897292,0.00229147571035747,0.01040546222510691
1777087413,0.0012525291453897292,0.00229147571035747,0.01040546222510691
21604820412,0.0012525291453897292,0.00229147571035747,0.01040546222510691
40161910410,0.003950284227767608,0.00229147571035747,-0.010404160493070852
21601968412,0.004528374602562868,0.002749770852428964,-0.010395669446671765
40161692410,0.004528374602562868,0.002749770852428964,-0.010395669446671764
21602723413,0.0503902110029868,0.044454628780934924,-0.010381312407275342
1116031410,0.0037575874361691877,0.005499541704857928,0.010378345764799641
21604364412,0.025821370074188266,0.02153987167736022,-0.010374054145787756
1000560410,0.07736776182676558,0.07011915673693858,-0.010356381738120125
19058896410,0.014163214182483862,0.010999083409715857,-0.010344889241219752
21601153413,0.014163214182483862,0.010999083409715857,-0.010344889241219752
21602073412,0.029289912322959823,0.02474793767186068,-0.01034129712061972
1177480413,0.025435976490991424,0.029789184234647114,0.010326849242216368
748010410,0.0041429810193660275,0.005957836846929423,0.010320753318501094
977968410,0.009442142788322574,0.0068744271310724105,-0.01030298450922756
21600583410,0.009442142788322574,0.0068744271310724105,-0.01030298450922756
40161030410,0.006744387705944696,0.00458295142071494,-0.010293851100785067
21600259410,0.006744387705944696,0.00458295142071494,-0.010293851100785064
21603365410,0.530976009249446,0.5174152153987168,-0.01029221080415097
1300673410,0.004528374602562868,0.006416131989000917,0.010288010133398844
1343916412,0.004528374602562868,0.006416131989000917,0.010288010133398844
1367500412,0.024279795741400906,0.02016498625114574,-0.010277209983565702
1636780410,0.042585990943250794,0.04812098991750687,0.010275079644112716
40161914410,0.004913768185759707,0.0068744271310724105,0.010274651169447906
1237049410,0.26023701705366603,0.24839596700274977,-0.010250865105847126
1346823410,0.11205318431448116,0.10357470210815765,-0.01024251611158055
21601783413,0.17381250602177473,0.16361136571952337,-0.010240232016756478
21601784413,0.17381250602177473,0.16361136571952337,-0.010240232016756478
969444410,0.012043549474901242,0.00916590284142988,-0.010206286114583386
21600857413,0.025243279699393006,0.021081576535288724,-0.010194822171443487
902427410,0.025917718469987475,0.03024747937671861,0.010181328373007623
795113413,0.0023123614991810387,0.0036663611365719525,0.010176313631625534
21604104413,0.0023123614991810387,0.0036663611365719525,0.010176313631625534
1000995410,0.006166297331149436,0.004124656278643446,-0.010175989349622714
1307542410,0.006166297331149436,0.004124656278643446,-0.010175989349622713
21602785412,0.006166297331149436,0.004124656278643446,-0.010175989349622713
1159811410,0.020714905096830136,0.01695692025664528,-0.010154265081903016
19095309413,0.008864052413527316,0.006416131989000917,-0.010138591534333786
1734104410,0.026784854032180363,0.031164069660861594,0.01013716870182328
19069022412,0.009923884767318624,0.007332722273143905,-0.010134006972144104
21603302412,0.06310819924848252,0.06966086159486709,0.010124959815217946
1501700410,0.45004335677810964,0.4367552703941338,-0.010124161598041507
1522957410,0.0026977550823778784,0.001374885426214482,-0.010101033267751762
21605144412,0.0026977550823778784,0.001374885426214482,-0.010101033267751762
1501617412,0.0026977550823778784,0.001374885426214482,-0.01010103326775176
21604077410,0.0026977550823778784,0.001374885426214482,-0.01010103326775176
40171183410,0.0026977550823778784,0.001374885426214482,-0.01010103326775176
21604389413,0.08864052413527315,0.08111824014665445,-0.010094468378601975
21604390413,0.08864052413527315,0.08111824014665445,-0.010094468378601975
21602752410,0.4610270738992196,0.4477543538038497,-0.010091504479473198
21602753410,0.4610270738992196,0.4477543538038497,-0.010091504479473198
21604801412,0.0513536949609789,0.05728689275893675,0.010089108496019891
1386957410,0.10145486077656807,0.10953253895508708,0.010074366108943345
40161785410,0.0055882069563541765,0.0036663611365719525,-0.01007125458863254
930916410,0.015608440119472012,0.01237396883593034,-0.010066014949830723
21603672412,0.015608440119472012,0.01237396883593034,-0.010066014949830723
1350489413,0.010116581558917044,0.012832263978001834,0.010052120060250254
1307046413,0.03709413238269583,0.04216315307057745,0.01004765339009749
1149380412,0.007226129684940746,0.005041246562786435,-0.010038384724982728
745790412,5.780903747952597e-4,0,-0.010023442048819057
950316413,5.780903747952597e-4,0,-0.010023442048819057
956691410,5.780903747952597e-4,0,-0.010023442048819057
1138050412,5.780903747952597e-4,0,-0.010023442048819057
1308290412,5.780903747952597e-4,0,-0.010023442048819057
1309770410,5.780903747952597e-4,0,-0.010023442048819057
1703069412,5.780903747952597e-4,0,-0.010023442048819057
1710281412,5.780903747952597e-4,0,-0.010023442048819057
1721543412,5.780903747952597e-4,0,-0.010023442048819057
1736887412,5.780903747952597e-4,0,-0.010023442048819057
1746244412,5.780903747952597e-4,0,-0.010023442048819057
1753745410,5.780903747952597e-4,0,-0.010023442048819057
1789428410,5.780903747952597e-4,0,-0.010023442048819057
19027015410,5.780903747952597e-4,0,-0.010023442048819057
19027362413,5.780903747952597e-4,0,-0.010023442048819057
19030860410,5.780903747952597e-4,0,-0.010023442048819057
19038024412,5.780903747952597e-4,0,-0.010023442048819057
19069873412,5.780903747952597e-4,0,-0.010023442048819057
19080274413,5.780903747952597e-4,0,-0.010023442048819057
19099126410,5.780903747952597e-4,0,-0.010023442048819057
21601034410,5.780903747952597e-4,0,-0.010023442048819057
21601427413,5.780903747952597e-4,0,-0.010023442048819057
21604536412,5.780903747952597e-4,0,-0.010023442048819057
40161532410,5.780903747952597e-4,0,-0.010023442048819057
40161583413,5.780903747952597e-4,0,-0.010023442048819057
40161754412,5.780903747952597e-4,0,-0.010023442048819057
40161801412,5.780903747952597e-4,0,-0.010023442048819057
40161861412,5.780903747952597e-4,0,-0.010023442048819057
40161910413,5.780903747952597e-4,0,-0.010023442048819057
40162243413,5.780903747952597e-4,0,-0.010023442048819057
40167666412,5.780903747952597e-4,0,-0.010023442048819057
40170420413,5.780903747952597e-4,0,-0.010023442048819057
40170458413,5.780903747952597e-4,0,-0.010023442048819057
40170759410,5.780903747952597e-4,0,-0.010023442048819057
40170840412,5.780903747952597e-4,0,-0.010023442048819057
40172198412,5.780903747952597e-4,0,-0.010023442048819057
40172449412,5.780903747952597e-4,0,-0.010023442048819057
40172684412,5.780903747952597e-4,0,-0.010023442048819057
40174671412,5.780903747952597e-4,0,-0.010023442048819057
40223116412,5.780903747952597e-4,0,-0.010023442048819057
40223116413,5.780903747952597e-4,0,-0.010023442048819057
40224770410,5.780903747952597e-4,0,-0.010023442048819057
40224992410,5.780903747952597e-4,0,-0.010023442048819057
949459412,5.780903747952597e-4,0,-0.010023442048819055
1133201413,5.780903747952597e-4,0,-0.010023442048819055
1154077412,5.780903747952597e-4,0,-0.010023442048819055
1183554413,5.780903747952597e-4,0,-0.010023442048819055
1186385412,5.780903747952597e-4,0,-0.010023442048819055
1322207410,5.780903747952597e-4,0,-0.010023442048819055
1337860410,5.780903747952597e-4,0,-0.010023442048819055
1344381413,5.780903747952597e-4,0,-0.010023442048819055
1507835410,5.780903747952597e-4,0,-0.010023442048819055
1780601413,5.780903747952597e-4,0,-0.010023442048819055
19009686410,5.780903747952597e-4,0,-0.010023442048819055
19013926410,5.780903747952597e-4,0,-0.010023442048819055
21604286413,5.780903747952597e-4,0,-0.010023442048819055
40162074412,5.780903747952597e-4,0,-0.010023442048819055
40170375412,5.780903747952597e-4,0,-0.010023442048819055
40170531412,5.780903747952597e-4,0,-0.010023442048819055
40170557410,5.780903747952597e-4,0,-0.010023442048819055
40174252412,5.780903747952597e-4,0,-0.010023442048819055
40175625413,5.780903747952597e-4,0,-0.010023442048819055
40226721412,5.780903747952597e-4,0,-0.010023442048819055
21604181410,0.16417766644185375,0.1544454628780935,-0.009995095341048867
19035704410,0.0474997591290105,0.05316223648029331,0.009988095093684458
997881413,0.005010116581558917,0.0032080659945004585,-0.0099851904870019
21602304413,0.005010116581558917,0.0032080659945004585,-0.0099851904870019
1000772410,0.01609018209846806,0.012832263978001834,-0.009984202195372478
1387104410,0.0026977550823778784,0.004124656278643446,0.009975315481109739
21601019410,0.0026977550823778784,0.004124656278643446,0.009975315481109739
19049909410,0.008285962038732055,0.005957836846929423,-0.009974703350451338
1376289410,0.007322478080739956,0.009624197983501375,0.009961919198690265
21604856412,0.01811349841025147,0.01466544454628781,-0.009958470795843577
21604801413,0.026014066865786684,0.03024747937671861,0.009940349296234212
21603890410,0.08517198188650159,0.07791017415215398,-0.00992312617023526
21603891410,0.08517198188650159,0.07791017415215398,-0.00992312617023526
1125315410,0.5729839098179015,0.5600366636113657,-0.009910106092107768
21604343410,0.5729839098179015,0.5600366636113657,-0.009910106092107768
1560305412,0.0038539358319683976,0.00229147571035747,-0.009907749934214463
1126658412,0.006648039310145486,0.00458295142071494,-0.009896645958565998
21604564412,0.09230176317564312,0.0999083409715857,0.009892914646429055
21601666410,0.40186915887850466,0.3890925756186984,-0.009882197508105707
950098413,9.634839579920994e-4,0.0018331805682859762,0.009875041732357159
21602683413,9.634839579920994e-4,0.0018331805682859762,0.009875041732357159
21602689413,9.634839579920994e-4,0.0018331805682859762,0.009875041732357159
1103518413,9.634839579920994e-4,0.0018331805682859762,0.009875041732357155
1327256410,9.634839579920994e-4,0.0018331805682859762,0.009875041732357155
21600681412,9.634839579920994e-4,0.0018331805682859762,0.009875041732357155
40174124410,9.634839579920994e-4,0.0018331805682859762,0.009875041732357155
40175870410,9.634839579920994e-4,0.0018331805682859762,0.009875041732357155
950637412,9.634839579920994e-4,0.0018331805682859762,0.009875041732357153
21601628412,9.634839579920994e-4,0.0018331805682859762,0.009875041732357153
21602337412,9.634839579920994e-4,0.0018331805682859762,0.009875041732357153
40169509412,9.634839579920994e-4,0.0018331805682859762,0.009875041732357153
40226696410,9.634839579920994e-4,0.0018331805682859762,0.009875041732357153
950098412,0.001637922728586569,0.002749770852428964,0.009853092181940868
1543229410,0.001637922728586569,0.002749770852428964,0.009853092181940868
1102917413,0.001637922728586569,0.002749770852428964,0.009853092181940866
21602682413,0.001637922728586569,0.002749770852428964,0.009853092181940866
40226622410,0.001637922728586569,0.002749770852428964,0.009853092181940866
721724410,0.09654109259080837,0.08890925756186985,-0.0098510788045151
19037624410,0.003083148665574718,0.00458295142071494,0.009843052720716877
21601888410,0.09605935061181231,0.08845096241979836,-0.009842943258174525
968426412,0.010983717121109933,0.013748854262144821,0.0098408410734419
932745412,0.010887368725310724,0.008249312557286892,-0.009838252283184233
722031410,0.01705366605646016,0.013748854262144821,-0.009834740153049948
21600565410,0.04277868773484921,0.03758020164986251,-0.009832548460322867
40161260410,0.002023316311783409,9.165902841429881e-4,-0.009807700653223426
906149410,0.002023316311783409,9.165902841429881e-4,-0.009807700653223424
922976410,0.002023316311783409,9.165902841429881e-4,-0.009807700653223424
924939412,0.002023316311783409,9.165902841429881e-4,-0.009807700653223424
1310756413,0.002023316311783409,9.165902841429881e-4,-0.009807700653223424
40172441410,0.002023316311783409,9.165902841429881e-4,-0.009807700653223424
40224210410,0.002023316311783409,9.165902841429881e-4,-0.009807700653223424
19097468410,0.002023316311783409,9.165902841429881e-4,-0.009807700653223422
713109410,0.015512091723672801,0.01237396883593034,-0.00979171229664633
21600533412,0.008767704017728105,0.006416131989000917,-0.009785419882378089
21603926412,0.008767704017728105,0.006416131989000917,-0.009785419882378089
19036781410,0.015126698140475962,0.01833180568285976,0.009773162591851655
929549412,0.0013488775411889392,4.5829514207149406e-4,-0.009769694101262471
1747005410,0.0013488775411889392,4.5829514207149406e-4,-0.009769694101262471
1757803410,0.0013488775411889392,4.5829514207149406e-4,-0.009769694101262471
19062817410,0.0013488775411889392,4.5829514207149406e-4,-0.009769694101262471
21600264413,0.0013488775411889392,4.5829514207149406e-4,-0.009769694101262471
40161052410,0.0013488775411889392,4.5829514207149406e-4,-0.009769694101262471
40167231412,0.0013488775411889392,4.5829514207149406e-4,-0.009769694101262471
938061412,0.0013488775411889392,4.5829514207149406e-4,-0.00976969410126247
948490410,0.0013488775411889392,4.5829514207149406e-4,-0.00976969410126247
954853412,0.0013488775411889392,4.5829514207149406e-4,-0.00976969410126247
1000995412,0.0013488775411889392,4.5829514207149406e-4,-0.00976969410126247
21603845410,0.0013488775411889392,4.5829514207149406e-4,-0.00976969410126247
40171157410,0.0013488775411889392,4.5829514207149406e-4,-0.00976969410126247
712757410,0.0013488775411889392,4.5829514207149406e-4,-0.009769694101262468
924309412,0.0013488775411889392,4.5829514207149406e-4,-0.009769694101262468
1116109410,0.0013488775411889392,4.5829514207149406e-4,-0.009769694101262468
19010482413,0.0013488775411889392,4.5829514207149406e-4,-0.009769694101262468
40167733412,0.0013488775411889392,4.5829514207149406e-4,-0.009769694101262468
1345205410,0.0013488775411889392,4.5829514207149406e-4,-0.009769694101262466
1707164412,0.01753540803545621,0.014207149404216315,-0.009766390472284154
21602095412,0.01753540803545621,0.014207149404216315,-0.009766390472284154
21600679410,0.03246940938433375,0.027956003666361137,-0.009762198057425573
21600680410,0.03246940938433375,0.027956003666361137,-0.009762198057425573
1103374410,0.005780903747952597,0.007791017415215398,0.009756712390127192
1383815410,0.04904133346179786,0.043538038496791935,-0.009745370075330138
21602722413,0.05048655939878601,0.044912923923006415,-0.009733398904209609
703547412,0.028230079969168514,0.03253895508707608,0.00973176991920282
21600959412,0.26100780422005976,0.24977085242896424,-0.009717174806151656
1506270410,0.10781385489931593,0.0999083409715857,-0.00971170997937759
1146810413,0.0038539358319683976,0.005499541704857928,0.009709972269949541
1236493410,0.011369110704306773,0.008707607699358386,-0.00970825298561843
40161813410,0.005010116581558917,0.0068744271310724105,0.009696951736573206
21604443410,0.22979092398111572,0.21906507791017416,-0.009686902426142716
21604146412,0.023027266596011176,0.01924839596700275,-0.009680879395031556
21604147412,0.023027266596011176,0.01924839596700275,-0.009680879395031556
21604148412,0.023027266596011176,0.01924839596700275,-0.009680879395031556
21603594413,0.012910685037094133,0.01008249312557287,-0.009675052303426478
903963412,0.02052220830523172,0.01695692025664528,-0.009671260524137795
740275413,0.007129781289141536,0.005041246562786435,-0.009651608204689476
21602104413,0.011850852683302823,0.00916590284142988,-0.009588429062381963
1185922410,0.02148569226322382,0.025206232813932174,0.009581567149272496
21600002413,0.039213797090278446,0.034372135655362054,-0.009549058114286845
21600003413,0.039213797090278446,0.034372135655362054,-0.009549058114286845
21600959410,0.6404277868773485,0.6283226397800183,-0.00954488732308023
21602818412,0.046439926775219194,0.05178735105407883,0.00953710997280811
21604752410,0.2216976587339821,0.21127406049495875,-0.009534986379107557
1154332413,0.021967434242219867,0.01833180568285976,-0.009532093586196473
523283410,0.0026014066865786686,0.001374885426214482,-0.009519775732406076
523365410,0.0026014066865786686,0.001374885426214482,-0.009519775732406076
523367410,0.0026014066865786686,0.001374885426214482,-0.009519775732406076
1152631413,0.0026014066865786686,0.001374885426214482,-0.009519775732406076
1517070410,0.0026014066865786686,0.001374885426214482,-0.009519775732406076
1738135410,0.0026014066865786686,0.001374885426214482,-0.009519775732406076
21600660413,0.0026014066865786686,0.001374885426214482,-0.009519775732406076
21600810413,0.0026014066865786686,0.001374885426214482,-0.009519775732406076
21600815413,0.0026014066865786686,0.001374885426214482,-0.009519775732406076
40161861410,0.0026014066865786686,0.001374885426214482,-0.009519775732406076
40161940410,0.0026014066865786686,0.001374885426214482,-0.009519775732406076
21603027410,0.0026014066865786686,0.001374885426214482,-0.009519775732406074
920378410,0.002023316311783409,0.0032080659945004585,0.009517550605357536
794852412,0.010791020329511514,0.008249312557286892,-0.009514939619719224
1105775410,0.07197225166200982,0.06553620531622364,-0.009503317828476668
1322184410,0.06956354176702959,0.06324472960586618,-0.00947937838350683
1529331410,0.012332594662298873,0.009624197983501375,-0.009477709302308117
19010482410,0.009731187975720205,0.007332722273143905,-0.009459446157194788
1124957412,0.022930918200211967,0.01924839596700275,-0.009450496493848513
21605032410,0.007611523268137585,0.005499541704857928,-0.0094349874944946
1168079410,0.036708738799498986,0.032080659945004586,-0.009424222621066184
1337159410,0.003179497061373928,0.0018331805682859762,-0.00941195633665592
1000560413,0.003179497061373928,0.0018331805682859762,-0.009411956336655918
19067073410,0.026881202427979575,0.022914757103574702,-0.009409356342416462
1343039412,6.744387705944696e-4,0.001374885426214482,0.009408947176700929
1703603412,6.744387705944696e-4,0.001374885426214482,0.009408947176700929
40161694413,6.744387705944696e-4,0.001374885426214482,0.009408947176700929
21602028413,6.744387705944696e-4,0.001374885426214482,0.009408947176700927
40161349413,6.744387705944696e-4,0.001374885426214482,0.009408947176700927
40161606412,6.744387705944696e-4,0.001374885426214482,0.009408947176700927
40168262410,6.744387705944696e-4,0.001374885426214482,0.009408947176700927
836654412,6.744387705944696e-4,0.001374885426214482,0.009408947176700926
1036157410,6.744387705944696e-4,0.001374885426214482,0.009408947176700926
1786617410,6.744387705944696e-4,0.001374885426214482,0.009408947176700926
40161228412,6.744387705944696e-4,0.001374885426214482,0.009408947176700926
40162136412,6.744387705944696e-4,0.001374885426214482,0.009408947176700926
42801272410,6.744387705944696e-4,0.001374885426214482,0.009408947176700926
19009540413,6.744387705944696e-4,0.001374885426214482,0.009408947176700924
40171580412,6.744387705944696e-4,0.001374885426214482,0.009408947176700924
21605071410,0.052220830523171786,0.04674610449129239,-0.009404617063844222
19013225410,0.0037575874361691877,0.00229147571035747,-0.009401469294135002
40162251410,0.0037575874361691877,0.00229147571035747,-0.009401469294135002
966956410,0.014355910974082281,0.011457378551787351,-0.009395623355929437
21602360412,0.011272762308507564,0.008707607699358386,-0.009390766080464321
21602361412,0.011272762308507564,0.008707607699358386,-0.009390766080464321
21600951410,0.010694671933712303,0.013290559120073327,0.009368038029350722
40226742410,0.12640909528856345,0.11824014665444546,-0.009358427155342082
21605042412,0.032758454571731384,0.02841429880843263,-0.009350795564780485
782211410,0.005973600539551017,0.004124656278643446,-0.009343692867107886
21603215413,0.01888428557664515,0.015582034830430797,-0.009331513940660594
21603216413,0.01888428557664515,0.015582034830430797,-0.009331513940660594
21604802413,0.01946237595144041,0.022914757103574702,0.009328508462214264
21603823412,0.0024087098949802485,0.0036663611365719525,0.009308238676876543
19046180413,0.0024087098949802485,0.0036663611365719525,0.00930823867687654
1195492410,0.049619423836593124,0.054995417048579284,0.00929671624581679
716968410,0.05443684362655362,0.06003666361136572,0.00927343653595311
21604444413,0.010309278350515464,0.012832263978001834,0.009270162491697105
992590413,0.009153097600924944,0.0068744271310724105,-0.009265912487084603
1332418413,0.03564890644570768,0.031164069660861594,-0.009262104226511421
21604485410,0.0070334328933423255,0.005041246562786435,-0.009260626197349603
1130863410,0.0435494749012429,0.04857928505957837,0.00924899873909771
1396131410,0.05308796608536468,0.04766269477543538,-0.00924534243548991
21604887410,0.014452259369881492,0.017415215398716773,0.00924514877836416
21603458413,0.014452259369881492,0.017415215398716773,0.009245148778364156
797617413,0.01734271124385779,0.014207149404216315,-0.009243698953015071
21604130413,0.01734271124385779,0.014207149404216315,-0.009243698953015071
21604686412,0.30079969168513343,0.28964252978918426,-0.009234167153814563
21600960410,0.5433086039117448,0.5311640696608616,-0.009233600983700536
21600961410,0.5433086039117448,0.5311640696608616,-0.009233600983700536
1036252412,0.008285962038732055,0.010540788267644362,0.009210546557442663
535714412,3.8539358319683977e-4,9.165902841429881e-4,0.009210358069606878
948555413,3.8539358319683977e-4,9.165902841429881e-4,0.009210358069606878
974140412,3.8539358319683977e-4,9.165902841429881e-4,0.009210358069606878
977421412,3.8539358319683977e-4,9.165902841429881e-4,0.009210358069606878
991003410,3.8539358319683977e-4,9.165902841429881e-4,0.009210358069606878
1101898412,3.8539358319683977e-4,9.165902841429881e-4,0.009210358069606878
1125449413,3.8539358319683977e-4,9.165902841429881e-4,0.009210358069606878
1164108413,3.8539358319683977e-4,9.165902841429881e-4,0.009210358069606878
1307542413,3.8539358319683977e-4,9.165902841429881e-4,0.009210358069606878
1503057412,3.8539358319683977e-4,9.165902841429881e-4,0.009210358069606878
1558471412,3.8539358319683977e-4,9.165902841429881e-4,0.009210358069606878
1588986410,3.8539358319683977e-4,9.165902841429881e-4,0.009210358069606878
1598819412,3.8539358319683977e-4,9.165902841429881e-4,0.009210358069606878
1717240410,3.8539358319683977e-4,9.165902841429881e-4,0.009210358069606878
1751310410,3.8539358319683977e-4,9.165902841429881e-4,0.009210358069606878
1781733412,3.8539358319683977e-4,9.165902841429881e-4,0.009210358069606878
1796435412,3.8539358319683977e-4,9.165902841429881e-4,0.009210358069606878
19004718412,3.8539358319683977e-4,9.165902841429881e-4,0.009210358069606878
19015523410,3.8539358319683977e-4,9.165902841429881e-4,0.009210358069606878
19028050410,3.8539358319683977e-4,9.165902841429881e-4,0.009210358069606878
19036892410,3.8539358319683977e-4,9.165902841429881e-4,0.009210358069606878
19044727410,3.8539358319683977e-4,9.165902841429881e-4,0.009210358069606878
19059654412,3.8539358319683977e-4,9.165902841429881e-4,0.009210358069606878
19090761412,3.8539358319683977e-4,9.165902841429881e-4,0.009210358069606878
19095690413,3.8539358319683977e-4,9.165902841429881e-4,0.009210358069606878
21600169413,3.8539358319683977e-4,9.165902841429881e-4,0.009210358069606878
21600259413,3.8539358319683977e-4,9.165902841429881e-4,0.009210358069606878
21600438412,3.8539358319683977e-4,9.165902841429881e-4,0.009210358069606878
21600941413,3.8539358319683977e-4,9.165902841429881e-4,0.009210358069606878
21601044410,3.8539358319683977e-4,9.165902841429881e-4,0.009210358069606878
21602240412,3.8539358319683977e-4,9.165902841429881e-4,0.009210358069606878
21602609412,3.8539358319683977e-4,9.165902841429881e-4,0.009210358069606878
21603073410,3.8539358319683977e-4,9.165902841429881e-4,0.009210358069606878
21603914412,3.8539358319683977e-4,9.165902841429881e-4,0.009210358069606878
21604030410,3.8539358319683977e-4,9.165902841429881e-4,0.009210358069606878
21604719413,3.8539358319683977e-4,9.165902841429881e-4,0.009210358069606878
40161213413,3.8539358319683977e-4,9.165902841429881e-4,0.009210358069606878
40161256413,3.8539358319683977e-4,9.165902841429881e-4,0.009210358069606878
40161853412,3.8539358319683977e-4,9.165902841429881e-4,0.009210358069606878
40161953413,3.8539358319683977e-4,9.165902841429881e-4,0.009210358069606878
40162029412,3.8539358319683977e-4,9.165902841429881e-4,0.009210358069606878
40162112413,3.8539358319683977e-4,9.165902841429881e-4,0.009210358069606878
40164828412,3.8539358319683977e-4,9.165902841429881e-4,0.009210358069606878
40167516412,3.8539358319683977e-4,9.165902841429881e-4,0.009210358069606878
40170834413,3.8539358319683977e-4,9.165902841429881e-4,0.009210358069606878
40171580413,3.8539358319683977e-4,9.165902841429881e-4,0.009210358069606878
40171991412,3.8539358319683977e-4,9.165902841429881e-4,0.009210358069606878
40172000413,3.8539358319683977e-4,9.165902841429881e-4,0.009210358069606878
40172287412,3.8539358319683977e-4,9.165902841429881e-4,0.009210358069606878
40172372410,3.8539358319683977e-4,9.165902841429881e-4,0.009210358069606878
40172492412,3.8539358319683977e-4,9.165902841429881e-4,0.009210358069606878
40173720413,3.8539358319683977e-4,9.165902841429881e-4,0.009210358069606878
40175261410,3.8539358319683977e-4,9.165902841429881e-4,0.009210358069606878
40175734412,3.8539358319683977e-4,9.165902841429881e-4,0.009210358069606878
40175853413,3.8539358319683977e-4,9.165902841429881e-4,0.009210358069606878
40222500413,3.8539358319683977e-4,9.165902841429881e-4,0.009210358069606878
40224861413,3.8539358319683977e-4,9.165902841429881e-4,0.009210358069606878
40226409412,3.8539358319683977e-4,9.165902841429881e-4,0.009210358069606878
21602779410,0.038539358319683976,0.03391384051329056,-0.009196383093454047
21605042413,0.013777820599287022,0.010999083409715857,-0.009191547188489553
994341412,0.013777820599287022,0.010999083409715857,-0.009191547188489552
21604146413,0.013777820599287022,0.010999083409715857,-0.009191547188489552
21604147413,0.013777820599287022,0.010999083409715857,-0.009191547188489552
21604148413,0.013777820599287022,0.010999083409715857,-0.009191547188489552
21601079413,0.010694671933712303,0.008249312557286892,-0.009189300770307642
21602429410,0.010694671933712303,0.008249312557286892,-0.009189300770307642
21603159412,0.010694671933712303,0.008249312557286892,-0.009189300770307642
715710410,0.0013488775411889392,0.00229147571035747,0.0091890692045551
1586640412,0.0013488775411889392,0.00229147571035747,0.0091890692045551
40161793412,0.0013488775411889392,0.00229147571035747,0.0091890692045551
40175868410,0.0013488775411889392,0.00229147571035747,0.0091890692045551
1126128413,0.0013488775411889392,0.00229147571035747,0.009189069204555098
1558471410,0.0013488775411889392,0.00229147571035747,0.009189069204555098
1776684412,0.0013488775411889392,0.00229147571035747,0.009189069204555098
19049909412,0.0013488775411889392,0.00229147571035747,0.009189069204555098
21600951413,0.0013488775411889392,0.00229147571035747,0.009189069204555098
40170396410,0.0013488775411889392,0.00229147571035747,0.009189069204555098
40171218410,0.0013488775411889392,0.00229147571035747,0.009189069204555098
957797412,0.0027941034781770882,0.004124656278643446,0.009178913007586125
40161583410,0.0027941034781770882,0.004124656278643446,0.009178913007586123
40167516410,0.0027941034781770882,0.004124656278643446,0.009178913007586123
40173567410,0.0027941034781770882,0.004124656278643446,0.009178913007586123
21601278412,0.0027941034781770882,0.004124656278643446,0.009178913007586121
1153013413,0.005491858560554967,0.007332722273143905,0.009175270800133464
757352412,0.0019269679159841988,9.165902841429881e-4,-0.00915474096900909
1717704413,0.0019269679159841988,9.165902841429881e-4,-0.00915474096900909
998415413,0.0019269679159841988,9.165902841429881e-4,-0.009154740969009088
1103640413,0.0019269679159841988,9.165902841429881e-4,-0.009154740969009088
1360332412,0.0019269679159841988,9.165902841429881e-4,-0.009154740969009088
1704183413,0.0019269679159841988,9.165902841429881e-4,-0.009154740969009088
19111620413,0.0019269679159841988,9.165902841429881e-4,-0.009154740969009088
21601128413,0.0019269679159841988,9.165902841429881e-4,-0.009154740969009088
21602140413,0.0019269679159841988,9.165902841429881e-4,-0.009154740969009088
21602219413,0.0019269679159841988,9.165902841429881e-4,-0.009154740969009088
40172534410,0.0019269679159841988,9.165902841429881e-4,-0.009154740969009088
40172590410,0.0019269679159841988,9.165902841429881e-4,-0.009154740969009088
40226747410,0.0019269679159841988,9.165902841429881e-4,-0.009154740969009088
529112410,4.817419789960497e-4,0,-0.00914974447741692
529114410,4.817419789960497e-4,0,-0.00914974447741692
928006413,4.817419789960497e-4,0,-0.00914974447741692
1114122413,4.817419789960497e-4,0,-0.00914974447741692
1354860413,4.817419789960497e-4,0,-0.00914974447741692
21602377413,4.817419789960497e-4,0,-0.00914974447741692
571187410,4.817419789960497e-4,0,-0.009149744477416918
712757412,4.817419789960497e-4,0,-0.009149744477416918
717607413,4.817419789960497e-4,0,-0.009149744477416918
795661412,4.817419789960497e-4,0,-0.009149744477416918
795661413,4.817419789960497e-4,0,-0.009149744477416918
900093413,4.817419789960497e-4,0,-0.009149744477416918
905371412,4.817419789960497e-4,0,-0.009149744477416918
922191412,4.817419789960497e-4,0,-0.009149744477416918
923829412,4.817419789960497e-4,0,-0.009149744477416918
925636412,4.817419789960497e-4,0,-0.009149744477416918
941577413,4.817419789960497e-4,0,-0.009149744477416918
948490412,4.817419789960497e-4,0,-0.009149744477416918
980478410,4.817419789960497e-4,0,-0.009149744477416918
985708413,4.817419789960497e-4,0,-0.009149744477416918
992716412,4.817419789960497e-4,0,-0.009149744477416918
1036425410,4.817419789960497e-4,0,-0.009149744477416918
1103137410,4.817419789960497e-4,0,-0.009149744477416918
1111220413,4.817419789960497e-4,0,-0.009149744477416918
1186087412,4.817419789960497e-4,0,-0.009149744477416918
1307247410,4.817419789960497e-4,0,-0.009149744477416918
1315865412,4.817419789960497e-4,0,-0.009149744477416918
1319051412,4.817419789960497e-4,0,-0.009149744477416918
1366279412,4.817419789960497e-4,0,-0.009149744477416918
1394333410,4.817419789960497e-4,0,-0.009149744477416918
1436650413,4.817419789960497e-4,0,-0.009149744477416918
1703653412,4.817419789960497e-4,0,-0.009149744477416918
1703653413,4.817419789960497e-4,0,-0.009149744477416918
1713905410,4.817419789960497e-4,0,-0.009149744477416918
1736971412,4.817419789960497e-4,0,-0.009149744477416918
1756822412,4.817419789960497e-4,0,-0.009149744477416918
1787101410,4.817419789960497e-4,0,-0.009149744477416918
19010868410,4.817419789960497e-4,0,-0.009149744477416918
19012585410,4.817419789960497e-4,0,-0.009149744477416918
19017646410,4.817419789960497e-4,0,-0.009149744477416918
19019131410,4.817419789960497e-4,0,-0.009149744477416918
19034726413,4.817419789960497e-4,0,-0.009149744477416918
19038024413,4.817419789960497e-4,0,-0.009149744477416918
19042345410,4.817419789960497e-4,0,-0.009149744477416918
19045045413,4.817419789960497e-4,0,-0.009149744477416918
19073031413,4.817419789960497e-4,0,-0.009149744477416918
19136426410,4.817419789960497e-4,0,-0.009149744477416918
21600406410,4.817419789960497e-4,0,-0.009149744477416918
21600914413,4.817419789960497e-4,0,-0.009149744477416918
21600915413,4.817419789960497e-4,0,-0.009149744477416918
21600916413,4.817419789960497e-4,0,-0.009149744477416918
21601027412,4.817419789960497e-4,0,-0.009149744477416918
21602210413,4.817419789960497e-4,0,-0.009149744477416918
21602598413,4.817419789960497e-4,0,-0.009149744477416918
21603076413,4.817419789960497e-4,0,-0.009149744477416918
21603741410,4.817419789960497e-4,0,-0.009149744477416918
21604021412,4.817419789960497e-4,0,-0.009149744477416918
21604024412,4.817419789960497e-4,0,-0.009149744477416918
21605032413,4.817419789960497e-4,0,-0.009149744477416918
40161048413,4.817419789960497e-4,0,-0.009149744477416918
40161052412,4.817419789960497e-4,0,-0.009149744477416918
40161714413,4.817419789960497e-4,0,-0.009149744477416918
40161801413,4.817419789960497e-4,0,-0.009149744477416918
40162083412,4.817419789960497e-4,0,-0.009149744477416918
40162120413,4.817419789960497e-4,0,-0.009149744477416918
40167025413,4.817419789960497e-4,0,-0.009149744477416918
40167465413,4.817419789960497e-4,0,-0.009149744477416918
40167672413,4.817419789960497e-4,0,-0.009149744477416918
40170375413,4.817419789960497e-4,0,-0.009149744477416918
40170408412,4.817419789960497e-4,0,-0.009149744477416918
40171271412,4.817419789960497e-4,0,-0.009149744477416918
40171301413,4.817419789960497e-4,0,-0.009149744477416918
40172004413,4.817419789960497e-4,0,-0.009149744477416918
40172299412,4.817419789960497e-4,0,-0.009149744477416918
40172539412,4.817419789960497e-4,0,-0.009149744477416918
40172539413,4.817419789960497e-4,0,-0.009149744477416918
40172670413,4.817419789960497e-4,0,-0.009149744477416918
40172688413,4.817419789960497e-4,0,-0.009149744477416918
40174252413,4.817419789960497e-4,0,-0.009149744477416918
40175898413,4.817419789960497e-4,0,-0.009149744477416918
40176157413,4.817419789960497e-4,0,-0.009149744477416918
40224216410,4.817419789960497e-4,0,-0.009149744477416918
749727410,4.817419789960497e-4,0,-0.009149744477416916
914053412,4.817419789960497e-4,0,-0.009149744477416916
915829412,4.817419789960497e-4,0,-0.009149744477416916
920378412,4.817419789960497e-4,0,-0.009149744477416916
941052412,4.817419789960497e-4,0,-0.009149744477416916
943030412,4.817419789960497e-4,0,-0.009149744477416916
991710412,4.817419789960497e-4,0,-0.009149744477416916
1036059413,4.817419789960497e-4,0,-0.009149744477416916
1138050413,4.817419789960497e-4,0,-0.009149744477416916
1301065413,4.817419789960497e-4,0,-0.009149744477416916
1309188412,4.817419789960497e-4,0,-0.009149744477416916
1337620413,4.817419789960497e-4,0,-0.009149744477416916
1389888410,4.817419789960497e-4,0,-0.009149744477416916
1523280413,4.817419789960497e-4,0,-0.009149744477416916
1552310413,4.817419789960497e-4,0,-0.009149744477416916
19014878413,4.817419789960497e-4,0,-0.009149744477416916
19037223410,4.817419789960497e-4,0,-0.009149744477416916
19097209413,4.817419789960497e-4,0,-0.009149744477416916
21601983410,4.817419789960497e-4,0,-0.009149744477416916
21605281413,4.817419789960497e-4,0,-0.009149744477416916
40160943412,4.817419789960497e-4,0,-0.009149744477416916
40161124410,4.817419789960497e-4,0,-0.009149744477416916
40161565412,4.817419789960497e-4,0,-0.009149744477416916
40161654410,4.817419789960497e-4,0,-0.009149744477416916
40162001413,4.817419789960497e-4,0,-0.009149744477416916
40162070413,4.817419789960497e-4,0,-0.009149744477416916
40163587412,4.817419789960497e-4,0,-0.009149744477416916
40170385412,4.817419789960497e-4,0,-0.009149744477416916
40170840413,4.817419789960497e-4,0,-0.009149744477416916
40171598412,4.817419789960497e-4,0,-0.009149744477416916
40172485412,4.817419789960497e-4,0,-0.009149744477416916
40172722412,4.817419789960497e-4,0,-0.009149744477416916
40175775412,4.817419789960497e-4,0,-0.009149744477416916
40175775413,4.817419789960497e-4,0,-0.009149744477416916
40175917412,4.817419789960497e-4,0,-0.009149744477416916
40175931412,4.817419789960497e-4,0,-0.009149744477416916
40176152410,4.817419789960497e-4,0,-0.009149744477416916
40224734412,4.817419789960497e-4,0,-0.009149744477416916
40242103413,4.817419789960497e-4,0,-0.009149744477416916
918172413,0.005106464977358127,0.0068744271310724105,0.00912830760994297
1183554410,0.005106464977358127,0.0068744271310724105,0.00912830760994297
21602301413,0.005106464977358127,0.0068744271310724105,0.00912830760994297
1301025410,0.01628287889006648,0.013290559120073327,-0.009101617943678905
1236607412,0.004721071394161287,0.006416131989000917,0.009090752250539338
1776684410,0.006455342518547067,0.00458295142071494,-0.009088233029258914
19010309412,0.006455342518547067,0.00458295142071494,-0.009088233029258912
21600004413,0.006455342518547067,0.00458295142071494,-0.009088233029258912
1505346410,0.03555255804990847,0.031164069660861594,-0.009073114684656014
21603998413,0.004817419789960497,0.0032080659945004585,-0.009071826743441841
21600783412,0.004335677810964447,0.005957836846929423,0.009065201183033503
1750500412,0.003950284227767608,0.005499541704857928,0.009055175228548299
19011035410,0.012428943058098083,0.015123739688359304,0.00904857702114907
21604421410,0.0921090663840447,0.08524289642529789,-0.00904841664567832
21602868412,0.04017728104827055,0.044912923923006415,0.009048134110026461
1383925412,0.03699778398689662,0.03253895508707608,-0.00904107148981358
21600712412,0.2722805665285673,0.2616865261228231,-0.009036004539172604
703470410,0.0012525291453897292,4.5829514207149406e-4,-0.009018195351335712
904356413,0.0012525291453897292,4.5829514207149406e-4,-0.009018195351335712
978577410,0.0012525291453897292,4.5829514207149406e-4,-0.009018195351335712
992716410,0.0012525291453897292,4.5829514207149406e-4,-0.009018195351335712
1189766410,0.0012525291453897292,4.5829514207149406e-4,-0.009018195351335712
1756831410,0.0012525291453897292,4.5829514207149406e-4,-0.009018195351335712
1837289410,0.0012525291453897292,4.5829514207149406e-4,-0.009018195351335712
21601979410,0.0012525291453897292,4.5829514207149406e-4,-0.009018195351335712
21603765410,0.0012525291453897292,4.5829514207149406e-4,-0.009018195351335712
21603771412,0.0012525291453897292,4.5829514207149406e-4,-0.009018195351335712
40161593412,0.0012525291453897292,4.5829514207149406e-4,-0.009018195351335712
40161684410,0.0012525291453897292,4.5829514207149406e-4,-0.009018195351335712
40171977410,0.0012525291453897292,4.5829514207149406e-4,-0.009018195351335712
905518412,0.0012525291453897292,4.5829514207149406e-4,-0.00901819535133571
906874410,0.0012525291453897292,4.5829514207149406e-4,-0.00901819535133571
937712412,0.0012525291453897292,4.5829514207149406e-4,-0.00901819535133571
19092849413,0.0012525291453897292,4.5829514207149406e-4,-0.00901819535133571
40162239412,0.0012525291453897292,4.5829514207149406e-4,-0.00901819535133571
40175746410,0.0012525291453897292,4.5829514207149406e-4,-0.00901819535133571
21602633410,0.12843241160034685,0.12053162236480293,-0.00898782989150035
21604462413,0.022738221408613545,0.01924839596700275,-0.00898740286587311
1167322413,0.01724636284805858,0.014207149404216315,-0.008980605570099187
1154161410,0.032084015801136914,0.027956003666361137,-0.008972350473615472
40175939410,0.004239329415165237,0.002749770852428964,-0.008962552182716715
988095410,0.043260429713845264,0.0384967919340055,-0.008953308433594888
21602929413,0.007129781289141536,0.00916590284142988,0.008950842668813802
21603553410,0.05723094710473071,0.05178735105407883,-0.008948471331579092
21604255410,0.22709316889873785,0.21723189734188816,-0.008941527008985461
21603217410,0.052895269293766256,0.04766269477543538,-0.008929857886972576
19061124410,0.0025050582907794583,0.001374885426214482,-0.008921560249555663
21604649410,0.0025050582907794583,0.001374885426214482,-0.008921560249555663
21605145412,0.0025050582907794583,0.001374885426214482,-0.008921560249555663
21605146412,0.0025050582907794583,0.001374885426214482,-0.008921560249555663
40172688410,0.0025050582907794583,0.001374885426214482,-0.008921560249555663
40226681410,0.0025050582907794583,0.001374885426214482,-0.008921560249555663
904356412,0.0025050582907794583,0.001374885426214482,-0.008921560249555661
1517740412,0.0025050582907794583,0.001374885426214482,-0.008921560249555661
1550557413,0.005877252143751807,0.004124656278643446,-0.008919474898860223
21600490413,0.005877252143751807,0.004124656278643446,-0.008919474898860223
21600491413,0.005877252143751807,0.004124656278643446,-0.008919474898860223
21604491413,0.005877252143751807,0.004124656278643446,-0.008919474898860223
21602682410,0.013681472203487812,0.010999083409715857,-0.008899170870142529
1373225410,0.003661239040369978,0.00229147571035747,-0.008884826740497297
1517998410,0.003661239040369978,0.00229147571035747,-0.008884826740497297
40161730410,0.003661239040369978,0.00229147571035747,-0.008884826740497296
1524674410,0.003661239040369978,0.00229147571035747,-0.008884826740497294
1797513413,0.007996916851334425,0.005957836846929423,-0.00887069479255164
993631410,0.006744387705944696,0.008707607699358386,0.008867701035557615
722031412,0.003083148665574718,0.0018331805682859762,-0.008858576504424454
1337620410,0.003083148665574718,0.0018331805682859762,-0.008858576504424454
19049816412,0.003083148665574718,0.0018331805682859762,-0.008858576504424454
21604989410,0.003083148665574718,0.0018331805682859762,-0.008858576504424454
40167672410,0.003083148665574718,0.0018331805682859762,-0.008858576504424454
1738366410,0.01666827247326332,0.019706691109074245,0.008854831829197229
1105775412,0.01618653049426727,0.013290559120073327,-0.008830530248072505
21602098410,0.2604297138452645,0.25022914757103576,-0.008825373039487652
21602099410,0.2604297138452645,0.25022914757103576,-0.008825373039487652
1114220413,0.001734271124385779,0.002749770852428964,0.00881013385338653
1309799412,0.001734271124385779,0.002749770852428964,0.00881013385338653
21605119410,0.001734271124385779,0.002749770852428964,0.00881013385338653
21605120410,0.001734271124385779,0.002749770852428964,0.00881013385338653
40174213410,0.001734271124385779,0.002749770852428964,0.00881013385338653
40175840410,0.001734271124385779,0.002749770852428964,0.00881013385338653
21603365413,0.0862318142402929,0.07974335472043996,-0.008809678657515337
923672413,0.006358994122747856,0.008249312557286892,0.008787095939635536
21602944413,0.006358994122747856,0.008249312557286892,0.008787095939635536
789578413,0.012621639849696503,0.01008249312557287,-0.008769933868992406
21604463413,0.012621639849696503,0.01008249312557287,-0.008769933868992406
40161064410,0.005299161768956547,0.0036663611365719525,-0.008756846845900898
21602657412,0.005299161768956547,0.0036663611365719525,-0.008756846845900897
40162239410,0.005299161768956547,0.0036663611365719525,-0.008756846845900897
21602840410,0.022641873012814336,0.01924839596700275,-0.008754679599502026
1395058410,0.15685518836111378,0.14848762603116408,-0.008750380814603444
1707687410,0.01628287889006648,0.01924839596700275,0.008742403594999254
924724410,0.06705848347625012,0.07286892758936755,0.008740316113994917
21600129410,0.06705848347625012,0.07286892758936755,0.008740316113994917
21600600413,0.061373928124096734,0.05591200733272227,-0.008684640263145546
794147410,0.013103381828692553,0.010540788267644362,-0.008684412304611453
21601237410,0.9324597745447538,0.9266727772685609,-0.008676886177385263
40161386410,0.006358994122747856,0.00458295142071494,-0.008676757564415286
21602119410,0.13989787070045284,0.13198900091659027,-0.008673836500796062
975125413,0.011561807495905194,0.00916590284142988,-0.00864634104122489
21602100413,0.011561807495905194,0.00916590284142988,-0.00864634104122489
21601744412,0.22256479429617496,0.21310724106324472,-0.008636739568341652
21603479413,0.0055882069563541765,0.007332722273143905,0.008636444774251283
702865410,0.01589748530686964,0.018790100824931256,0.008628610313969668
945286413,0.01589748530686964,0.018790100824931256,0.008628610313969668
21604593410,0.01589748530686964,0.018790100824931256,0.008628610313969668
21604812413,0.01589748530686964,0.018790100824931256,0.008628610313969668
21601910410,0.05318431448116389,0.04812098991750687,-0.008616120262861814
21604752413,0.023123614991810388,0.026581118240146653,0.008607186825042664
950316410,0.004721071394161287,0.0032080659945004585,-0.008604185116139265
21601532413,0.04788515271220734,0.04307974335472044,-0.00859794580255232
1126128412,0.0021196647075826186,0.0032080659945004585,0.008591816315346654
939881410,0.0021196647075826186,0.0032080659945004585,0.00859181631534665
21602968410,0.12525291453897291,0.11778185151237397,-0.008589500951544935
1344965410,0.012139897870700453,0.01466544454628781,0.008585559712041228
704943412,0.013392427016090181,0.016040329972502293,0.008583205304221629
1353766412,0.08796608536467868,0.09440879926672777,0.008568562333480282
1102527412,0.005202813373157337,0.0068744271310724105,0.008568415789239715
21604825410,0.03237306098853454,0.02841429880843263,-0.008562540768384601
1713332413,0.01609018209846806,0.013290559120073327,-0.008558143858049656
723013410,0.06985258695442721,0.07561869844179651,0.0085141074434272445
21605227412,0.12236246266499663,0.11503208065994501,-0.008512999204539903
21605228412,0.12236246266499663,0.11503208065994501,-0.008512999204539903
21602751412,0.15454282686193274,0.16269477543538038,0.008512467021783918
21601939413,0.004817419789960497,0.006416131989000917,0.008507119748117447
21603848412,0.004817419789960497,0.006416131989000917,0.008507119748117447
21603849412,0.004817419789960497,0.006416131989000917,0.008507119748117447
21600642410,0.03526351286251084,0.031164069660861594,-0.008503710156926044
21600643410,0.03526351286251084,0.031164069660861594,-0.008503710156926044
21603850410,0.01657192407746411,0.013748854262144821,-0.008502749740338843
19059547410,0.010501975142113883,0.012832263978001834,0.008500096940075107
1139993412,0.007900568455535216,0.005957836846929423,-0.008495570954987312
21604092412,0.027459292802774832,0.031164069660861594,0.008492930522021942
1506270413,0.005780903747952597,0.004124656278643446,-0.00848965073404106
40161781412,0.0010598323537913093,0.0018331805682859762,0.008483634413679955
900017410,0.0010598323537913093,0.0018331805682859762,0.008483634413679952
938205412,0.0010598323537913093,0.0018331805682859762,0.008483634413679952
1111706413,0.0010598323537913093,0.0018331805682859762,0.008483634413679952
40162170413,0.0010598323537913093,0.0018331805682859762,0.008483634413679952
702685412,0.0010598323537913093,0.0018331805682859762,0.00848363441367995
794147413,0.0010598323537913093,0.0018331805682859762,0.00848363441367995
947416410,0.0010598323537913093,0.0018331805682859762,0.00848363441367995
19050488410,0.0010598323537913093,0.0018331805682859762,0.00848363441367995
40226650410,0.0010598323537913093,0.0018331805682859762,0.00848363441367995
964407413,0.0010598323537913093,0.0018331805682859762,0.008483634413679948
1515249412,0.0010598323537913093,0.0018331805682859762,0.008483634413679948
907879413,0.0010598323537913093,0.0018331805682859762,0.008483634413679947
1592180413,0.0010598323537913093,0.0018331805682859762,0.008483634413679947
21602391413,0.0010598323537913093,0.0018331805682859762,0.008483634413679947
40161758412,0.0010598323537913093,0.0018331805682859762,0.008483634413679947
42801309410,0.0010598323537913093,0.0018331805682859762,0.008483634413679947
40161694410,0.007226129684940746,0.00916590284142988,0.008482633635306781
734275410,0.055496675980344926,0.05041246562786435,-0.008477148141950221
955252413,0.001830619520184989,9.165902841429881e-4,-0.00847630939825355
955583413,0.001830619520184989,9.165902841429881e-4,-0.00847630939825355
981709412,0.001830619520184989,9.165902841429881e-4,-0.00847630939825355
986864410,0.001830619520184989,9.165902841429881e-4,-0.00847630939825355
1192218413,0.001830619520184989,9.165902841429881e-4,-0.00847630939825355
1703653410,0.001830619520184989,9.165902841429881e-4,-0.00847630939825355
1727223410,0.001830619520184989,9.165902841429881e-4,-0.00847630939825355
19036781413,0.001830619520184989,9.165902841429881e-4,-0.00847630939825355
19087090413,0.001830619520184989,9.165902841429881e-4,-0.00847630939825355
21604470413,0.001830619520184989,9.165902841429881e-4,-0.00847630939825355
40172445410,0.001830619520184989,9.165902841429881e-4,-0.00847630939825355
40172449410,0.001830619520184989,9.165902841429881e-4,-0.00847630939825355
21600627413,0.0025050582907794583,0.0036663611365719525,0.008468132059202195
1525278412,0.0025050582907794583,0.0036663611365719525,0.008468132059202193
1746940413,0.0025050582907794583,0.0036663611365719525,0.008468132059202193
906914412,0.0041429810193660275,0.002749770852428964,-0.008467600429783203
961145410,0.0041429810193660275,0.002749770852428964,-0.008467600429783203
19010309413,0.0041429810193660275,0.002749770852428964,-0.008467600429783203
19077457410,0.0041429810193660275,0.002749770852428964,-0.008467600429783203
21601969412,0.0041429810193660275,0.002749770852428964,-0.008467600429783203
21601974412,0.0041429810193660275,0.002749770852428964,-0.008467600429783203
21602514413,0.023605356970806436,0.027039413382218148,0.008466105367353685
21602515413,0.023605356970806436,0.027039413382218148,0.008466105367353685
964407410,0.012525291453897292,0.01008249312557287,-0.008464524316956322
19049816410,0.014548607765680701,0.011915673693858845,-0.00846307147713828
1398937413,0.008864052413527316,0.010999083409715857,0.008456348418506942
21604383413,0.008864052413527316,0.010999083409715857,0.008456348418506942
21600800410,0.05260622410636863,0.04766269477543538,-0.008454957983091302
40161817410,0.004432026206763658,0.005957836846929423,0.008454540620870612
21604629410,0.023990750554003275,0.020623281393217233,-0.008438512701333665
21603907410,0.009442142788322574,0.007332722273143905,-0.00842720432860355
1547504413,0.010983717121109933,0.008707607699358386,-0.008425037116609541
1366237410,0.004046632623566818,0.005499541704857928,0.008413372402014112
21604874410,0.004046632623566818,0.005499541704857928,0.008413372402014112
933794410,0.0028904518739762985,0.004124656278643446,0.008404716481803964
40161722410,0.0028904518739762985,0.004124656278643446,0.008404716481803964
1790812410,0.03083148665574718,0.027039413382218148,-0.008398523602832596
21602202410,0.03083148665574718,0.027039413382218148,-0.008398523602832596
1154029412,0.006840736101743906,0.008707607699358386,0.008385861458458004
21604200412,0.006840736101743906,0.008707607699358386,0.008385861458458004
19003999410,0.013007033432893342,0.010540788267644362,-0.008383965077918715
780369410,0.022352827825416706,0.025664527956003668,0.00838271156939596
1153664412,0.022352827825416706,0.025664527956003668,0.00838271156939596
21604275412,0.022352827825416706,0.025664527956003668,0.00838271156939596
733523413,0.003275845457173138,0.00458295142071494,0.008381841822876978
21604288412,0.003275845457173138,0.00458295142071494,0.008381841822876978
1315865410,0.003564890644570768,0.00229147571035747,-0.00835729251053271
21601027410,0.003564890644570768,0.00229147571035747,-0.00835729251053271
1395058412,0.03834666152808556,0.042621448212648946,0.008356514978080973
950098410,0.011369110704306773,0.013748854262144821,0.008355377061823549
21601908413,0.011369110704306773,0.013748854262144821,0.008355377061823547
21601909413,0.011369110704306773,0.013748854262144821,0.008355377061823547
21602759412,0.012621639849696503,0.015123739688359304,0.008350828012656882
19079204410,0.008478658830330475,0.010540788267644362,0.008347854789384032
1134439412,0.03227671259273533,0.03620531622364803,0.00833697801978773
21604765412,0.03227671259273533,0.03620531622364803,0.00833697801978773
21600744412,0.2672704499470084,0.25756186984417967,-0.008328458747061831
21604104410,0.021967434242219867,0.018790100824931256,-0.008315349425258571
914533412,0.0024087098949802485,0.001374885426214482,-0.008305110220388207
1197677410,0.0024087098949802485,0.001374885426214482,-0.008305110220388207
19003953410,0.0024087098949802485,0.001374885426214482,-0.008305110220388207
19034726410,0.0024087098949802485,0.001374885426214482,-0.008305110220388207
21605072412,0.0024087098949802485,0.001374885426214482,-0.008305110220388207
1521987412,0.0024087098949802485,0.001374885426214482,-0.008305110220388205
21602780412,0.0024087098949802485,0.001374885426214482,-0.008305110220388205
21602781412,0.0024087098949802485,0.001374885426214482,-0.008305110220388205
40172457410,0.0024087098949802485,0.001374885426214482,-0.008305110220388205
942799412,0.0029868002697755083,0.0018331805682859762,-0.008291394278991941
1036059410,0.0029868002697755083,0.0018331805682859762,-0.008291394278991941
1154161413,0.0029868002697755083,0.0018331805682859762,-0.008291394278991941
1196677410,0.007322478080739956,0.005499541704857928,-0.008280371902810476
21603353410,0.04287503613064843,0.0384967919340055,-0.00825863670696403
705103412,0.011947201079102033,0.009624197983501375,-0.00823910551177102
767410412,0.0011561807495905194,4.5829514207149406e-4,-0.00822300283346449
940535410,0.0011561807495905194,4.5829514207149406e-4,-0.00822300283346449
990499413,0.0011561807495905194,4.5829514207149406e-4,-0.00822300283346449
1381661413,0.0011561807495905194,4.5829514207149406e-4,-0.00822300283346449
1549254413,0.0011561807495905194,4.5829514207149406e-4,-0.00822300283346449
19027958410,0.0011561807495905194,4.5829514207149406e-4,-0.00822300283346449
19039298410,0.0011561807495905194,4.5829514207149406e-4,-0.00822300283346449
21605144413,0.0011561807495905194,4.5829514207149406e-4,-0.00822300283346449
40161467412,0.0011561807495905194,4.5829514207149406e-4,-0.00822300283346449
40161789412,0.0011561807495905194,4.5829514207149406e-4,-0.00822300283346449
40161910412,0.0011561807495905194,4.5829514207149406e-4,-0.00822300283346449
40167025412,0.0011561807495905194,4.5829514207149406e-4,-0.00822300283346449
40169661412,0.0011561807495905194,4.5829514207149406e-4,-0.00822300283346449
930916413,0.0011561807495905194,4.5829514207149406e-4,-0.008223002833464488
19045272410,0.0011561807495905194,4.5829514207149406e-4,-0.008223002833464488
949759412,0.0011561807495905194,4.5829514207149406e-4,-0.008223002833464487
19000818410,0.0011561807495905194,4.5829514207149406e-4,-0.008223002833464487
21602949410,0.0011561807495905194,4.5829514207149406e-4,-0.008223002833464487
40172504410,0.0011561807495905194,4.5829514207149406e-4,-0.008223002833464487
1332418412,0.05963965699971095,0.05453712190650779,-0.008220516468190251
21603041412,0.010405626746314674,0.008249312557286892,-0.00819802054570122
21601516413,0.05462954041815204,0.05957836846929423,0.008189842227141598
922868412,3.8539358319683977e-4,0,-0.008183454379550583
705219413,3.8539358319683977e-4,0,-0.008183454379550582
19005046413,3.8539358319683977e-4,0,-0.008183454379550582
19022479412,3.8539358319683977e-4,0,-0.008183454379550582
19044317412,3.8539358319683977e-4,0,-0.008183454379550582
19044317413,3.8539358319683977e-4,0,-0.008183454379550582
19087317412,3.8539358319683977e-4,0,-0.008183454379550582
40171977412,3.8539358319683977e-4,0,-0.008183454379550582
40182120410,3.8539358319683977e-4,0,-0.008183454379550582
40226671412,3.8539358319683977e-4,0,-0.008183454379550582
529713410,3.8539358319683977e-4,0,-0.00818345437955058
713196410,3.8539358319683977e-4,0,-0.00818345437955058
738152410,3.8539358319683977e-4,0,-0.00818345437955058
753626413,3.8539358319683977e-4,0,-0.00818345437955058
766067412,3.8539358319683977e-4,0,-0.00818345437955058
769935412,3.8539358319683977e-4,0,-0.00818345437955058
902251412,3.8539358319683977e-4,0,-0.00818345437955058
915855412,3.8539358319683977e-4,0,-0.00818345437955058
925952413,3.8539358319683977e-4,0,-0.00818345437955058
929128412,3.8539358319683977e-4,0,-0.00818345437955058
939134410,3.8539358319683977e-4,0,-0.00818345437955058
942494410,3.8539358319683977e-4,0,-0.00818345437955058
957623410,3.8539358319683977e-4,0,-0.00818345437955058
958368412,3.8539358319683977e-4,0,-0.00818345437955058
958999413,3.8539358319683977e-4,0,-0.00818345437955058
969276410,3.8539358319683977e-4,0,-0.00818345437955058
977421413,3.8539358319683977e-4,0,-0.00818345437955058
984801412,3.8539358319683977e-4,0,-0.00818345437955058
990069413,3.8539358319683977e-4,0,-0.00818345437955058
990413412,3.8539358319683977e-4,0,-0.00818345437955058
991710413,3.8539358319683977e-4,0,-0.00818345437955058
1106740410,3.8539358319683977e-4,0,-0.00818345437955058
1126557413,3.8539358319683977e-4,0,-0.00818345437955058
1197736412,3.8539358319683977e-4,0,-0.00818345437955058
1305496412,3.8539358319683977e-4,0,-0.00818345437955058
1305496413,3.8539358319683977e-4,0,-0.00818345437955058
1319133413,3.8539358319683977e-4,0,-0.00818345437955058
1329241410,3.8539358319683977e-4,0,-0.00818345437955058
1333379410,3.8539358319683977e-4,0,-0.00818345437955058
1344992412,3.8539358319683977e-4,0,-0.00818345437955058
1344996412,3.8539358319683977e-4,0,-0.00818345437955058
1369939410,3.8539358319683977e-4,0,-0.00818345437955058
1391648410,3.8539358319683977e-4,0,-0.00818345437955058
1397599413,3.8539358319683977e-4,0,-0.00818345437955058
1513876412,3.8539358319683977e-4,0,-0.00818345437955058
1707687413,3.8539358319683977e-4,0,-0.00818345437955058
1715117410,3.8539358319683977e-4,0,-0.00818345437955058
1724869413,3.8539358319683977e-4,0,-0.00818345437955058
1738135412,3.8539358319683977e-4,0,-0.00818345437955058
1740226410,3.8539358319683977e-4,0,-0.00818345437955058
1746244413,3.8539358319683977e-4,0,-0.00818345437955058
1747032410,3.8539358319683977e-4,0,-0.00818345437955058
1763339412,3.8539358319683977e-4,0,-0.00818345437955058
1782521413,3.8539358319683977e-4,0,-0.00818345437955058
1794280410,3.8539358319683977e-4,0,-0.00818345437955058
1799139412,3.8539358319683977e-4,0,-0.00818345437955058
1837289412,3.8539358319683977e-4,0,-0.00818345437955058
19005570412,3.8539358319683977e-4,0,-0.00818345437955058
19020994412,3.8539358319683977e-4,0,-0.00818345437955058
19032599410,3.8539358319683977e-4,0,-0.00818345437955058
19037624413,3.8539358319683977e-4,0,-0.00818345437955058
19039926413,3.8539358319683977e-4,0,-0.00818345437955058
19045644412,3.8539358319683977e-4,0,-0.00818345437955058
19058971412,3.8539358319683977e-4,0,-0.00818345437955058
19069873413,3.8539358319683977e-4,0,-0.00818345437955058
19080338413,3.8539358319683977e-4,0,-0.00818345437955058
19080368413,3.8539358319683977e-4,0,-0.00818345437955058
19090187410,3.8539358319683977e-4,0,-0.00818345437955058
19092845410,3.8539358319683977e-4,0,-0.00818345437955058
19095802412,3.8539358319683977e-4,0,-0.00818345437955058
19099183412,3.8539358319683977e-4,0,-0.00818345437955058
21600276412,3.8539358319683977e-4,0,-0.00818345437955058
21600434412,3.8539358319683977e-4,0,-0.00818345437955058
21601355410,3.8539358319683977e-4,0,-0.00818345437955058
21602813413,3.8539358319683977e-4,0,-0.00818345437955058
21602814413,3.8539358319683977e-4,0,-0.00818345437955058
21602918410,3.8539358319683977e-4,0,-0.00818345437955058
21603090413,3.8539358319683977e-4,0,-0.00818345437955058
21603102413,3.8539358319683977e-4,0,-0.00818345437955058
21603142412,3.8539358319683977e-4,0,-0.00818345437955058
21603177412,3.8539358319683977e-4,0,-0.00818345437955058
21603536410,3.8539358319683977e-4,0,-0.00818345437955058
21603986412,3.8539358319683977e-4,0,-0.00818345437955058
21604186412,3.8539358319683977e-4,0,-0.00818345437955058
21604409413,3.8539358319683977e-4,0,-0.00818345437955058
21605112412,3.8539358319683977e-4,0,-0.00818345437955058
21605113412,3.8539358319683977e-4,0,-0.00818345437955058
40161203412,3.8539358319683977e-4,0,-0.00818345437955058
40161598413,3.8539358319683977e-4,0,-0.00818345437955058
40161722412,3.8539358319683977e-4,0,-0.00818345437955058
40161746410,3.8539358319683977e-4,0,-0.00818345437955058
40162050412,3.8539358319683977e-4,0,-0.00818345437955058
40162083413,3.8539358319683977e-4,0,-0.00818345437955058
40162140412,3.8539358319683977e-4,0,-0.00818345437955058
40162152413,3.8539358319683977e-4,0,-0.00818345437955058
40162187413,3.8539358319683977e-4,0,-0.00818345437955058
40163587413,3.8539358319683977e-4,0,-0.00818345437955058
40167083410,3.8539358319683977e-4,0,-0.00818345437955058
40167582410,3.8539358319683977e-4,0,-0.00818345437955058
40170402413,3.8539358319683977e-4,0,-0.00818345437955058
40170438413,3.8539358319683977e-4,0,-0.00818345437955058
40170444413,3.8539358319683977e-4,0,-0.00818345437955058
40170660412,3.8539358319683977e-4,0,-0.00818345437955058
40170818412,3.8539358319683977e-4,0,-0.00818345437955058
40171120412,3.8539358319683977e-4,0,-0.00818345437955058
40171995412,3.8539358319683977e-4,0,-0.00818345437955058
40172147412,3.8539358319683977e-4,0,-0.00818345437955058
40172147413,3.8539358319683977e-4,0,-0.00818345437955058
40172198413,3.8539358319683977e-4,0,-0.00818345437955058
40172365412,3.8539358319683977e-4,0,-0.00818345437955058
40172441413,3.8539358319683977e-4,0,-0.00818345437955058
40172449413,3.8539358319683977e-4,0,-0.00818345437955058
40172600412,3.8539358319683977e-4,0,-0.00818345437955058
40173523412,3.8539358319683977e-4,0,-0.00818345437955058
40173567413,3.8539358319683977e-4,0,-0.00818345437955058
40174102410,3.8539358319683977e-4,0,-0.00818345437955058
40174213412,3.8539358319683977e-4,0,-0.00818345437955058
40174604410,3.8539358319683977e-4,0,-0.00818345437955058
40175665410,3.8539358319683977e-4,0,-0.00818345437955058
40175808412,3.8539358319683977e-4,0,-0.00818345437955058
40175899412,3.8539358319683977e-4,0,-0.00818345437955058
40175899413,3.8539358319683977e-4,0,-0.00818345437955058
40175970412,3.8539358319683977e-4,0,-0.00818345437955058
40180818410,3.8539358319683977e-4,0,-0.00818345437955058
40222391410,3.8539358319683977e-4,0,-0.00818345437955058
40224734413,3.8539358319683977e-4,0,-0.00818345437955058
40227472412,3.8539358319683977e-4,0,-0.00818345437955058
40227484410,3.8539358319683977e-4,0,-0.00818345437955058
709567412,3.8539358319683977e-4,0,-0.008183454379550578
759401412,3.8539358319683977e-4,0,-0.008183454379550578
920378413,3.8539358319683977e-4,0,-0.008183454379550578
1037358410,3.8539358319683977e-4,0,-0.008183454379550578
1300673413,3.8539358319683977e-4,0,-0.008183454379550578
1309204412,3.8539358319683977e-4,0,-0.008183454379550578
1399177412,3.8539358319683977e-4,0,-0.008183454379550578
1521369413,3.8539358319683977e-4,0,-0.008183454379550578
19009896410,3.8539358319683977e-4,0,-0.008183454379550578
19026739410,3.8539358319683977e-4,0,-0.008183454379550578
19030387410,3.8539358319683977e-4,0,-0.008183454379550578
19072857410,3.8539358319683977e-4,0,-0.008183454379550578
19095288410,3.8539358319683977e-4,0,-0.008183454379550578
21601979412,3.8539358319683977e-4,0,-0.008183454379550578
21602551413,3.8539358319683977e-4,0,-0.008183454379550578
40161260412,3.8539358319683977e-4,0,-0.008183454379550578
40161334412,3.8539358319683977e-4,0,-0.008183454379550578
40161710413,3.8539358319683977e-4,0,-0.008183454379550578
40161754413,3.8539358319683977e-4,0,-0.008183454379550578
40162066412,3.8539358319683977e-4,0,-0.008183454379550578
40168385410,3.8539358319683977e-4,0,-0.008183454379550578
40170452412,3.8539358319683977e-4,0,-0.008183454379550578
40170549412,3.8539358319683977e-4,0,-0.008183454379550578
40170916413,3.8539358319683977e-4,0,-0.008183454379550578
40170979413,3.8539358319683977e-4,0,-0.008183454379550578
40172457413,3.8539358319683977e-4,0,-0.008183454379550578
40172636410,3.8539358319683977e-4,0,-0.008183454379550578
21600600410,0.420368050871953,0.40971585701191565,-0.008180782002073141
713823410,0.03169862221794007,0.027956003666361137,-0.008174952922887703
740560413,0.012428943058098083,0.01008249312557287,-0.008157217768635578
21603503410,0.07910203295115137,0.07332722273143905,-0.008153687491025378
937439410,0.03410733211292032,0.03024747937671861,-0.00813437125471944
21604809410,0.03410733211292032,0.03024747937671861,-0.00813437125471944
1525215413,0.007707871663936795,0.009624197983501375,0.008129332469043437
742185412,0.004624722998362077,0.0032080659945004585,-0.008128853286500214
21600492413,0.004624722998362077,0.0032080659945004585,-0.008128853286500214
21600810412,0.004624722998362077,0.0032080659945004585,-0.008128853286500214
21600815412,0.004624722998362077,0.0032080659945004585,-0.008128853286500214
40222116410,0.004624722998362077,0.0032080659945004585,-0.008128853286500214
744798412,0.005684555352153386,0.007332722273143905,0.008105205409882568
1774470410,0.010887368725310724,0.008707607699358386,-0.008098581417369308
21600394413,0.010887368725310724,0.008707607699358386,-0.008098581417369308
21601517413,0.054244146834955195,0.05912007332722273,0.008096590352580051
739138413,0.01792080161865305,0.015123739688359304,-0.008096407955130946
21605084410,0.039406493881876864,0.03528872593950504,-0.00808919478083886
21604180412,0.6417766644185374,0.6315307057745188,-0.008087074321378621
21602759410,0.06050679256190385,0.05545371219065078,-0.008084603159887899
1201620412,0.04277868773484921,0.0384967919340055,-0.008084204743723207
994058410,0.012910685037094133,0.010540788267644362,-0.008081720991892031
795113410,0.021871085846420658,0.018790100824931256,-0.008077898245929593
1518148413,0.006744387705944696,0.005041246562786435,-0.008061316404134879
1759842412,0.006744387705944696,0.005041246562786435,-0.008061316404134879
1395573410,0.006744387705944696,0.005041246562786435,-0.008061316404134876
1505346412,0.006744387705944696,0.005041246562786435,-0.008061316404134876
1370109413,0.0014452259369881492,0.00229147571035747,0.008041232379111958
21603830413,0.0014452259369881492,0.00229147571035747,0.008041232379111958
40172644410,0.0014452259369881492,0.00229147571035747,0.008041232379111958
991876413,0.0014452259369881492,0.00229147571035747,0.008041232379111956
1544838410,0.0014452259369881492,0.00229147571035747,0.008041232379111956
1799139410,0.0014452259369881492,0.00229147571035747,0.008041232379111956
19010955410,0.0014452259369881492,0.00229147571035747,0.008041232379111956
19017742410,0.0014452259369881492,0.00229147571035747,0.008041232379111952
40172112410,0.0014452259369881492,0.00229147571035747,0.008041232379111952
1729720410,0.01888428557664515,0.016040329972502293,-0.008019372988207082
733523412,0.005299161768956547,0.0068744271310724105,0.008016987907002556
40161167410,0.005299161768956547,0.0068744271310724105,0.008016987907002556
21600985410,0.43944503324019657,0.42896425297891844,-0.008004063603389787
1501309412,0.030638789864148763,0.027039413382218148,-0.007992208100954596
1123995412,0.011465459100105983,0.013748854262144821,0.007990467473807935
21603305412,0.011465459100105983,0.013748854262144821,0.007990467473807935
955632410,0.023798053762404858,0.020623281393217233,-0.007982183584545506
914335412,0.009827536371519414,0.007791017415215398,-0.007964802419178933
21600704412,0.004046632623566818,0.002749770852428964,-0.007963380667046107
21600728413,0.004046632623566818,0.002749770852428964,-0.007963380667046107
1501700412,0.13980152230465362,0.14711274060494958,0.007957422638907002
1353766410,0.3306676943828885,0.3208065994500458,-0.0079517384281224
21604686410,0.6552654398304268,0.6452795600366636,-0.007950636384020021
21602819412,0.04335677810964447,0.04766269477543538,0.00794508617203259
1150345410,0.03593795163310531,0.03987167736021998,0.007934501725566237
1636780413,0.004913768185759707,0.006416131989000917,0.007933010954917606
40161949410,0.004913768185759707,0.006416131989000917,0.007933010954917606
21604489412,0.24732633201657192,0.2383134738771769,-0.007931086008044505
1501309413,0.01686096926486174,0.014207149404216315,-0.00791628796775849
719311410,0.02081125349262935,0.017873510540788267,-0.00789205996640068
914533410,0.014355910974082281,0.011915673693858845,-0.007887740688142105
21605072410,0.014355910974082281,0.011915673693858845,-0.007887740688142105
1549686412,0.007226129684940746,0.005499541704857928,-0.007887354233451402
942350412,0.010309278350515464,0.008249312557286892,-0.007862665042265883
1304850410,0.010309278350515464,0.008249312557286892,-0.007862665042265881
21600858413,0.010309278350515464,0.008249312557286892,-0.007862665042265881
21600859413,0.010309278350515464,0.008249312557286892,-0.007862665042265881
21605059412,0.010309278350515464,0.008249312557286892,-0.007862665042265881
21603552413,0.02177473745062145,0.018790100824931256,-0.007839608193094275
19137312410,0.006166297331149436,0.00458295142071494,-0.007838555146175522
21600823410,0.006166297331149436,0.00458295142071494,-0.007838555146175522
21600824410,0.006166297331149436,0.00458295142071494,-0.007838555146175522
21602797413,0.006166297331149436,0.00458295142071494,-0.007838555146175522
21602798413,0.006166297331149436,0.00458295142071494,-0.007838555146175522
1510813412,0.01782445322285384,0.015123739688359304,-0.007835108928695744
21602645410,0.01782445322285384,0.015123739688359304,-0.007835108928695744
1308216413,0.06985258695442721,0.06461961503208066,-0.007825182491611847
920458410,0.052220830523171786,0.04766269477543538,-0.007818601917961571
705944412,0.003468542248771558,0.00229147571035747,-0.00781829494369382
715458412,0.003468542248771558,0.00229147571035747,-0.00781829494369382
939506413,0.003468542248771558,0.00229147571035747,-0.00781829494369382
1396012412,0.003468542248771558,0.00229147571035747,-0.00781829494369382
19037038413,0.001830619520184989,0.002749770852428964,0.007813446702204444
21604896413,0.001830619520184989,0.002749770852428964,0.007813446702204444
40170898410,0.001830619520184989,0.002749770852428964,0.007813446702204444
21604816410,0.05077560458618364,0.0462878093492209,-0.007801597136909745
751246412,0.006551690914346276,0.008249312557286892,0.0077996754135261194
21603458412,0.027748337990172463,0.031164069660861594,0.007798211050931933
1759270410,0.0041429810193660275,0.005499541704857928,0.007784017413205113
21604951410,0.0041429810193660275,0.005499541704857928,0.007784017413205113
21605144410,0.015319394932074381,0.012832263978001834,-0.007780865759019073
1521987410,0.010791020329511514,0.008707607699358386,-0.0077697887231769165
21602780410,0.010791020329511514,0.008707607699358386,-0.0077697887231769165
21602781410,0.010791020329511514,0.008707607699358386,-0.0077697887231769165
21603698413,0.010791020329511514,0.008707607699358386,-0.0077697887231769165
742594412,0.001734271124385779,9.165902841429881e-4,-0.0077697647376151965
19022446412,0.001734271124385779,9.165902841429881e-4,-0.0077697647376151965
1590165410,0.001734271124385779,9.165902841429881e-4,-0.007769764737615196
19018419410,0.001734271124385779,9.165902841429881e-4,-0.007769764737615196
19049816413,0.001734271124385779,9.165902841429881e-4,-0.007769764737615196
19093848412,0.001734271124385779,9.165902841429881e-4,-0.007769764737615196
40161463412,0.001734271124385779,9.165902841429881e-4,-0.007769764737615196
40162104410,0.001734271124385779,9.165902841429881e-4,-0.007769764737615196
923840412,0.001734271124385779,9.165902841429881e-4,-0.007769764737615195
929698410,0.001734271124385779,9.165902841429881e-4,-0.007769764737615195
1305496410,0.001734271124385779,9.165902841429881e-4,-0.007769764737615195
752061410,0.01878793718084594,0.016040329972502293,-0.007764199916529904
923672412,0.011947201079102033,0.014207149404216315,0.007755716051070617
21604635410,0.12563830812216978,0.1324472960586618,0.007752041429228597
40170360410,7.707871663936795e-4,0.001374885426214482,0.007737390364527638
718583413,7.707871663936795e-4,0.001374885426214482,0.0077373903645276375
1312007410,7.707871663936795e-4,0.001374885426214482,0.0077373903645276375
19049877413,7.707871663936795e-4,0.001374885426214482,0.0077373903645276375
19095690412,7.707871663936795e-4,0.001374885426214482,0.0077373903645276375
21600593413,7.707871663936795e-4,0.001374885426214482,0.0077373903645276375
21604817413,7.707871663936795e-4,0.001374885426214482,0.0077373903645276375
40161213412,7.707871663936795e-4,0.001374885426214482,0.0077373903645276375
40161930412,7.707871663936795e-4,0.001374885426214482,0.0077373903645276375
917205412,7.707871663936795e-4,0.001374885426214482,0.007737390364527636
1307542412,7.707871663936795e-4,0.001374885426214482,0.007737390364527636
1584910413,7.707871663936795e-4,0.001374885426214482,0.007737390364527636
21601245412,7.707871663936795e-4,0.001374885426214482,0.007737390364527636
21601254412,7.707871663936795e-4,0.001374885426214482,0.007737390364527636
21604485413,7.707871663936795e-4,0.001374885426214482,0.007737390364527636
21604820413,7.707871663936795e-4,0.001374885426214482,0.007737390364527636
40161676410,7.707871663936795e-4,0.001374885426214482,0.007737390364527636
40167608410,7.707871663936795e-4,0.001374885426214482,0.007737390364527636
40181642410,7.707871663936795e-4,0.001374885426214482,0.007737390364527636
1338005412,0.019269679159841988,0.016498625114573784,-0.007732156929812158
19022003410,0.009249445996724155,0.007332722273143905,-0.007724820605021783
40176157410,0.0037575874361691877,0.005041246562786435,0.007723672096512648
1125315413,0.0920127179882455,0.08615948670944087,-0.0077105024465959045
21604343413,0.0920127179882455,0.08615948670944087,-0.0077105024465959045
976778412,0.0028904518739762985,0.0018331805682859762,-0.007709541978157315
40161896410,0.0028904518739762985,0.0018331805682859762,-0.007709541978157315
40162083410,0.0028904518739762985,0.0018331805682859762,-0.007709541978157315
40171271410,0.0028904518739762985,0.0018331805682859762,-0.007709541978157315
1135710410,0.0028904518739762985,0.0018331805682859762,-0.007709541978157313
1181809412,0.0028904518739762985,0.0018331805682859762,-0.007709541978157313
19067073413,0.0028904518739762985,0.0018331805682859762,-0.007709541978157313
21603934410,0.0028904518739762985,0.0018331805682859762,-0.007709541978157313
21604255413,0.01975142113883804,0.01695692025664528,-0.007702185421286055
931973410,0.025146931303593797,0.021998166819431713,-0.007701273970589829
1776430412,0.002216013103381829,0.0032080659945004585,0.007699924447563357
21601032410,0.002216013103381829,0.0032080659945004585,0.007699924447563357
1554072413,0.002216013103381829,0.0032080659945004585,0.007699924447563356
21602760413,0.002216013103381829,0.0032080659945004585,0.007699924447563356
1143374412,0.006166297331149436,0.007791017415215398,0.007690133444560494
21603303412,0.006166297331149436,0.007791017415215398,0.007690133444560494
1307863413,0.03083148665574718,0.034372135655362054,0.007686268485987406
21601766413,0.03083148665574718,0.034372135655362054,0.007686268485987406
988294413,0.003372193852972348,0.00458295142071494,0.007677561203791451
1309068413,0.0023123614991810387,0.001374885426214482,-0.007668997460562011
21600432413,0.0023123614991810387,0.001374885426214482,-0.007668997460562011
1552929412,0.0023123614991810387,0.001374885426214482,-0.00766899746056201
40172254410,0.0023123614991810387,0.001374885426214482,-0.00766899746056201
21604801410,0.20474034107332112,0.19660861594867093,-0.007654651492869528
735951413,0.0026014066865786686,0.0036663611365719525,0.007654131792877886
21604838413,0.0026014066865786686,0.0036663611365719525,0.007654131792877886
21604840413,0.0026014066865786686,0.0036663611365719525,0.007654131792877886
1319998412,0.0029868002697755083,0.004124656278643446,0.0076514357004635524
1729720412,0.0029868002697755083,0.004124656278643446,0.0076514357004635524
21600047413,0.0029868002697755083,0.004124656278643446,0.0076514357004635524
40162219410,0.0029868002697755083,0.004124656278643446,0.0076514357004635524
21603966410,0.3300896040080933,0.33959670027497707,0.0076499181408735675
21600840410,0.020714905096830136,0.017873510540788267,-0.007647926658681179
21600841410,0.020714905096830136,0.017873510540788267,-0.007647926658681179
21602326412,0.004528374602562868,0.0032080659945004585,-0.007645521766126425
21603396412,0.13238269582811446,0.12557286892758937,-0.007641709439691633
21603552412,0.05540032758454572,0.06003666361136572,0.007626528615700162
1114122410,0.009731187975720205,0.007791017415215398,-0.007619763382531313
794852413,0.0055882069563541765,0.004124656278643446,-0.007612455065221547
19069022413,0.0055882069563541765,0.004124656278643446,-0.007612455065221547
21603395412,0.1346950573272955,0.12786434463794683,-0.007608698055485256
1363749410,0.06734752866364775,0.07241063244729606,0.007607892918260683
932815412,0.008189613642932846,0.006416131989000917,-0.00759836861768663
951469410,0.005780903747952597,0.007332722273143905,0.00758132285425416
929887410,0.14962905867617304,0.14252978918423465,-0.007565973916161525
21604802412,0.03786491954908951,0.04170485792850596,0.007558352987247499
21605145410,0.01474130455727912,0.01237396883593034,-0.007546591916892751
21605146410,0.01474130455727912,0.01237396883593034,-0.007546591916892751
1195334410,0.03959919067347529,0.035747021081576534,-0.007545125794589277
21603698412,0.01820984680605068,0.015582034830430797,-0.007539188502459539
21602019413,0.012236246266499664,0.01008249312557287,-0.007536800771628556
21603241413,0.012236246266499664,0.01008249312557287,-0.007536800771628556
21600424413,0.012236246266499664,0.01008249312557287,-0.007536800771628555
742267412,0.01666827247326332,0.01924839596700275,0.007536388117331046
21603754410,0.021389343867424606,0.024289642529789185,0.007508898761176282
21600011410,0.20271702476153772,0.19477543538038497,-0.007503162993339817
1504620412,0.008671355621928894,0.010540788267644362,0.007501117008601181
21602764412,0.008671355621928894,0.010540788267644362,0.007501117008601181
21604304410,0.3033047499759129,0.29422548120989916,-0.007493968115246233
1153928410,0.009923884767318624,0.011915673693858845,0.007484849749856214
1710612410,0.01917333076404278,0.016498625114573784,-0.007478872187585985
919204410,0.025050582907794584,0.021998166819431713,-0.0074774288283028685
990760410,0.025050582907794584,0.021998166819431713,-0.0074774288283028685
951279410,0.008671355621928894,0.0068744271310724105,-0.0074774234285972735
1105775413,0.008671355621928894,0.0068744271310724105,-0.007477423428597272
21601337410,0.008671355621928894,0.0068744271310724105,-0.007477423428597272
990678413,0.005395510164755757,0.0068744271310724105,0.00747374931812969
1353776412,0.005395510164755757,0.0068744271310724105,0.00747374931812969
1107830410,0.027459292802774832,0.0307057745187901,0.007452581117323374
21604685413,0.21707293573562,0.20898258478460127,-0.007452565235137913
787787412,0.003950284227767608,0.002749770852428964,-0.007449465751673474
21604170412,0.003950284227767608,0.002749770852428964,-0.007449465751673474
21604171412,0.003950284227767608,0.002749770852428964,-0.007449465751673474
21604178412,0.003950284227767608,0.002749770852428964,-0.007449465751673474
933724412,0.003950284227767608,0.002749770852428964,-0.007449465751673473
21602341413,0.003950284227767608,0.002749770852428964,-0.007449465751673473
1335471410,0.16398496965025533,0.15673693858845097,-0.007439415106655563
21603617412,0.07052702572502167,0.06553620531622364,-0.007427456277546713
21603672410,0.07004528374602563,0.06507791017415215,-0.007416135563717518
19046180410,0.02013681472203488,0.022914757103574702,0.007406117864350509
1036525410,0.012043549474901242,0.014207149404216315,0.007401528303131835
742594413,0.0010598323537913093,4.5829514207149406e-4,-0.007376875346113353
919986412,0.0010598323537913093,4.5829514207149406e-4,-0.007376875346113353
922868410,0.0010598323537913093,4.5829514207149406e-4,-0.007376875346113353
960988412,0.0010598323537913093,4.5829514207149406e-4,-0.007376875346113353
1379969410,0.0010598323537913093,4.5829514207149406e-4,-0.007376875346113353
1586346412,0.0010598323537913093,4.5829514207149406e-4,-0.007376875346113353
1836241413,0.0010598323537913093,4.5829514207149406e-4,-0.007376875346113353
19003999413,0.0010598323537913093,4.5829514207149406e-4,-0.007376875346113353
19025194410,0.0010598323537913093,4.5829514207149406e-4,-0.007376875346113353
19026459410,0.0010598323537913093,4.5829514207149406e-4,-0.007376875346113353
19057346412,0.0010598323537913093,4.5829514207149406e-4,-0.007376875346113353
19058971410,0.0010598323537913093,4.5829514207149406e-4,-0.007376875346113353
21604405410,0.0010598323537913093,4.5829514207149406e-4,-0.007376875346113353
40161692413,0.0010598323537913093,4.5829514207149406e-4,-0.007376875346113353
40161845412,0.0010598323537913093,4.5829514207149406e-4,-0.007376875346113353
40161989412,0.0010598323537913093,4.5829514207149406e-4,-0.007376875346113353
40164052410,0.0010598323537913093,4.5829514207149406e-4,-0.007376875346113353
40170848410,0.0010598323537913093,4.5829514207149406e-4,-0.007376875346113353
40172858410,0.0010598323537913093,4.5829514207149406e-4,-0.007376875346113353
40176125410,0.0010598323537913093,4.5829514207149406e-4,-0.007376875346113353
40223799412,0.0010598323537913093,4.5829514207149406e-4,-0.007376875346113353
723013413,0.008285962038732055,0.01008249312557287,0.0073720962014283105
21603857410,0.009153097600924944,0.007332722273143905,-0.007369192555772812
1129625412,0.021582040659023027,0.018790100824931256,-0.007360483101303332
21602004412,0.021582040659023027,0.018790100824931256,-0.007360483101303332
915981410,0.052895269293766256,0.04857928505957837,-0.007354978195876205
1174888413,0.03661239040369978,0.03299725022914757,-0.007353717017461204
1551860413,0.02880817034396377,0.032080659945004586,0.007342310461106392
922570410,0.05193178533577416,0.04766269477543538,-0.00733893970576155
1180182410,0.006648039310145486,0.008249312557286892,0.007314894734844294
1560305410,0.01589748530686964,0.01833180568285976,0.007278920616839181
955252410,0.01811349841025147,0.015582034830430797,-0.007278809334070193
40172135410,0.003372193852972348,0.00229147571035747,-0.007267215986993887
21602779413,0.003372193852972348,0.00229147571035747,-0.007267215986993886
919204412,0.004624722998362077,0.005957836846929423,0.007265281482443968
931973412,0.004624722998362077,0.005957836846929423,0.007265281482443968
990760412,0.004624722998362077,0.005957836846929423,0.007265281482443968
21603196410,0.04663262356681761,0.042621448212648946,-0.007259186772066486
21604896410,0.02148569226322382,0.024289642529789185,0.007246583719838813
21600713412,0.007900568455535216,0.009624197983501375,0.007241128908534588
21604375412,0.006551690914346276,0.005041246562786435,-0.00723859408793763
21602323413,0.006551690914346276,0.005041246562786435,-0.0072385940879376295
21602324413,0.006551690914346276,0.005041246562786435,-0.0072385940879376295
21600397413,0.010405626746314674,0.01237396883593034,0.007232245325219326
1139699413,0.009153097600924944,0.010999083409715857,0.007219629451577251
21604793410,0.06754022545524617,0.06278643446379469,-0.007217782993200081
740924410,0.0011561807495905194,0.0018331805682859762,0.007191150158010297
952538410,0.0011561807495905194,0.0018331805682859762,0.007191150158010297
1180182412,0.0011561807495905194,0.0018331805682859762,0.007191150158010297
1311276412,0.0011561807495905194,0.0018331805682859762,0.007191150158010297
1326378413,0.0011561807495905194,0.0018331805682859762,0.007191150158010297
1337107410,0.0011561807495905194,0.0018331805682859762,0.007191150158010297
1701928413,0.0011561807495905194,0.0018331805682859762,0.007191150158010297
21600628413,0.0011561807495905194,0.0018331805682859762,0.007191150158010297
21602031410,0.0011561807495905194,0.0018331805682859762,0.007191150158010297
21603874412,0.0011561807495905194,0.0018331805682859762,0.007191150158010297
1796458412,0.0011561807495905194,0.0018331805682859762,0.007191150158010296
40161857410,0.006262645726948646,0.007791017415215398,0.00719013914012037
1367571413,0.012621639849696503,0.010540788267644362,-0.007163948952573894
21600779412,0.03410733211292032,0.0307057745187901,-0.007160322222990647
1316354410,0.011272762308507564,0.013290559120073327,0.007132352034865715
1551673412,0.011272762308507564,0.013290559120073327,0.007132352034865715
990678410,0.05655650833413624,0.05224564619615032,-0.007114885410086762
991710410,0.0027941034781770882,0.0018331805682859762,-0.007112066922483931
21600537413,0.0027941034781770882,0.0018331805682859762,-0.007112066922483929
21601446410,0.0027941034781770882,0.0018331805682859762,-0.007112066922483929
21604530412,0.008575007226129685,0.0068744271310724105,-0.007110150912009534
1797513412,0.023701705366605645,0.026581118240146653,0.007098722287293899
1549080410,0.055593024376144135,0.051329055912007336,-0.0070949209043350385
1836241410,0.0070334328933423255,0.005499541704857928,-0.0070884704922832
929698412,2.8904518739762984e-4,0,-0.007086797203895696
40161742412,2.8904518739762984e-4,0,-0.007086797203895696
40161742413,2.8904518739762984e-4,0,-0.007086797203895696
40172218412,2.8904518739762984e-4,0,-0.007086797203895696
40172218413,2.8904518739762984e-4,0,-0.007086797203895696
514012410,2.8904518739762984e-4,0,-0.007086797203895695
514015410,2.8904518739762984e-4,0,-0.007086797203895695
529176410,2.8904518739762984e-4,0,-0.007086797203895695
529180410,2.8904518739762984e-4,0,-0.007086797203895695
529212410,2.8904518739762984e-4,0,-0.007086797203895695
529214410,2.8904518739762984e-4,0,-0.007086797203895695
529216410,2.8904518739762984e-4,0,-0.007086797203895695
703244413,2.8904518739762984e-4,0,-0.007086797203895695
703470412,2.8904518739762984e-4,0,-0.007086797203895695
709699413,2.8904518739762984e-4,0,-0.007086797203895695
711452413,2.8904518739762984e-4,0,-0.007086797203895695
712757413,2.8904518739762984e-4,0,-0.007086797203895695
731533412,2.8904518739762984e-4,0,-0.007086797203895695
745790413,2.8904518739762984e-4,0,-0.007086797203895695
751698410,2.8904518739762984e-4,0,-0.007086797203895695
901318410,2.8904518739762984e-4,0,-0.007086797203895695
903459413,2.8904518739762984e-4,0,-0.007086797203895695
905371413,2.8904518739762984e-4,0,-0.007086797203895695
906072412,2.8904518739762984e-4,0,-0.007086797203895695
907553413,2.8904518739762984e-4,0,-0.007086797203895695
908464410,2.8904518739762984e-4,0,-0.007086797203895695
908523413,2.8904518739762984e-4,0,-0.007086797203895695
908730410,2.8904518739762984e-4,0,-0.007086797203895695
908921412,2.8904518739762984e-4,0,-0.007086797203895695
909165412,2.8904518739762984e-4,0,-0.007086797203895695
909165413,2.8904518739762984e-4,0,-0.007086797203895695
912362412,2.8904518739762984e-4,0,-0.007086797203895695
912362413,2.8904518739762984e-4,0,-0.007086797203895695
912476410,2.8904518739762984e-4,0,-0.007086797203895695
914053413,2.8904518739762984e-4,0,-0.007086797203895695
915829413,2.8904518739762984e-4,0,-0.007086797203895695
917336413,2.8904518739762984e-4,0,-0.007086797203895695
919681412,2.8904518739762984e-4,0,-0.007086797203895695
922191413,2.8904518739762984e-4,0,-0.007086797203895695
923829413,2.8904518739762984e-4,0,-0.007086797203895695
925636413,2.8904518739762984e-4,0,-0.007086797203895695
929128413,2.8904518739762984e-4,0,-0.007086797203895695
929504410,2.8904518739762984e-4,0,-0.007086797203895695
940004410,2.8904518739762984e-4,0,-0.007086797203895695
950792410,2.8904518739762984e-4,0,-0.007086797203895695
951237413,2.8904518739762984e-4,0,-0.007086797203895695
952004412,2.8904518739762984e-4,0,-0.007086797203895695
952004413,2.8904518739762984e-4,0,-0.007086797203895695
955372413,2.8904518739762984e-4,0,-0.007086797203895695
956266413,2.8904518739762984e-4,0,-0.007086797203895695
958368413,2.8904518739762984e-4,0,-0.007086797203895695
958527412,2.8904518739762984e-4,0,-0.007086797203895695
959196413,2.8904518739762984e-4,0,-0.007086797203895695
984801413,2.8904518739762984e-4,0,-0.007086797203895695
989301413,2.8904518739762984e-4,0,-0.007086797203895695
990028413,2.8904518739762984e-4,0,-0.007086797203895695
990413413,2.8904518739762984e-4,0,-0.007086797203895695
992153412,2.8904518739762984e-4,0,-0.007086797203895695
1103552412,2.8904518739762984e-4,0,-0.007086797203895695
1106647410,2.8904518739762984e-4,0,-0.007086797203895695
1114620413,2.8904518739762984e-4,0,-0.007086797203895695
1118117413,2.8904518739762984e-4,0,-0.007086797203895695
1139179412,2.8904518739762984e-4,0,-0.007086797203895695
1151789412,2.8904518739762984e-4,0,-0.007086797203895695
1169352410,2.8904518739762984e-4,0,-0.007086797203895695
1172206413,2.8904518739762984e-4,0,-0.007086797203895695
1197677413,2.8904518739762984e-4,0,-0.007086797203895695
1304107412,2.8904518739762984e-4,0,-0.007086797203895695
1305637413,2.8904518739762984e-4,0,-0.007086797203895695
1309188413,2.8904518739762984e-4,0,-0.007086797203895695
1312706410,2.8904518739762984e-4,0,-0.007086797203895695
1315286410,2.8904518739762984e-4,0,-0.007086797203895695
1315865413,2.8904518739762984e-4,0,-0.007086797203895695
1315946410,2.8904518739762984e-4,0,-0.007086797203895695
1319051413,2.8904518739762984e-4,0,-0.007086797203895695
1325363410,2.8904518739762984e-4,0,-0.007086797203895695
1327978410,2.8904518739762984e-4,0,-0.007086797203895695
1332661410,2.8904518739762984e-4,0,-0.007086797203895695
1336539413,2.8904518739762984e-4,0,-0.007086797203895695
1337651410,2.8904518739762984e-4,0,-0.007086797203895695
1344992413,2.8904518739762984e-4,0,-0.007086797203895695
1344996413,2.8904518739762984e-4,0,-0.007086797203895695
1348265413,2.8904518739762984e-4,0,-0.007086797203895695
1354698412,2.8904518739762984e-4,0,-0.007086797203895695
1355509412,2.8904518739762984e-4,0,-0.007086797203895695
1356461413,2.8904518739762984e-4,0,-0.007086797203895695
1359143410,2.8904518739762984e-4,0,-0.007086797203895695
1363387410,2.8904518739762984e-4,0,-0.007086797203895695
1366279413,2.8904518739762984e-4,0,-0.007086797203895695
1389885410,2.8904518739762984e-4,0,-0.007086797203895695
1511449410,2.8904518739762984e-4,0,-0.007086797203895695
1524769413,2.8904518739762984e-4,0,-0.007086797203895695
1536743410,2.8904518739762984e-4,0,-0.007086797203895695
1542948410,2.8904518739762984e-4,0,-0.007086797203895695
1542948412,2.8904518739762984e-4,0,-0.007086797203895695
1702559413,2.8904518739762984e-4,0,-0.007086797203895695
1702911410,2.8904518739762984e-4,0,-0.007086797203895695
1708748410,2.8904518739762984e-4,0,-0.007086797203895695
1711759413,2.8904518739762984e-4,0,-0.007086797203895695
1712889410,2.8904518739762984e-4,0,-0.007086797203895695
1715472413,2.8904518739762984e-4,0,-0.007086797203895695
1716903413,2.8904518739762984e-4,0,-0.007086797203895695
1717002410,2.8904518739762984e-4,0,-0.007086797203895695
1727223412,2.8904518739762984e-4,0,-0.007086797203895695
1728416412,2.8904518739762984e-4,0,-0.007086797203895695
1731597410,2.8904518739762984e-4,0,-0.007086797203895695
1735947412,2.8904518739762984e-4,0,-0.007086797203895695
1736971413,2.8904518739762984e-4,0,-0.007086797203895695
1743222410,2.8904518739762984e-4,0,-0.007086797203895695
1756524413,2.8904518739762984e-4,0,-0.007086797203895695
1756822413,2.8904518739762984e-4,0,-0.007086797203895695
1763339413,2.8904518739762984e-4,0,-0.007086797203895695
1799139413,2.8904518739762984e-4,0,-0.007086797203895695
19004098410,2.8904518739762984e-4,0,-0.007086797203895695
19006855410,2.8904518739762984e-4,0,-0.007086797203895695
19010459410,2.8904518739762984e-4,0,-0.007086797203895695
19011064412,2.8904518739762984e-4,0,-0.007086797203895695
19011064413,2.8904518739762984e-4,0,-0.007086797203895695
19013951410,2.8904518739762984e-4,0,-0.007086797203895695
19016670412,2.8904518739762984e-4,0,-0.007086797203895695
19018154410,2.8904518739762984e-4,0,-0.007086797203895695
19019800410,2.8904518739762984e-4,0,-0.007086797203895695
19020002410,2.8904518739762984e-4,0,-0.007086797203895695
19021932410,2.8904518739762984e-4,0,-0.007086797203895695
19022479413,2.8904518739762984e-4,0,-0.007086797203895695
19023842410,2.8904518739762984e-4,0,-0.007086797203895695
19024723410,2.8904518739762984e-4,0,-0.007086797203895695
19024728410,2.8904518739762984e-4,0,-0.007086797203895695
19025925410,2.8904518739762984e-4,0,-0.007086797203895695
19026343410,2.8904518739762984e-4,0,-0.007086797203895695
19031224412,2.8904518739762984e-4,0,-0.007086797203895695
19041065410,2.8904518739762984e-4,0,-0.007086797203895695
19052903413,2.8904518739762984e-4,0,-0.007086797203895695
19060877412,2.8904518739762984e-4,0,-0.007086797203895695
19060877413,2.8904518739762984e-4,0,-0.007086797203895695
19061124412,2.8904518739762984e-4,0,-0.007086797203895695
19078156410,2.8904518739762984e-4,0,-0.007086797203895695
19078649412,2.8904518739762984e-4,0,-0.007086797203895695
19084670412,2.8904518739762984e-4,0,-0.007086797203895695
19087063412,2.8904518739762984e-4,0,-0.007086797203895695
19087208412,2.8904518739762984e-4,0,-0.007086797203895695
19087394412,2.8904518739762984e-4,0,-0.007086797203895695
19088328412,2.8904518739762984e-4,0,-0.007086797203895695
19090229410,2.8904518739762984e-4,0,-0.007086797203895695
19090984412,2.8904518739762984e-4,0,-0.007086797203895695
19091149412,2.8904518739762984e-4,0,-0.007086797203895695
19091149413,2.8904518739762984e-4,0,-0.007086797203895695
19092139410,2.8904518739762984e-4,0,-0.007086797203895695
19092712410,2.8904518739762984e-4,0,-0.007086797203895695
19100758410,2.8904518739762984e-4,0,-0.007086797203895695
19136187410,2.8904518739762984e-4,0,-0.007086797203895695
19136750410,2.8904518739762984e-4,0,-0.007086797203895695
21600276413,2.8904518739762984e-4,0,-0.007086797203895695
21600403412,2.8904518739762984e-4,0,-0.007086797203895695
21601019413,2.8904518739762984e-4,0,-0.007086797203895695
21601027413,2.8904518739762984e-4,0,-0.007086797203895695
21601038410,2.8904518739762984e-4,0,-0.007086797203895695
21601388413,2.8904518739762984e-4,0,-0.007086797203895695
21601979413,2.8904518739762984e-4,0,-0.007086797203895695
21602430413,2.8904518739762984e-4,0,-0.007086797203895695
21602431413,2.8904518739762984e-4,0,-0.007086797203895695
21602619410,2.8904518739762984e-4,0,-0.007086797203895695
21602629412,2.8904518739762984e-4,0,-0.007086797203895695
21602629413,2.8904518739762984e-4,0,-0.007086797203895695
21602719410,2.8904518739762984e-4,0,-0.007086797203895695
21603121413,2.8904518739762984e-4,0,-0.007086797203895695
21603122413,2.8904518739762984e-4,0,-0.007086797203895695
21603142413,2.8904518739762984e-4,0,-0.007086797203895695
21603177413,2.8904518739762984e-4,0,-0.007086797203895695
21603728413,2.8904518739762984e-4,0,-0.007086797203895695
21603731413,2.8904518739762984e-4,0,-0.007086797203895695
21604186413,2.8904518739762984e-4,0,-0.007086797203895695
21604536413,2.8904518739762984e-4,0,-0.007086797203895695
21604649412,2.8904518739762984e-4,0,-0.007086797203895695
21605096412,2.8904518739762984e-4,0,-0.007086797203895695
21605097412,2.8904518739762984e-4,0,-0.007086797203895695
40161040413,2.8904518739762984e-4,0,-0.007086797203895695
40161182413,2.8904518739762984e-4,0,-0.007086797203895695
40161334413,2.8904518739762984e-4,0,-0.007086797203895695
40161637413,2.8904518739762984e-4,0,-0.007086797203895695
40161688412,2.8904518739762984e-4,0,-0.007086797203895695
40161730413,2.8904518739762984e-4,0,-0.007086797203895695
40161734412,2.8904518739762984e-4,0,-0.007086797203895695
40161853413,2.8904518739762984e-4,0,-0.007086797203895695
40161861413,2.8904518739762984e-4,0,-0.007086797203895695
40161972412,2.8904518739762984e-4,0,-0.007086797203895695
40162054410,2.8904518739762984e-4,0,-0.007086797203895695
40162079410,2.8904518739762984e-4,0,-0.007086797203895695
40162140413,2.8904518739762984e-4,0,-0.007086797203895695
40162208410,2.8904518739762984e-4,0,-0.007086797203895695
40163731410,2.8904518739762984e-4,0,-0.007086797203895695
40164052412,2.8904518739762984e-4,0,-0.007086797203895695
40164828413,2.8904518739762984e-4,0,-0.007086797203895695
40167333412,2.8904518739762984e-4,0,-0.007086797203895695
40167554410,2.8904518739762984e-4,0,-0.007086797203895695
40167666413,2.8904518739762984e-4,0,-0.007086797203895695
40170370412,2.8904518739762984e-4,0,-0.007086797203895695
40170370413,2.8904518739762984e-4,0,-0.007086797203895695
40170385413,2.8904518739762984e-4,0,-0.007086797203895695
40170408413,2.8904518739762984e-4,0,-0.007086797203895695
40170576412,2.8904518739762984e-4,0,-0.007086797203895695
40170737413,2.8904518739762984e-4,0,-0.007086797203895695
40170858413,2.8904518739762984e-4,0,-0.007086797203895695
40170862413,2.8904518739762984e-4,0,-0.007086797203895695
40170964413,2.8904518739762984e-4,0,-0.007086797203895695
40171120413,2.8904518739762984e-4,0,-0.007086797203895695
40171124413,2.8904518739762984e-4,0,-0.007086797203895695
40171157412,2.8904518739762984e-4,0,-0.007086797203895695
40171598413,2.8904518739762984e-4,0,-0.007086797203895695
40171783410,2.8904518739762984e-4,0,-0.007086797203895695
40171977413,2.8904518739762984e-4,0,-0.007086797203895695
40171995413,2.8904518739762984e-4,0,-0.007086797203895695
40172246413,2.8904518739762984e-4,0,-0.007086797203895695
40172492413,2.8904518739762984e-4,0,-0.007086797203895695
40172704413,2.8904518739762984e-4,0,-0.007086797203895695
40172778413,2.8904518739762984e-4,0,-0.007086797203895695
40172876413,2.8904518739762984e-4,0,-0.007086797203895695
40173046410,2.8904518739762984e-4,0,-0.007086797203895695
40174671413,2.8904518739762984e-4,0,-0.007086797203895695
40175648410,2.8904518739762984e-4,0,-0.007086797203895695
40175764413,2.8904518739762984e-4,0,-0.007086797203895695
40175835410,2.8904518739762984e-4,0,-0.007086797203895695
40175871413,2.8904518739762984e-4,0,-0.007086797203895695
40175889412,2.8904518739762984e-4,0,-0.007086797203895695
40175889413,2.8904518739762984e-4,0,-0.007086797203895695
40175931413,2.8904518739762984e-4,0,-0.007086797203895695
40175984412,2.8904518739762984e-4,0,-0.007086797203895695
40175985413,2.8904518739762984e-4,0,-0.007086797203895695
40183759412,2.8904518739762984e-4,0,-0.007086797203895695
40183759413,2.8904518739762984e-4,0,-0.007086797203895695
40222465410,2.8904518739762984e-4,0,-0.007086797203895695
40223750413,2.8904518739762984e-4,0,-0.007086797203895695
40223846412,2.8904518739762984e-4,0,-0.007086797203895695
40224159410,2.8904518739762984e-4,0,-0.007086797203895695
40226521412,2.8904518739762984e-4,0,-0.007086797203895695
40226521413,2.8904518739762984e-4,0,-0.007086797203895695
40226690412,2.8904518739762984e-4,0,-0.007086797203895695
40227394413,2.8904518739762984e-4,0,-0.007086797203895695
40227472413,2.8904518739762984e-4,0,-0.007086797203895695
44785885410,2.8904518739762984e-4,0,-0.007086797203895695
787362410,2.8904518739762984e-4,0,-0.007086797203895694
938044413,2.8904518739762984e-4,0,-0.007086797203895694
1116109412,2.8904518739762984e-4,0,-0.007086797203895694
1326115410,2.8904518739762984e-4,0,-0.007086797203895694
1351115413,2.8904518739762984e-4,0,-0.007086797203895694
1377023412,2.8904518739762984e-4,0,-0.007086797203895694
1562586412,2.8904518739762984e-4,0,-0.007086797203895694
1597235412,2.8904518739762984e-4,0,-0.007086797203895694
19005658410,2.8904518739762984e-4,0,-0.007086797203895694
19010496412,2.8904518739762984e-4,0,-0.007086797203895694
19010496413,2.8904518739762984e-4,0,-0.007086797203895694
19051463413,2.8904518739762984e-4,0,-0.007086797203895694
19058410412,2.8904518739762984e-4,0,-0.007086797203895694
19077457413,2.8904518739762984e-4,0,-0.007086797203895694
19087317413,2.8904518739762984e-4,0,-0.007086797203895694
21600404410,2.8904518739762984e-4,0,-0.007086797203895694
21602705410,2.8904518739762984e-4,0,-0.007086797203895694
21603845412,2.8904518739762984e-4,0,-0.007086797203895694
40161624412,2.8904518739762984e-4,0,-0.007086797203895694
40162005412,2.8904518739762984e-4,0,-0.007086797203895694
40166881413,2.8904518739762984e-4,0,-0.007086797203895694
40170543412,2.8904518739762984e-4,0,-0.007086797203895694
40171271413,2.8904518739762984e-4,0,-0.007086797203895694
40172299413,2.8904518739762984e-4,0,-0.007086797203895694
40175843413,2.8904518739762984e-4,0,-0.007086797203895694
1502826410,0.008767704017728105,0.010540788267644362,0.007083529888115957
21602287412,0.008767704017728105,0.010540788267644362,0.007083529888115956
21602002412,0.04605453319202235,0.04216315307057745,-0.007083430804814241
21602003412,0.04605453319202235,0.04216315307057745,-0.007083430804814241
21605285412,0.11031891319009539,0.10449129239230064,-0.007075952619064108
21603679413,0.01724636284805858,0.019706691109074245,0.0070742713637721435
21600888412,0.0038539358319683976,0.005041246562786435,0.007073848904174842
40169661410,0.0038539358319683976,0.005041246562786435,0.007073848904174842
21603812413,0.005877252143751807,0.007332722273143905,0.007064577330214892
1594973413,0.01753540803545621,0.015123739688359304,-0.007044340597690813
21601864412,0.07794585220156085,0.08295142071494042,0.007038101004333357
907879410,0.011080065516909144,0.00916590284142988,-0.007033174840125127
992153410,0.001637922728586569,9.165902841429881e-4,-0.007032024852466958
750119410,0.001637922728586569,9.165902841429881e-4,-0.007032024852466957
1319998413,0.001637922728586569,9.165902841429881e-4,-0.007032024852466957
1756822410,0.001637922728586569,9.165902841429881e-4,-0.007032024852466957
1784444413,0.001637922728586569,9.165902841429881e-4,-0.007032024852466957
40161849412,0.001637922728586569,9.165902841429881e-4,-0.007032024852466957
40175834410,0.001637922728586569,9.165902841429881e-4,-0.007032024852466957
1036094412,0.001637922728586569,9.165902841429881e-4,-0.007032024852466956
1036884412,0.001637922728586569,9.165902841429881e-4,-0.007032024852466956
1316262412,0.001637922728586569,9.165902841429881e-4,-0.007032024852466956
19030692410,0.001637922728586569,9.165902841429881e-4,-0.007032024852466956
19036731410,0.001637922728586569,9.165902841429881e-4,-0.007032024852466956
21602201410,0.001637922728586569,9.165902841429881e-4,-0.007032024852466956
21602410413,0.001637922728586569,9.165902841429881e-4,-0.007032024852466956
21603379410,0.001637922728586569,9.165902841429881e-4,-0.007032024852466956
1308216412,0.10887368725310724,0.10311640696608616,-0.007031169143635803
714684410,0.04220059736005396,0.0384967919340055,-0.007031092863902627
21604685410,0.6987185663358705,0.69019248395967,-0.007030545452653066
1112921410,0.04171885538105791,0.038038496791934,-0.007025334568845626
21602869410,0.09625204740341073,0.10174152153987168,0.007020556084440776
950370410,0.014066865786684651,0.011915673693858845,-0.007012969854134911
21604472412,0.014066865786684651,0.011915673693858845,-0.007012969854134911
901845410,0.002216013103381829,0.001374885426214482,-0.007011617391373274
1510202412,0.002216013103381829,0.001374885426214482,-0.007011617391373274
1133201412,0.002216013103381829,0.001374885426214482,-0.007011617391373273
1304643412,0.002216013103381829,0.001374885426214482,-0.007011617391373273
1598819410,0.002216013103381829,0.001374885426214482,-0.007011617391373273
19087317410,0.002216013103381829,0.001374885426214482,-0.007011617391373273
21602609410,0.002216013103381829,0.001374885426214482,-0.007011617391373273
21604286412,0.002216013103381829,0.001374885426214482,-0.007011617391373273
904356410,0.009056749205125735,0.007332722273143905,-0.0070105278005179955
923081410,0.025821370074188266,0.022914757103574702,-0.007010271718999647
790253410,0.01984776953463725,0.022456461961503207,0.007008086617591587
21600651413,0.04981212062819154,0.045829514207149404,-0.006981601227819504
924939413,4.817419789960497e-4,9.165902841429881e-4,0.006980761953442953
938205413,4.817419789960497e-4,9.165902841429881e-4,0.006980761953442953
959196412,4.817419789960497e-4,9.165902841429881e-4,0.006980761953442953
1300153413,4.817419789960497e-4,9.165902841429881e-4,0.006980761953442953
1322199410,4.817419789960497e-4,9.165902841429881e-4,0.006980761953442953
1377141413,4.817419789960497e-4,9.165902841429881e-4,0.006980761953442953
1520218412,4.817419789960497e-4,9.165902841429881e-4,0.006980761953442953
1769535413,4.817419789960497e-4,9.165902841429881e-4,0.006980761953442953
19052817410,4.817419789960497e-4,9.165902841429881e-4,0.006980761953442953
19060903410,4.817419789960497e-4,9.165902841429881e-4,0.006980761953442953
40161718413,4.817419789960497e-4,9.165902841429881e-4,0.006980761953442953
40161817413,4.817419789960497e-4,9.165902841429881e-4,0.006980761953442953
40169416412,4.817419789960497e-4,9.165902841429881e-4,0.006980761953442953
40226492412,4.817419789960497e-4,9.165902841429881e-4,0.006980761953442953
40226492413,4.817419789960497e-4,9.165902841429881e-4,0.006980761953442953
40227355410,4.817419789960497e-4,9.165902841429881e-4,0.006980761953442953
723344410,4.817419789960497e-4,9.165902841429881e-4,0.006980761953442952
931035410,4.817419789960497e-4,9.165902841429881e-4,0.006980761953442952
933794412,4.817419789960497e-4,9.165902841429881e-4,0.006980761953442952
1358436410,4.817419789960497e-4,9.165902841429881e-4,0.006980761953442952
1555120412,4.817419789960497e-4,9.165902841429881e-4,0.006980761953442952
1703026410,4.817419789960497e-4,9.165902841429881e-4,0.006980761953442952
19016670410,4.817419789960497e-4,9.165902841429881e-4,0.006980761953442952
19017241410,4.817419789960497e-4,9.165902841429881e-4,0.006980761953442952
19086176412,4.817419789960497e-4,9.165902841429881e-4,0.006980761953442952
19087063410,4.817419789960497e-4,9.165902841429881e-4,0.006980761953442952
21602029413,4.817419789960497e-4,9.165902841429881e-4,0.006980761953442952
40160939413,4.817419789960497e-4,9.165902841429881e-4,0.006980761953442952
40161976413,4.817419789960497e-4,9.165902841429881e-4,0.006980761953442952
40162251412,4.817419789960497e-4,9.165902841429881e-4,0.006980761953442952
40166881412,4.817419789960497e-4,9.165902841429881e-4,0.006980761953442952
40171957412,4.817419789960497e-4,9.165902841429881e-4,0.006980761953442952
40172000412,4.817419789960497e-4,9.165902841429881e-4,0.006980761953442952
40172069412,4.817419789960497e-4,9.165902841429881e-4,0.006980761953442952
40172321412,4.817419789960497e-4,9.165902841429881e-4,0.006980761953442952
529303413,4.817419789960497e-4,9.165902841429881e-4,0.006980761953442951
780442410,4.817419789960497e-4,9.165902841429881e-4,0.006980761953442951
908523412,4.817419789960497e-4,9.165902841429881e-4,0.006980761953442951
1314577413,4.817419789960497e-4,9.165902841429881e-4,0.006980761953442951
1379525412,4.817419789960497e-4,9.165902841429881e-4,0.006980761953442951
1758392410,4.817419789960497e-4,9.165902841429881e-4,0.006980761953442951
1776684413,4.817419789960497e-4,9.165902841429881e-4,0.006980761953442951
19004724412,4.817419789960497e-4,9.165902841429881e-4,0.006980761953442951
21601288413,4.817419789960497e-4,9.165902841429881e-4,0.006980761953442951
21601569412,4.817419789960497e-4,9.165902841429881e-4,0.006980761953442951
40160955410,4.817419789960497e-4,9.165902841429881e-4,0.006980761953442951
40161030413,4.817419789960497e-4,9.165902841429881e-4,0.006980761953442951
40161930413,4.817419789960497e-4,9.165902841429881e-4,0.006980761953442951
40171594410,4.817419789960497e-4,9.165902841429881e-4,0.006980761953442951
40174124412,4.817419789960497e-4,9.165902841429881e-4,0.006980761953442951
1153013412,0.01599383370266885,0.01833180568285976,0.006974120485796852
986417410,0.011561807495905194,0.009624197983501375,-0.006967885937387712
21604564413,0.05048655939878601,0.05453712190650779,0.0069632708883620945
917336410,0.0075151748723383755,0.005957836846929423,-0.006957193684786329
1560278410,0.0075151748723383755,0.005957836846929423,-0.006957193684786327
21602775410,0.0075151748723383755,0.005957836846929423,-0.006957193684786327
21602776410,0.0075151748723383755,0.005957836846929423,-0.006957193684786327
21602777410,0.0075151748723383755,0.005957836846929423,-0.006957193684786327
778268413,0.009634839579920994,0.011457378551787351,0.0069564327278471266
790253413,0.001541574332787359,0.00229147571035747,0.0069542590584801955
1319880413,0.001541574332787359,0.00229147571035747,0.0069542590584801955
21604525413,0.001541574332787359,0.00229147571035747,0.0069542590584801955
40161857412,0.001541574332787359,0.00229147571035747,0.0069542590584801955
40162259412,0.001541574332787359,0.00229147571035747,0.0069542590584801955
1347384413,0.008382310434531266,0.01008249312557287,0.006944930669691028
904501410,0.0038539358319683976,0.002749770852428964,-0.0069253982827942005
1704183412,0.0038539358319683976,0.002749770852428964,-0.0069253982827942005
21601910413,0.0038539358319683976,0.002749770852428964,-0.0069253982827942
21605229413,0.003083148665574718,0.004124656278643446,0.006917887340544929
19005046410,0.003083148665574718,0.004124656278643446,0.006917887340544928
19095690410,0.003083148665574718,0.004124656278643446,0.006917887340544928
40161845410,0.003083148665574718,0.004124656278643446,0.006917887340544928
21605212412,0.13218999903651604,0.12603116406966086,-0.006912973970220193
705755410,0.004913768185759707,0.0036663611365719525,-0.006911901969023147
930021410,0.004913768185759707,0.0036663611365719525,-0.006911901969023146
1346686412,0.004913768185759707,0.0036663611365719525,-0.006911901969023146
21603159413,0.004913768185759707,0.0036663611365719525,-0.006911901969023146
1125765410,0.004913768185759707,0.0036663611365719525,-0.0069119019690231445
21604220412,0.02042585990943251,0.017873510540788267,-0.006910020929012056
1558242413,0.029000867135562193,0.032080659945004586,0.006891881827564691
21600960413,0.12139897870700453,0.1154903758020165,-0.006879431495960637
21600961413,0.12139897870700453,0.1154903758020165,-0.006879431495960637
1103518412,0.0026977550823778784,0.0036663611365719525,0.006864551865234378
1436650410,0.0026977550823778784,0.0036663611365719525,0.006864551865234378
1778162413,0.0026977550823778784,0.0036663611365719525,0.006864551865234378
19004718410,0.0019269679159841988,0.002749770852428964,0.00685886285216282
718583412,0.0019269679159841988,0.002749770852428964,0.006858862852162818
959174412,0.0019269679159841988,0.002749770852428964,0.006858862852162818
21604817412,0.0019269679159841988,0.002749770852428964,0.006858862852162818
21604445410,0.025532324886790636,0.02841429880843263,0.006857045975391739
990678412,0.010501975142113883,0.01237396883593034,0.006853175562998723
21603491413,0.010501975142113883,0.01237396883593034,0.006853175562998723
21604489413,0.14567877444840543,0.13932172318973418,-0.006848567024078728
21600409412,0.04085171981886502,0.044454628780934924,0.006845833188644273
21600410412,0.04085171981886502,0.044454628780934924,0.006845833188644273
752061412,0.0023123614991810387,0.0032080659945004585,0.006839329077617561
1337720410,0.0023123614991810387,0.0032080659945004585,0.006839329077617561
918906410,0.0988534540899894,0.09349220898258478,-0.006834143859785445
19020477412,0.009249445996724155,0.010999083409715857,0.006814514466090537
21603548412,0.009249445996724155,0.010999083409715857,0.006814514466090537
1114220412,0.005106464977358127,0.006416131989000917,0.006812050602940749
21600047412,0.005106464977358127,0.006416131989000917,0.006812050602940747
21600735410,0.005106464977358127,0.006416131989000917,0.006812050602940747
970250412,0.03632334521630215,0.03299725022914757,-0.006787481755553128
21603249413,0.026206763657385106,0.023373052245646196,-0.0067827258329898
21603255413,0.026206763657385106,0.023373052245646196,-0.0067827258329898
21600011413,0.017439059639657,0.015123739688359304,-0.006778420900378442
21604135410,0.04730706233741208,0.043538038496791935,-0.006770916290389412
1305447413,0.010501975142113883,0.008707607699358386,-0.0067689851012457695
21602785410,0.028133731573369302,0.025206232813932174,-0.0067671866248744834
927478410,0.01907698236824357,0.02153987167736022,0.0067473329381227565
21600932410,0.01907698236824357,0.02153987167736022,0.006747332938122755
21600933410,0.01907698236824357,0.02153987167736022,0.006747332938122755
700465412,0.008478658830330475,0.0068744271310724105,-0.006739527459356222
901656410,0.014355910974082281,0.016498625114573784,0.006738967318841947
21605199412,0.019944117930436458,0.022456461961503207,0.006736331441971631
21605200412,0.019944117930436458,0.022456461961503207,0.006736331441971631
19049105413,0.024279795741400906,0.027039413382218148,0.00672830705360863
21602751413,0.0969264861740052,0.10219981668194317,0.006724513913149196
1361711412,0.013970517390885442,0.011915673693858845,-0.0067181579967261484
21601625412,0.013970517390885442,0.011915673693858845,-0.0067181579967261484
21600941410,0.005395510164755757,0.004124656278643446,-0.006710556909636834
21601245410,0.005395510164755757,0.004124656278643446,-0.006710556909636834
21601254410,0.005395510164755757,0.004124656278643446,-0.006710556909636834
21604658410,0.003275845457173138,0.00229147571035747,-0.006703386087397796
40162078410,0.003275845457173138,0.00229147571035747,-0.006703386087397794
21603396413,0.06860005780903748,0.06416131989000917,-0.006687825486430002
40175853410,0.004721071394161287,0.005957836846929423,0.006685886438044901
21603090410,0.006937084497543116,0.005499541704857928,-0.006682380177780297
1237049413,0.04152615858945949,0.038038496791934,-0.006669887037954228
1322184413,0.008864052413527316,0.010540788267644362,0.006669694804314302
1315942410,0.004335677810964447,0.0032080659945004585,-0.006653524789570182
1782521410,0.004335677810964447,0.0032080659945004585,-0.006653524789570182
21603102410,0.004335677810964447,0.0032080659945004585,-0.006653524789570182
21603172410,0.004335677810964447,0.0032080659945004585,-0.006653524789570182
40162097410,0.004335677810964447,0.0032080659945004585,-0.006653524789570182
19000537410,0.004335677810964447,0.0032080659945004585,-0.00665352478957018
19006410410,0.004335677810964447,0.0032080659945004585,-0.00665352478957018
21600521410,0.004335677810964447,0.0032080659945004585,-0.00665352478957018
21600522410,0.004335677810964447,0.0032080659945004585,-0.00665352478957018
1110410412,0.014934001348877542,0.012832263978001834,-0.006645578486366547
21604515410,0.07611523268137585,0.07149404216315307,-0.006634433226624124
1113648410,0.026495808844782736,0.02933088909257562,0.006628259402302209
21602791410,0.02177473745062145,0.01924839596700275,-0.006623702905662714
21600509410,0.04817419789960497,0.044454628780934924,-0.00662326901097346
1362225412,0.01541574332787359,0.013290559120073327,-0.006613796856294151
21601079410,0.07515174872338376,0.07057745187901009,-0.006605750997852346
19025274412,0.10241834473456017,0.09715857011915674,-0.0065985292854786265
21601387412,0.03478177088351479,0.03162236480293309,-0.006583063580338375
1153428412,0.004335677810964447,0.005499541704857928,0.006560628016123139
21600554412,0.004335677810964447,0.005499541704857928,0.006560628016123139
40161103410,0.004335677810964447,0.005499541704857928,0.006560628016123139
21603283413,0.005877252143751807,0.00458295142071494,-0.006540785836234959
1322184412,0.015704788515271222,0.017873510540788267,0.0065319322034714305
529218413,1.9269679159841988e-4,4.5829514207149406e-4,0.0065119286864394445
586491410,1.9269679159841988e-4,4.5829514207149406e-4,0.0065119286864394445
595252410,1.9269679159841988e-4,4.5829514207149406e-4,0.0065119286864394445
715710412,1.9269679159841988e-4,4.5829514207149406e-4,0.0065119286864394445
730729413,1.9269679159841988e-4,4.5829514207149406e-4,0.0065119286864394445
733896412,1.9269679159841988e-4,4.5829514207149406e-4,0.0065119286864394445
904501413,1.9269679159841988e-4,4.5829514207149406e-4,0.0065119286864394445
905223412,1.9269679159841988e-4,4.5829514207149406e-4,0.0065119286864394445
906874412,1.9269679159841988e-4,4.5829514207149406e-4,0.0065119286864394445
912803413,1.9269679159841988e-4,4.5829514207149406e-4,0.0065119286864394445
914244413,1.9269679159841988e-4,4.5829514207149406e-4,0.0065119286864394445
929638412,1.9269679159841988e-4,4.5829514207149406e-4,0.0065119286864394445
929638413,1.9269679159841988e-4,4.5829514207149406e-4,0.0065119286864394445
934075412,1.9269679159841988e-4,4.5829514207149406e-4,0.0065119286864394445
939863410,1.9269679159841988e-4,4.5829514207149406e-4,0.0065119286864394445
939881413,1.9269679159841988e-4,4.5829514207149406e-4,0.0065119286864394445
950183413,1.9269679159841988e-4,4.5829514207149406e-4,0.0065119286864394445
966913410,1.9269679159841988e-4,4.5829514207149406e-4,0.0065119286864394445
967496412,1.9269679159841988e-4,4.5829514207149406e-4,0.0065119286864394445
967562413,1.9269679159841988e-4,4.5829514207149406e-4,0.0065119286864394445
976309413,1.9269679159841988e-4,4.5829514207149406e-4,0.0065119286864394445
992308412,1.9269679159841988e-4,4.5829514207149406e-4,0.0065119286864394445
1101703412,1.9269679159841988e-4,4.5829514207149406e-4,0.0065119286864394445
1125765413,1.9269679159841988e-4,4.5829514207149406e-4,0.0065119286864394445
1135710413,1.9269679159841988e-4,4.5829514207149406e-4,0.0065119286864394445
1188052413,1.9269679159841988e-4,4.5829514207149406e-4,0.0065119286864394445
1319219410,1.9269679159841988e-4,4.5829514207149406e-4,0.0065119286864394445
1340532410,1.9269679159841988e-4,4.5829514207149406e-4,0.0065119286864394445
1368823410,1.9269679159841988e-4,4.5829514207149406e-4,0.0065119286864394445
1391470410,1.9269679159841988e-4,4.5829514207149406e-4,0.0065119286864394445
1401581413,1.9269679159841988e-4,4.5829514207149406e-4,0.0065119286864394445
1507705413,1.9269679159841988e-4,4.5829514207149406e-4,0.0065119286864394445
1513849412,1.9269679159841988e-4,4.5829514207149406e-4,0.0065119286864394445
1522957413,1.9269679159841988e-4,4.5829514207149406e-4,0.0065119286864394445
1553610410,1.9269679159841988e-4,4.5829514207149406e-4,0.0065119286864394445
1586369410,1.9269679159841988e-4,4.5829514207149406e-4,0.0065119286864394445
1598819413,1.9269679159841988e-4,4.5829514207149406e-4,0.0065119286864394445
1703603413,1.9269679159841988e-4,4.5829514207149406e-4,0.0065119286864394445
1711246410,1.9269679159841988e-4,4.5829514207149406e-4,0.0065119286864394445
1714277410,1.9269679159841988e-4,4.5829514207149406e-4,0.0065119286864394445
1738170412,1.9269679159841988e-4,4.5829514207149406e-4,0.0065119286864394445
1742432410,1.9269679159841988e-4,4.5829514207149406e-4,0.0065119286864394445
1748921413,1.9269679159841988e-4,4.5829514207149406e-4,0.0065119286864394445
1750928412,1.9269679159841988e-4,4.5829514207149406e-4,0.0065119286864394445
1750928413,1.9269679159841988e-4,4.5829514207149406e-4,0.0065119286864394445
1763204412,1.9269679159841988e-4,4.5829514207149406e-4,0.0065119286864394445
1792429413,1.9269679159841988e-4,4.5829514207149406e-4,0.0065119286864394445
19011712412,1.9269679159841988e-4,4.5829514207149406e-4,0.0065119286864394445
19013765410,1.9269679159841988e-4,4.5829514207149406e-4,0.0065119286864394445
19017241412,1.9269679159841988e-4,4.5829514207149406e-4,0.0065119286864394445
19017581410,1.9269679159841988e-4,4.5829514207149406e-4,0.0065119286864394445
19024068410,1.9269679159841988e-4,4.5829514207149406e-4,0.0065119286864394445
19024663410,1.9269679159841988e-4,4.5829514207149406e-4,0.0065119286864394445
19031378410,1.9269679159841988e-4,4.5829514207149406e-4,0.0065119286864394445
19037401412,1.9269679159841988e-4,4.5829514207149406e-4,0.0065119286864394445
19038998412,1.9269679159841988e-4,4.5829514207149406e-4,0.0065119286864394445
19038998413,1.9269679159841988e-4,4.5829514207149406e-4,0.0065119286864394445
19042801412,1.9269679159841988e-4,4.5829514207149406e-4,0.0065119286864394445
19050123410,1.9269679159841988e-4,4.5829514207149406e-4,0.0065119286864394445
19050488413,1.9269679159841988e-4,4.5829514207149406e-4,0.0065119286864394445
19052447412,1.9269679159841988e-4,4.5829514207149406e-4,0.0065119286864394445
19056802410,1.9269679159841988e-4,4.5829514207149406e-4,0.0065119286864394445
19062195412,1.9269679159841988e-4,4.5829514207149406e-4,0.0065119286864394445
19068715410,1.9269679159841988e-4,4.5829514207149406e-4,0.0065119286864394445
19068964410,1.9269679159841988e-4,4.5829514207149406e-4,0.0065119286864394445
19071160412,1.9269679159841988e-4,4.5829514207149406e-4,0.0065119286864394445
19073699413,1.9269679159841988e-4,4.5829514207149406e-4,0.0065119286864394445
19078126413,1.9269679159841988e-4,4.5829514207149406e-4,0.0065119286864394445
19082871410,1.9269679159841988e-4,4.5829514207149406e-4,0.0065119286864394445
19087067412,1.9269679159841988e-4,4.5829514207149406e-4,0.0065119286864394445
19088393412,1.9269679159841988e-4,4.5829514207149406e-4,0.0065119286864394445
19090180410,1.9269679159841988e-4,4.5829514207149406e-4,0.0065119286864394445
19096710413,1.9269679159841988e-4,4.5829514207149406e-4,0.0065119286864394445
19117912412,1.9269679159841988e-4,4.5829514207149406e-4,0.0065119286864394445
21600441413,1.9269679159841988e-4,4.5829514207149406e-4,0.0065119286864394445
21601225413,1.9269679159841988e-4,4.5829514207149406e-4,0.0065119286864394445
21601226413,1.9269679159841988e-4,4.5829514207149406e-4,0.0065119286864394445
21601227413,1.9269679159841988e-4,4.5829514207149406e-4,0.0065119286864394445
21601245413,1.9269679159841988e-4,4.5829514207149406e-4,0.0065119286864394445
21601254413,1.9269679159841988e-4,4.5829514207149406e-4,0.0065119286864394445
21601255412,1.9269679159841988e-4,4.5829514207149406e-4,0.0065119286864394445
21601258413,1.9269679159841988e-4,4.5829514207149406e-4,0.0065119286864394445
21601985412,1.9269679159841988e-4,4.5829514207149406e-4,0.0065119286864394445
21602044412,1.9269679159841988e-4,4.5829514207149406e-4,0.0065119286864394445
21602044413,1.9269679159841988e-4,4.5829514207149406e-4,0.0065119286864394445
21602049412,1.9269679159841988e-4,4.5829514207149406e-4,0.0065119286864394445
21602049413,1.9269679159841988e-4,4.5829514207149406e-4,0.0065119286864394445
21602248410,1.9269679159841988e-4,4.5829514207149406e-4,0.0065119286864394445
21602609413,1.9269679159841988e-4,4.5829514207149406e-4,0.0065119286864394445
21602709413,1.9269679159841988e-4,4.5829514207149406e-4,0.0065119286864394445
21602714413,1.9269679159841988e-4,4.5829514207149406e-4,0.0065119286864394445
21602748412,1.9269679159841988e-4,4.5829514207149406e-4,0.0065119286864394445
21602749412,1.9269679159841988e-4,4.5829514207149406e-4,0.0065119286864394445
21602990410,1.9269679159841988e-4,4.5829514207149406e-4,0.0065119286864394445
21603084410,1.9269679159841988e-4,4.5829514207149406e-4,0.0065119286864394445
21603934413,1.9269679159841988e-4,4.5829514207149406e-4,0.0065119286864394445
21604892413,1.9269679159841988e-4,4.5829514207149406e-4,0.0065119286864394445
40161242412,1.9269679159841988e-4,4.5829514207149406e-4,0.0065119286864394445
40161698412,1.9269679159841988e-4,4.5829514207149406e-4,0.0065119286864394445
40161726412,1.9269679159841988e-4,4.5829514207149406e-4,0.0065119286864394445
40161750413,1.9269679159841988e-4,4.5829514207149406e-4,0.0065119286864394445
40161997410,1.9269679159841988e-4,4.5829514207149406e-4,0.0065119286864394445
40162037412,1.9269679159841988e-4,4.5829514207149406e-4,0.0065119286864394445
40162078413,1.9269679159841988e-4,4.5829514207149406e-4,0.0065119286864394445
40162132413,1.9269679159841988e-4,4.5829514207149406e-4,0.0065119286864394445
40162255410,1.9269679159841988e-4,4.5829514207149406e-4,0.0065119286864394445
40163718412,1.9269679159841988e-4,4.5829514207149406e-4,0.0065119286864394445
40167317413,1.9269679159841988e-4,4.5829514207149406e-4,0.0065119286864394445
40167352412,1.9269679159841988e-4,4.5829514207149406e-4,0.0065119286864394445
40167516413,1.9269679159841988e-4,4.5829514207149406e-4,0.0065119286864394445
40169416413,1.9269679159841988e-4,4.5829514207149406e-4,0.0065119286864394445
40170335412,1.9269679159841988e-4,4.5829514207149406e-4,0.0065119286864394445
40170335413,1.9269679159841988e-4,4.5829514207149406e-4,0.0065119286864394445
40170509412,1.9269679159841988e-4,4.5829514207149406e-4,0.0065119286864394445
40170521410,1.9269679159841988e-4,4.5829514207149406e-4,0.0065119286864394445
40170553413,1.9269679159841988e-4,4.5829514207149406e-4,0.0065119286864394445
40170774412,1.9269679159841988e-4,4.5829514207149406e-4,0.0065119286864394445
40170774413,1.9269679159841988e-4,4.5829514207149406e-4,0.0065119286864394445
40170854413,1.9269679159841988e-4,4.5829514207149406e-4,0.0065119286864394445
40170937413,1.9269679159841988e-4,4.5829514207149406e-4,0.0065119286864394445
40171093413,1.9269679159841988e-4,4.5829514207149406e-4,0.0065119286864394445
40171641410,1.9269679159841988e-4,4.5829514207149406e-4,0.0065119286864394445
40171953412,1.9269679159841988e-4,4.5829514207149406e-4,0.0065119286864394445
40171953413,1.9269679159841988e-4,4.5829514207149406e-4,0.0065119286864394445
40172048410,1.9269679159841988e-4,4.5829514207149406e-4,0.0065119286864394445
40172160413,1.9269679159841988e-4,4.5829514207149406e-4,0.0065119286864394445
40172202412,1.9269679159841988e-4,4.5829514207149406e-4,0.0065119286864394445
40172335413,1.9269679159841988e-4,4.5829514207149406e-4,0.0065119286864394445
40172384412,1.9269679159841988e-4,4.5829514207149406e-4,0.0065119286864394445
40172384413,1.9269679159841988e-4,4.5829514207149406e-4,0.0065119286864394445
40172423413,1.9269679159841988e-4,4.5829514207149406e-4,0.0065119286864394445
40172445413,1.9269679159841988e-4,4.5829514207149406e-4,0.0065119286864394445
40172590413,1.9269679159841988e-4,4.5829514207149406e-4,0.0065119286864394445
40172594413,1.9269679159841988e-4,4.5829514207149406e-4,0.0065119286864394445
40172644412,1.9269679159841988e-4,4.5829514207149406e-4,0.0065119286864394445
40172644413,1.9269679159841988e-4,4.5829514207149406e-4,0.0065119286864394445
40174124413,1.9269679159841988e-4,4.5829514207149406e-4,0.0065119286864394445
40174405413,1.9269679159841988e-4,4.5829514207149406e-4,0.0065119286864394445
40175669412,1.9269679159841988e-4,4.5829514207149406e-4,0.0065119286864394445
40175806412,1.9269679159841988e-4,4.5829514207149406e-4,0.0065119286864394445
40175911412,1.9269679159841988e-4,4.5829514207149406e-4,0.0065119286864394445
40175911413,1.9269679159841988e-4,4.5829514207149406e-4,0.0065119286864394445
40175932413,1.9269679159841988e-4,4.5829514207149406e-4,0.0065119286864394445
40175933412,1.9269679159841988e-4,4.5829514207149406e-4,0.0065119286864394445
40222440410,1.9269679159841988e-4,4.5829514207149406e-4,0.0065119286864394445
40223294413,1.9269679159841988e-4,4.5829514207149406e-4,0.0065119286864394445
40224712413,1.9269679159841988e-4,4.5829514207149406e-4,0.0065119286864394445
40225727410,1.9269679159841988e-4,4.5829514207149406e-4,0.0065119286864394445
40226681412,1.9269679159841988e-4,4.5829514207149406e-4,0.0065119286864394445
40227386412,1.9269679159841988e-4,4.5829514207149406e-4,0.0065119286864394445
40227438412,1.9269679159841988e-4,4.5829514207149406e-4,0.0065119286864394445
40227488412,1.9269679159841988e-4,4.5829514207149406e-4,0.0065119286864394445
40238145413,1.9269679159841988e-4,4.5829514207149406e-4,0.0065119286864394445
45892906412,1.9269679159841988e-4,4.5829514207149406e-4,0.0065119286864394445
45892906413,1.9269679159841988e-4,4.5829514207149406e-4,0.0065119286864394445
1748975412,1.9269679159841988e-4,4.5829514207149406e-4,0.006511928686439443
21602914412,1.9269679159841988e-4,4.5829514207149406e-4,0.006511928686439443
21601279410,0.012717988245495712,0.01466544454628781,0.006499689732113634
1703069410,0.0026977550823778784,0.0018331805682859762,-0.00649792006611101
938268412,0.0026977550823778784,0.0018331805682859762,-0.006497920066111008
1759842413,0.0026977550823778784,0.0018331805682859762,-0.006497920066111008
19008893410,0.0026977550823778784,0.0018331805682859762,-0.006497920066111008
19086176410,0.0026977550823778784,0.0018331805682859762,-0.006497920066111008
21605268412,0.0026977550823778784,0.0018331805682859762,-0.006497920066111008
40171953410,0.0026977550823778784,0.0018331805682859762,-0.006497920066111008
21600697410,0.04412756527603815,0.04766269477543538,0.006478430025022554
21600698410,0.04412756527603815,0.04766269477543538,0.006478430025022554
21604565413,0.034878119279314,0.038038496791934,0.006477157450037223
21601560413,0.010598323537913094,0.01237396883593034,0.006476946948331378
21601561413,0.010598323537913094,0.01237396883593034,0.006476946948331378
1103314412,0.01830619520184989,0.016040329972502293,-0.006472331676641621
787787413,9.634839579920994e-4,4.5829514207149406e-4,-0.006470541858092296
21603121412,9.634839579920994e-4,4.5829514207149406e-4,-0.006470541858092296
21603122412,9.634839579920994e-4,4.5829514207149406e-4,-0.006470541858092296
21604170413,9.634839579920994e-4,4.5829514207149406e-4,-0.006470541858092296
21604171413,9.634839579920994e-4,4.5829514207149406e-4,-0.006470541858092296
21604178413,9.634839579920994e-4,4.5829514207149406e-4,-0.006470541858092296
40170814412,9.634839579920994e-4,4.5829514207149406e-4,-0.006470541858092296
501343410,9.634839579920994e-4,4.5829514207149406e-4,-0.006470541858092295
951469412,9.634839579920994e-4,4.5829514207149406e-4,-0.006470541858092295
987406412,9.634839579920994e-4,4.5829514207149406e-4,-0.006470541858092295
1344996410,9.634839579920994e-4,4.5829514207149406e-4,-0.006470541858092295
1353228413,9.634839579920994e-4,4.5829514207149406e-4,-0.006470541858092295
1373225412,9.634839579920994e-4,4.5829514207149406e-4,-0.006470541858092295
1517070412,9.634839579920994e-4,4.5829514207149406e-4,-0.006470541858092295
1749083410,9.634839579920994e-4,4.5829514207149406e-4,-0.006470541858092295
1836391412,9.634839579920994e-4,4.5829514207149406e-4,-0.006470541858092295
19010496410,9.634839579920994e-4,4.5829514207149406e-4,-0.006470541858092295
19058867410,9.634839579920994e-4,4.5829514207149406e-4,-0.006470541858092295
21600276410,9.634839579920994e-4,4.5829514207149406e-4,-0.006470541858092295
21601525412,9.634839579920994e-4,4.5829514207149406e-4,-0.006470541858092295
21602697412,9.634839579920994e-4,4.5829514207149406e-4,-0.006470541858092295
21602698412,9.634839579920994e-4,4.5829514207149406e-4,-0.006470541858092295
21604365413,9.634839579920994e-4,4.5829514207149406e-4,-0.006470541858092295
21605145413,9.634839579920994e-4,4.5829514207149406e-4,-0.006470541858092295
21605146413,9.634839579920994e-4,4.5829514207149406e-4,-0.006470541858092295
21605268413,9.634839579920994e-4,4.5829514207149406e-4,-0.006470541858092295
40161542412,9.634839579920994e-4,4.5829514207149406e-4,-0.006470541858092295
40161553410,9.634839579920994e-4,4.5829514207149406e-4,-0.006470541858092295
40161629412,9.634839579920994e-4,4.5829514207149406e-4,-0.006470541858092295
40161642413,9.634839579920994e-4,4.5829514207149406e-4,-0.006470541858092295
40161785412,9.634839579920994e-4,4.5829514207149406e-4,-0.006470541858092295
40162128412,9.634839579920994e-4,4.5829514207149406e-4,-0.006470541858092295
40169661413,9.634839579920994e-4,4.5829514207149406e-4,-0.006470541858092295
40170335410,9.634839579920994e-4,4.5829514207149406e-4,-0.006470541858092295
40170420412,9.634839579920994e-4,4.5829514207149406e-4,-0.006470541858092295
40172084412,9.634839579920994e-4,4.5829514207149406e-4,-0.006470541858092295
40172218410,9.634839579920994e-4,4.5829514207149406e-4,-0.006470541858092295
40172778412,9.634839579920994e-4,4.5829514207149406e-4,-0.006470541858092295
40173211412,9.634839579920994e-4,4.5829514207149406e-4,-0.006470541858092295
40175764412,9.634839579920994e-4,4.5829514207149406e-4,-0.006470541858092295
1399177410,9.634839579920994e-4,4.5829514207149406e-4,-0.006470541858092293
40161849413,9.634839579920994e-4,4.5829514207149406e-4,-0.006470541858092293
927322410,9.634839579920994e-4,4.5829514207149406e-4,-0.006470541858092292
40161914412,9.634839579920994e-4,4.5829514207149406e-4,-0.006470541858092292
21603060410,0.013392427016090181,0.011457378551787351,-0.006458278231689095
21603747410,0.019269679159841988,0.01695692025664528,-0.006439994148707278
21602752412,0.14432989690721648,0.15032080659945005,0.006439416130421927
21602753412,0.14432989690721648,0.15032080659945005,0.006439416130421927
702685410,0.003950284227767608,0.005041246562786435,0.006437272858045596
1502905410,0.003950284227767608,0.005041246562786435,0.006437272858045596
1515249410,0.003950284227767608,0.005041246562786435,0.006437272858045596
40161989410,0.003950284227767608,0.005041246562786435,0.006437272858045596
21602819413,0.01975142113883804,0.017415215398716773,-0.006426033408613361
723013412,0.014452259369881492,0.016498625114573784,0.006418880794979638
21602054413,0.020233163117834088,0.017873510540788267,-0.006413413129821254
21600510412,0.009345794392523364,0.010999083409715857,0.006412849303706581
21600511412,0.009345794392523364,0.010999083409715857,0.006412849303706581
21603530412,0.009345794392523364,0.010999083409715857,0.006412849303706581
21603531412,0.009345794392523364,0.010999083409715857,0.006412849303706581
1300153410,0.0055882069563541765,0.0068744271310724105,0.006410805064454009
922570413,0.0037575874361691877,0.002749770852428964,-0.00639068770661328
909440410,0.0037575874361691877,0.002749770852428964,-0.006390687706613278
1112921413,0.0037575874361691877,0.002749770852428964,-0.006390687706613278
1114620410,0.0037575874361691877,0.002749770852428964,-0.006390687706613278
1115008413,0.015319394932074381,0.017415215398716773,0.0063906729845927155
21600857410,0.23027266596011176,0.2231897341888176,-0.006385881659357178
1334456413,0.010887368725310724,0.00916590284142988,-0.006372019652514007
1363749412,0.01618653049426727,0.01833180568285976,0.00636898536324023
907013413,0.008382310434531266,0.0068744271310724105,-0.006365480362368459
21605199413,0.008382310434531266,0.0068744271310724105,-0.006365480362368459
21605200413,0.008382310434531266,0.0068744271310724105,-0.006365480362368459
21604793412,0.01705366605646016,0.01924839596700275,0.006352890693848427
1768849410,0.024087098949802484,0.02153987167736022,-0.006351532570341318
21601237413,0.6687542152423163,0.6608615948670944,-0.0063466184879701504
991382410,0.01878793718084594,0.021081576535288724,0.006334559000708874
911486410,0.0021196647075826186,0.001374885426214482,-0.006331158989531243
927478413,0.0021196647075826186,0.001374885426214482,-0.006331158989531243
986417412,0.0021196647075826186,0.001374885426214482,-0.006331158989531243
21602292413,0.0021196647075826186,0.001374885426214482,-0.006331158989531243
21604024410,0.0021196647075826186,0.001374885426214482,-0.006331158989531243
40170656410,0.0021196647075826186,0.001374885426214482,-0.006331158989531243
40172492410,0.0021196647075826186,0.001374885426214482,-0.006331158989531243
1518148410,0.0494267270449947,0.045829514207149404,-0.006325479018770168
21602795413,0.09365064071683206,0.09853345554537121,0.0063240225880732475
21602391410,0.011369110704306773,0.009624197983501375,-0.006319397518271838
751246413,0.003564890644570768,0.00458295142071494,0.006317304780439298
1738521412,0.003564890644570768,0.00458295142071494,0.006317304780439298
21602054412,0.048944985065998654,0.04537121906507791,-0.0063136466236018846
1704183410,0.01580113691107043,0.013748854262144821,-0.006305350850373707
19111620410,0.01628287889006648,0.014207149404216315,-0.0062825229335014
21601128410,0.01628287889006648,0.014207149404216315,-0.0062825229335014
1742253410,0.041140765006262646,0.044454628780934924,0.006279354574737317
21601908410,0.13768185759707102,0.13198900091659027,-0.006278493912587294
21601909410,0.13768185759707102,0.13198900091659027,-0.006278493912587294
21603302413,0.03497446767511321,0.038038496791934,0.006272907427771585
911735413,0.006840736101743906,0.005499541704857928,-0.006271700671624161
19011773410,0.006840736101743906,0.005499541704857928,-0.00627170067162416
950637410,0.005202813373157337,0.006416131989000917,0.00626458294427965
710650412,0.001541574332787359,9.165902841429881e-4,-0.006259463314809945
904525412,0.001541574332787359,9.165902841429881e-4,-0.006259463314809945
905078410,0.001541574332787359,9.165902841429881e-4,-0.006259463314809945
942799413,0.001541574332787359,9.165902841429881e-4,-0.006259463314809945
943030410,0.001541574332787359,9.165902841429881e-4,-0.006259463314809945
1137529413,0.001541574332787359,9.165902841429881e-4,-0.006259463314809945
1158632413,0.001541574332787359,9.165902841429881e-4,-0.006259463314809945
1338512410,0.001541574332787359,9.165902841429881e-4,-0.006259463314809945
1395573412,0.001541574332787359,9.165902841429881e-4,-0.006259463314809945
1512446412,0.001541574332787359,9.165902841429881e-4,-0.006259463314809945
19008264410,0.001541574332787359,9.165902841429881e-4,-0.006259463314809945
19022003413,0.001541574332787359,9.165902841429881e-4,-0.006259463314809945
19095164413,0.001541574332787359,9.165902841429881e-4,-0.006259463314809945
40175984410,0.001541574332787359,9.165902841429881e-4,-0.006259463314809945
1513849410,0.001541574332787359,9.165902841429881e-4,-0.0062594633148099444
21602074413,0.001541574332787359,9.165902841429881e-4,-0.0062594633148099444
950435410,0.011080065516909144,0.012832263978001834,0.00625740949994147
21602281410,0.141343096637441,0.14711274060494958,0.00625607658433908
40161906410,0.005299161768956547,0.004124656278643446,-0.006249817107114181
1551860412,0.05000481741978996,0.053620531622364805,0.006248006498555898
21605010413,0.01724636284805858,0.015123739688359304,-0.006243012461013705
724908410,8.671355621928895e-4,0.001374885426214482,0.0062267260959375645
781182410,8.671355621928895e-4,0.001374885426214482,0.0062267260959375645
915553410,8.671355621928895e-4,0.001374885426214482,0.0062267260959375645
1140640413,8.671355621928895e-4,0.001374885426214482,0.0062267260959375645
1586808410,8.671355621928895e-4,0.001374885426214482,0.0062267260959375645
19008897412,8.671355621928895e-4,0.001374885426214482,0.0062267260959375645
19042801410,8.671355621928895e-4,0.001374885426214482,0.0062267260959375645
19049909413,8.671355621928895e-4,0.001374885426214482,0.0062267260959375645
19137312413,8.671355621928895e-4,0.001374885426214482,0.0062267260959375645
21600259412,8.671355621928895e-4,0.001374885426214482,0.0062267260959375645
21600823413,8.671355621928895e-4,0.001374885426214482,0.0062267260959375645
21600824413,8.671355621928895e-4,0.001374885426214482,0.0062267260959375645
21602748410,8.671355621928895e-4,0.001374885426214482,0.0062267260959375645
21602749410,8.671355621928895e-4,0.001374885426214482,0.0062267260959375645
21603409413,8.671355621928895e-4,0.001374885426214482,0.0062267260959375645
21603838412,8.671355621928895e-4,0.001374885426214482,0.0062267260959375645
40161949412,8.671355621928895e-4,0.001374885426214482,0.0062267260959375645
40162116412,8.671355621928895e-4,0.001374885426214482,0.0062267260959375645
40175911410,8.671355621928895e-4,0.001374885426214482,0.0062267260959375645
42800778410,8.671355621928895e-4,0.001374885426214482,0.0062267260959375645
42801254410,8.671355621928895e-4,0.001374885426214482,0.0062267260959375645
42801267410,8.671355621928895e-4,0.001374885426214482,0.0062267260959375645
42801285410,8.671355621928895e-4,0.001374885426214482,0.0062267260959375645
42801306410,8.671355621928895e-4,0.001374885426214482,0.0062267260959375645
21602282413,0.01580113691107043,0.017873510540788267,0.006226601502319948
924566412,0.003179497061373928,0.004124656278643446,0.006202983674466959
40161953410,0.003179497061373928,0.004124656278643446,0.006202983674466959
21601560412,0.01753540803545621,0.019706691109074245,0.006202162438575435
21601561412,0.01753540803545621,0.019706691109074245,0.006202162438575435
902722410,0.012814336641294923,0.010999083409715857,-0.006190299230062445
21601864410,0.29800558820695633,0.29055912007332724,-0.006175854711912834
21601386412,0.060699489353502264,0.05682859761686526,-0.006173915759701395
915981412,0.009827536371519414,0.011457378551787351,0.006172248321490745
21600509412,0.009827536371519414,0.011457378551787351,0.006172248321490745
1717327410,0.055496675980344926,0.05178735105407883,-0.006172036022706387
21600642412,0.007322478080739956,0.005957836846929423,-0.00616397068225879
21600643412,0.007322478080739956,0.005957836846929423,-0.00616397068225879
21602627413,0.05501493400134888,0.051329055912007336,-0.0061583459712871115
751347412,0.004239329415165237,0.0032080659945004585,-0.006144138538324351
949759410,0.004239329415165237,0.0032080659945004585,-0.006144138538324351
1236744413,0.004239329415165237,0.0032080659945004585,-0.006144138538324351
1319133410,0.004239329415165237,0.0032080659945004585,-0.006144138538324351
21602597410,0.004239329415165237,0.0032080659945004585,-0.006144138538324351
21603196413,0.004239329415165237,0.0032080659945004585,-0.006144138538324351
40167465410,0.004239329415165237,0.0032080659945004585,-0.006144138538324351
21600662410,0.18826476539165624,0.18194317140238314,-0.006140341746692796
904542413,0.022545524617015127,0.02016498625114574,-0.006130638248158402
1310149413,0.028326428364967723,0.025664527956003668,-0.006127556074627842
21600962413,0.028326428364967723,0.025664527956003668,-0.006127556074627842
21601461413,0.22998362077271414,0.2231897341888176,-0.006127529205309572
21603829410,0.023027266596011176,0.020623281393217233,-0.006126770622739
40162001410,0.003179497061373928,0.00229147571035747,-0.006126078369082553
40172566410,0.003179497061373928,0.00229147571035747,-0.006126078369082553
967562410,0.003179497061373928,0.00229147571035747,-0.006126078369082552
1158632412,0.003179497061373928,0.00229147571035747,-0.006126078369082552
1344381410,0.003179497061373928,0.00229147571035747,-0.006126078369082552
21602709410,0.003179497061373928,0.00229147571035747,-0.006126078369082552
40173720410,0.003179497061373928,0.00229147571035747,-0.006126078369082552
1594973412,0.027362944406975623,0.02474793767186068,-0.006122526659187327
735951412,0.004817419789960497,0.005957836846929423,0.006116152401132633
21600627412,0.004817419789960497,0.005957836846929423,0.006116152401132633
21604838412,0.004817419789960497,0.005957836846929423,0.006116152401132633
21604840412,0.004817419789960497,0.005957836846929423,0.006116152401132633
19095309410,0.06253010887368725,0.06645279560036664,0.0061072490001193806
21603553412,0.010694671933712303,0.01237396883593034,0.006103512384604045
1130863412,0.008575007226129685,0.01008249312557287,0.006102562311504483
21602282410,0.13517679930629156,0.14069660861594868,0.006098124219933676
996541412,0.0027941034781770882,0.0036663611365719525,0.006097861117556609
19097605410,0.0027941034781770882,0.0036663611365719525,0.006097861117556609
1335606412,0.0027941034781770882,0.0036663611365719525,0.006097861117556608
40175932410,0.0027941034781770882,0.0036663611365719525,0.006097861117556608
1778162412,0.005780903747952597,0.00458295142071494,-0.0060967310978830925
21603771410,0.005780903747952597,0.00458295142071494,-0.0060967310978830925
21602360413,0.005780903747952597,0.00458295142071494,-0.006096731097883092
21602361413,0.005780903747952597,0.00458295142071494,-0.006096731097883092
1328165412,0.06522786395606513,0.0692025664527956,0.006068621522480085
21601770412,0.06522786395606513,0.0692025664527956,0.006068621522480085
953076413,0.007322478080739956,0.008707607699358386,0.006057175836693342
1526475412,0.018017150014452258,0.02016498625114574,0.0060564587838646275
21602514410,0.16138356296367665,0.16727772685609532,0.0060545761069146714
21602515410,0.16138356296367665,0.16727772685609532,0.0060545761069146714
21604687413,0.0930725503420368,0.08845096241979836,-0.0060501217231299425
21602868410,0.22757491087773388,0.22089825847846012,-0.00604411888659562
1313200413,0.010791020329511514,0.00916590284142988,-0.0060378849485437066
708298413,0.0024087098949802485,0.0032080659945004585,0.006007755207191399
1319880410,0.012428943058098083,0.014207149404216315,0.006007571382889606
21604416410,0.08083630407553714,0.07653528872593951,-0.006003329161705204
785788410,0.043067732922246846,0.03987167736021998,-0.0060016431025395785
1341927413,0.03352924173812506,0.0307057745187901,-0.0059847662451202035
940183412,0.0012525291453897292,0.0018331805682859762,0.005983814755661811
1774470412,0.0012525291453897292,0.0018331805682859762,0.0059838147556618105
40170553410,0.0012525291453897292,0.0018331805682859762,0.0059838147556618105
1436678413,0.0012525291453897292,0.0018331805682859762,0.00598381475566181
1738521413,0.0012525291453897292,0.0018331805682859762,0.00598381475566181
19087394410,0.0012525291453897292,0.0018331805682859762,0.00598381475566181
40161694412,0.0012525291453897292,0.0018331805682859762,0.00598381475566181
40170808410,0.0012525291453897292,0.0018331805682859762,0.00598381475566181
40175983410,0.0012525291453897292,0.0018331805682859762,0.00598381475566181
954688412,0.0012525291453897292,0.0018331805682859762,0.005983814755661808
21602028412,0.0012525291453897292,0.0018331805682859762,0.005983814755661808
40172594410,0.0012525291453897292,0.0018331805682859762,0.005983814755661808
40175754410,0.0012525291453897292,0.0018331805682859762,0.005983814755661806
21603819412,0.006262645726948646,0.005041246562786435,-0.005967077494637045
21603282413,0.006262645726948646,0.005041246562786435,-0.005967077494637044
1504620410,0.041140765006262646,0.038038496791934,-0.005955083301997702
21602764410,0.041140765006262646,0.038038496791934,-0.005955083301997702
781039413,0.011754504287503614,0.01008249312557287,-0.005950517199817174
742267410,0.07139416128721457,0.06736938588450962,-0.00594906965067142
21600033413,0.01811349841025147,0.016040329972502293,-0.005947917048309211
956266410,0.004721071394161287,0.0036663611365719525,-0.0059453357915288454
990069410,0.004721071394161287,0.0036663611365719525,-0.0059453357915288454
21602813410,0.004721071394161287,0.0036663611365719525,-0.0059453357915288454
21602814410,0.004721071394161287,0.0036663611365719525,-0.0059453357915288454
937791412,0.002023316311783409,0.002749770852428964,0.005942741567574123
798834413,0.002023316311783409,0.002749770852428964,0.005942741567574122
924566413,0.002023316311783409,0.002749770852428964,0.005942741567574122
1189596412,0.002023316311783409,0.002749770852428964,0.005942741567574122
21602858412,0.001637922728586569,0.00229147571035747,0.005921655496997794
957393410,0.001637922728586569,0.00229147571035747,0.005921655496997793
989482413,0.001637922728586569,0.00229147571035747,0.005921655496997793
1730370410,0.001637922728586569,0.00229147571035747,0.005921655496997793
21604911410,0.001637922728586569,0.00229147571035747,0.005921655496997793
21604923410,0.001637922728586569,0.00229147571035747,0.005921655496997793
40172160410,0.001637922728586569,0.00229147571035747,0.005921655496997793
1304044410,0.001637922728586569,0.00229147571035747,0.005921655496997792
21603671412,0.07842759418055689,0.07424381301558204,-0.00592108317321597
21600383412,0.01955872434723962,0.017415215398716773,-0.005919929773032719
21600397412,0.01955872434723962,0.017415215398716773,-0.005919929773032718
905273412,0.008767704017728105,0.007332722273143905,-0.005915686977753997
1362225413,0.008767704017728105,0.007332722273143905,-0.005915686977753997
21603248412,0.16061277579728298,0.15490375802016498,-0.00590554040427416
1136980412,0.006937084497543116,0.008249312557286892,0.005894440048782017
1110727410,0.011176413912708353,0.012832263978001834,0.005893001505127132
21601606412,0.024376144137200115,0.021998166819431713,-0.0058909366713735725
1322081410,0.023412660179208015,0.021081576535288724,-0.005890557390257521
1501700413,0.0881587821562771,0.0925756186984418,0.005878965955049498
21603692410,0.07322478080739955,0.0692025664527956,-0.005875545442563565
766209412,0.0026014066865786686,0.0018331805682859762,-0.005865942681409431
1317967413,0.0026014066865786686,0.0018331805682859762,-0.005865942681409431
1784444412,0.0026014066865786686,0.0018331805682859762,-0.005865942681409431
21601848413,0.0026014066865786686,0.0018331805682859762,-0.005865942681409431
21601849413,0.0026014066865786686,0.0018331805682859762,-0.005865942681409431
713109413,0.0026014066865786686,0.0018331805682859762,-0.0058659426814094305
40162132410,0.0026014066865786686,0.0018331805682859762,-0.0058659426814094305
710650410,0.006744387705944696,0.005499541704857928,-0.005856308399684322
1551099413,0.009056749205125735,0.010540788267644362,0.005852986595551375
529303410,0.012043549474901242,0.013748854262144821,0.005852284126772576
991825410,0.012043549474901242,0.013748854262144821,0.005852284126772576
21601288410,0.012043549474901242,0.013748854262144821,0.005852284126772576
1158632410,0.013199730224491762,0.011457378551787351,-0.0058504612672257645
21601782413,0.2384622796030446,0.23189734188817598,-0.005846177492661914
720810412,0.003661239040369978,0.002749770852428964,-0.005844807070732605
21602410412,0.003661239040369978,0.002749770852428964,-0.005844807070732605
994341410,0.06378263801907698,0.06003666361136572,-0.005835552916272022
21604364413,0.012910685037094133,0.01466544454628781,0.005821641047926915
1367500410,0.09663744098660758,0.0921173235563703,-0.0058171436759618675
21601091410,0.004046632623566818,0.005041246562786435,0.005813367782678288
21604555413,0.004046632623566818,0.005041246562786435,0.005813367782678288
21604303413,0.12139897870700453,0.11640696608615948,-0.005808923928808328
1548195410,0.10347817708835148,0.10815765352887259,0.0058005768371258
791967412,0.014163214182483862,0.01237396883593034,-0.005799857623899222
729855412,1.9269679159841988e-4,0,-0.005786115315625537
940535412,1.9269679159841988e-4,0,-0.005786115315625537
949459413,1.9269679159841988e-4,0,-0.005786115315625537
1377023413,1.9269679159841988e-4,0,-0.005786115315625537
19013986410,1.9269679159841988e-4,0,-0.005786115315625537
19045644413,1.9269679159841988e-4,0,-0.005786115315625537
21604089412,1.9269679159841988e-4,0,-0.005786115315625537
40161602412,1.9269679159841988e-4,0,-0.005786115315625537
40170751412,1.9269679159841988e-4,0,-0.005786115315625537
40175864413,1.9269679159841988e-4,0,-0.005786115315625537
40226721413,1.9269679159841988e-4,0,-0.005786115315625537
40227484412,1.9269679159841988e-4,0,-0.005786115315625537
523212410,1.9269679159841988e-4,0,-0.005786115315625536
528271410,1.9269679159841988e-4,0,-0.005786115315625536
528295410,1.9269679159841988e-4,0,-0.005786115315625536
528297410,1.9269679159841988e-4,0,-0.005786115315625536
528301410,1.9269679159841988e-4,0,-0.005786115315625536
529076410,1.9269679159841988e-4,0,-0.005786115315625536
529116410,1.9269679159841988e-4,0,-0.005786115315625536
595252412,1.9269679159841988e-4,0,-0.005786115315625536
730548413,1.9269679159841988e-4,0,-0.005786115315625536
732893412,1.9269679159841988e-4,0,-0.005786115315625536
739323412,1.9269679159841988e-4,0,-0.005786115315625536
766067413,1.9269679159841988e-4,0,-0.005786115315625536
901845413,1.9269679159841988e-4,0,-0.005786115315625536
902616412,1.9269679159841988e-4,0,-0.005786115315625536
910232412,1.9269679159841988e-4,0,-0.005786115315625536
910232413,1.9269679159841988e-4,0,-0.005786115315625536
915855413,1.9269679159841988e-4,0,-0.005786115315625536
915935410,1.9269679159841988e-4,0,-0.005786115315625536
916751412,1.9269679159841988e-4,0,-0.005786115315625536
923540413,1.9269679159841988e-4,0,-0.005786115315625536
927194410,1.9269679159841988e-4,0,-0.005786115315625536
927322412,1.9269679159841988e-4,0,-0.005786115315625536
927322413,1.9269679159841988e-4,0,-0.005786115315625536
933794413,1.9269679159841988e-4,0,-0.005786115315625536
943030413,1.9269679159841988e-4,0,-0.005786115315625536
946340413,1.9269679159841988e-4,0,-0.005786115315625536
950882412,1.9269679159841988e-4,0,-0.005786115315625536
956691412,1.9269679159841988e-4,0,-0.005786115315625536
959665413,1.9269679159841988e-4,0,-0.005786115315625536
1036636410,1.9269679159841988e-4,0,-0.005786115315625536
1114771412,1.9269679159841988e-4,0,-0.005786115315625536
1139042413,1.9269679159841988e-4,0,-0.005786115315625536
1150770412,1.9269679159841988e-4,0,-0.005786115315625536
1150770413,1.9269679159841988e-4,0,-0.005786115315625536
1152134412,1.9269679159841988e-4,0,-0.005786115315625536
1152134413,1.9269679159841988e-4,0,-0.005786115315625536
1186087413,1.9269679159841988e-4,0,-0.005786115315625536
1189458412,1.9269679159841988e-4,0,-0.005786115315625536
1197736413,1.9269679159841988e-4,0,-0.005786115315625536
1319751412,1.9269679159841988e-4,0,-0.005786115315625536
1319751413,1.9269679159841988e-4,0,-0.005786115315625536
1335301410,1.9269679159841988e-4,0,-0.005786115315625536
1337159413,1.9269679159841988e-4,0,-0.005786115315625536
1337860412,1.9269679159841988e-4,0,-0.005786115315625536
1349025412,1.9269679159841988e-4,0,-0.005786115315625536
1387104412,1.9269679159841988e-4,0,-0.005786115315625536
1531601412,1.9269679159841988e-4,0,-0.005786115315625536
1562586413,1.9269679159841988e-4,0,-0.005786115315625536
1597235413,1.9269679159841988e-4,0,-0.005786115315625536
1702364410,1.9269679159841988e-4,0,-0.005786115315625536
1703063410,1.9269679159841988e-4,0,-0.005786115315625536
1707800412,1.9269679159841988e-4,0,-0.005786115315625536
1726228410,1.9269679159841988e-4,0,-0.005786115315625536
1727443410,1.9269679159841988e-4,0,-0.005786115315625536
1730370413,1.9269679159841988e-4,0,-0.005786115315625536
1734205412,1.9269679159841988e-4,0,-0.005786115315625536
1736887413,1.9269679159841988e-4,0,-0.005786115315625536
1753745412,1.9269679159841988e-4,0,-0.005786115315625536
1837289413,1.9269679159841988e-4,0,-0.005786115315625536
19005452413,1.9269679159841988e-4,0,-0.005786115315625536
19005658412,1.9269679159841988e-4,0,-0.005786115315625536
19011440412,1.9269679159841988e-4,0,-0.005786115315625536
19015395412,1.9269679159841988e-4,0,-0.005786115315625536
19030120410,1.9269679159841988e-4,0,-0.005786115315625536
19036731413,1.9269679159841988e-4,0,-0.005786115315625536
19039029410,1.9269679159841988e-4,0,-0.005786115315625536
19039298412,1.9269679159841988e-4,0,-0.005786115315625536
19048999412,1.9269679159841988e-4,0,-0.005786115315625536
19048999413,1.9269679159841988e-4,0,-0.005786115315625536
19052317410,1.9269679159841988e-4,0,-0.005786115315625536
19058971413,1.9269679159841988e-4,0,-0.005786115315625536
19063605412,1.9269679159841988e-4,0,-0.005786115315625536
19080514410,1.9269679159841988e-4,0,-0.005786115315625536
19086788410,1.9269679159841988e-4,0,-0.005786115315625536
19088079410,1.9269679159841988e-4,0,-0.005786115315625536
19091621410,1.9269679159841988e-4,0,-0.005786115315625536
19136429412,1.9269679159841988e-4,0,-0.005786115315625536
19136429413,1.9269679159841988e-4,0,-0.005786115315625536
21600404412,1.9269679159841988e-4,0,-0.005786115315625536
21601006412,1.9269679159841988e-4,0,-0.005786115315625536
21601358410,1.9269679159841988e-4,0,-0.005786115315625536
21601772412,1.9269679159841988e-4,0,-0.005786115315625536
21601772413,1.9269679159841988e-4,0,-0.005786115315625536
21601773412,1.9269679159841988e-4,0,-0.005786115315625536
21601773413,1.9269679159841988e-4,0,-0.005786115315625536
21602934412,1.9269679159841988e-4,0,-0.005786115315625536
21602934413,1.9269679159841988e-4,0,-0.005786115315625536
21603091410,1.9269679159841988e-4,0,-0.005786115315625536
21603172413,1.9269679159841988e-4,0,-0.005786115315625536
21603379413,1.9269679159841988e-4,0,-0.005786115315625536
21603986413,1.9269679159841988e-4,0,-0.005786115315625536
21604021413,1.9269679159841988e-4,0,-0.005786115315625536
21604024413,1.9269679159841988e-4,0,-0.005786115315625536
21604911413,1.9269679159841988e-4,0,-0.005786115315625536
21604923413,1.9269679159841988e-4,0,-0.005786115315625536
21604976412,1.9269679159841988e-4,0,-0.005786115315625536
21604980413,1.9269679159841988e-4,0,-0.005786115315625536
40160943413,1.9269679159841988e-4,0,-0.005786115315625536
40161532412,1.9269679159841988e-4,0,-0.005786115315625536
40161684412,1.9269679159841988e-4,0,-0.005786115315625536
40161734413,1.9269679159841988e-4,0,-0.005786115315625536
40162058412,1.9269679159841988e-4,0,-0.005786115315625536
40162251413,1.9269679159841988e-4,0,-0.005786115315625536
40163712410,1.9269679159841988e-4,0,-0.005786115315625536
40163718413,1.9269679159841988e-4,0,-0.005786115315625536
40164052413,1.9269679159841988e-4,0,-0.005786115315625536
40166605413,1.9269679159841988e-4,0,-0.005786115315625536
40167646412,1.9269679159841988e-4,0,-0.005786115315625536
40170396412,1.9269679159841988e-4,0,-0.005786115315625536
40170396413,1.9269679159841988e-4,0,-0.005786115315625536
40170848412,1.9269679159841988e-4,0,-0.005786115315625536
40170929412,1.9269679159841988e-4,0,-0.005786115315625536
40170929413,1.9269679159841988e-4,0,-0.005786115315625536
40171223410,1.9269679159841988e-4,0,-0.005786115315625536
40171939412,1.9269679159841988e-4,0,-0.005786115315625536
40171939413,1.9269679159841988e-4,0,-0.005786115315625536
40172802413,1.9269679159841988e-4,0,-0.005786115315625536
40173523413,1.9269679159841988e-4,0,-0.005786115315625536
40173636412,1.9269679159841988e-4,0,-0.005786115315625536
40174004410,1.9269679159841988e-4,0,-0.005786115315625536
40174011410,1.9269679159841988e-4,0,-0.005786115315625536
40174015410,1.9269679159841988e-4,0,-0.005786115315625536
40174018410,1.9269679159841988e-4,0,-0.005786115315625536
40174020410,1.9269679159841988e-4,0,-0.005786115315625536
40174023410,1.9269679159841988e-4,0,-0.005786115315625536
40175746412,1.9269679159841988e-4,0,-0.005786115315625536
40175746413,1.9269679159841988e-4,0,-0.005786115315625536
40181642412,1.9269679159841988e-4,0,-0.005786115315625536
40181642413,1.9269679159841988e-4,0,-0.005786115315625536
40222408410,1.9269679159841988e-4,0,-0.005786115315625536
40222431410,1.9269679159841988e-4,0,-0.005786115315625536
40223846413,1.9269679159841988e-4,0,-0.005786115315625536
40226665412,1.9269679159841988e-4,0,-0.005786115315625536
40226671413,1.9269679159841988e-4,0,-0.005786115315625536
40226703412,1.9269679159841988e-4,0,-0.005786115315625536
40226703413,1.9269679159841988e-4,0,-0.005786115315625536
40226736412,1.9269679159841988e-4,0,-0.005786115315625536
40227359412,1.9269679159841988e-4,0,-0.005786115315625536
509079412,1.9269679159841988e-4,0,-0.005786115315625535
509081412,1.9269679159841988e-4,0,-0.005786115315625535
514012412,1.9269679159841988e-4,0,-0.005786115315625535
514015412,1.9269679159841988e-4,0,-0.005786115315625535
523202410,1.9269679159841988e-4,0,-0.005786115315625535
529660412,1.9269679159841988e-4,0,-0.005786115315625535
704053412,1.9269679159841988e-4,0,-0.005786115315625535
731533413,1.9269679159841988e-4,0,-0.005786115315625535
735843412,1.9269679159841988e-4,0,-0.005786115315625535
750119412,1.9269679159841988e-4,0,-0.005786115315625535
750119413,1.9269679159841988e-4,0,-0.005786115315625535
751889413,1.9269679159841988e-4,0,-0.005786115315625535
903893412,1.9269679159841988e-4,0,-0.005786115315625535
903893413,1.9269679159841988e-4,0,-0.005786115315625535
905151413,1.9269679159841988e-4,0,-0.005786115315625535
909795412,1.9269679159841988e-4,0,-0.005786115315625535
911638410,1.9269679159841988e-4,0,-0.005786115315625535
916005413,1.9269679159841988e-4,0,-0.005786115315625535
926487412,1.9269679159841988e-4,0,-0.005786115315625535
926770412,1.9269679159841988e-4,0,-0.005786115315625535
939863412,1.9269679159841988e-4,0,-0.005786115315625535
958527413,1.9269679159841988e-4,0,-0.005786115315625535
966468412,1.9269679159841988e-4,0,-0.005786115315625535
977949413,1.9269679159841988e-4,0,-0.005786115315625535
978236410,1.9269679159841988e-4,0,-0.005786115315625535
978577413,1.9269679159841988e-4,0,-0.005786115315625535
981774412,1.9269679159841988e-4,0,-0.005786115315625535
986864412,1.9269679159841988e-4,0,-0.005786115315625535
988447412,1.9269679159841988e-4,0,-0.005786115315625535
988447413,1.9269679159841988e-4,0,-0.005786115315625535
1001419412,1.9269679159841988e-4,0,-0.005786115315625535
1001419413,1.9269679159841988e-4,0,-0.005786115315625535
1037005413,1.9269679159841988e-4,0,-0.005786115315625535
1116109413,1.9269679159841988e-4,0,-0.005786115315625535
1151789413,1.9269679159841988e-4,0,-0.005786115315625535
1189697413,1.9269679159841988e-4,0,-0.005786115315625535
1189766412,1.9269679159841988e-4,0,-0.005786115315625535
1303425410,1.9269679159841988e-4,0,-0.005786115315625535
1304107413,1.9269679159841988e-4,0,-0.005786115315625535
1307247412,1.9269679159841988e-4,0,-0.005786115315625535
1312007412,1.9269679159841988e-4,0,-0.005786115315625535
1312007413,1.9269679159841988e-4,0,-0.005786115315625535
1315411412,1.9269679159841988e-4,0,-0.005786115315625535
1326901412,1.9269679159841988e-4,0,-0.005786115315625535
1326901413,1.9269679159841988e-4,0,-0.005786115315625535
1336825410,1.9269679159841988e-4,0,-0.005786115315625535
1338512412,1.9269679159841988e-4,0,-0.005786115315625535
1338558413,1.9269679159841988e-4,0,-0.005786115315625535
1338985412,1.9269679159841988e-4,0,-0.005786115315625535
1363387412,1.9269679159841988e-4,0,-0.005786115315625535
1369939412,1.9269679159841988e-4,0,-0.005786115315625535
1379969412,1.9269679159841988e-4,0,-0.005786115315625535
1389780410,1.9269679159841988e-4,0,-0.005786115315625535
1391642410,1.9269679159841988e-4,0,-0.005786115315625535
1400498413,1.9269679159841988e-4,0,-0.005786115315625535
1437379410,1.9269679159841988e-4,0,-0.005786115315625535
1513876413,1.9269679159841988e-4,0,-0.005786115315625535
1517998413,1.9269679159841988e-4,0,-0.005786115315625535
1578181410,1.9269679159841988e-4,0,-0.005786115315625535
1703069413,1.9269679159841988e-4,0,-0.005786115315625535
1710281413,1.9269679159841988e-4,0,-0.005786115315625535
1716721412,1.9269679159841988e-4,0,-0.005786115315625535
1769389412,1.9269679159841988e-4,0,-0.005786115315625535
1786617412,1.9269679159841988e-4,0,-0.005786115315625535
1789428412,1.9269679159841988e-4,0,-0.005786115315625535
1790692413,1.9269679159841988e-4,0,-0.005786115315625535
1796435413,1.9269679159841988e-4,0,-0.005786115315625535
19009405412,1.9269679159841988e-4,0,-0.005786115315625535
19009896412,1.9269679159841988e-4,0,-0.005786115315625535
19009896413,1.9269679159841988e-4,0,-0.005786115315625535
19010499412,1.9269679159841988e-4,0,-0.005786115315625535
19023835410,1.9269679159841988e-4,0,-0.005786115315625535
19023835412,1.9269679159841988e-4,0,-0.005786115315625535
19026710410,1.9269679159841988e-4,0,-0.005786115315625535
19027339410,1.9269679159841988e-4,0,-0.005786115315625535
19030860412,1.9269679159841988e-4,0,-0.005786115315625535
19033634410,1.9269679159841988e-4,0,-0.005786115315625535
19035223410,1.9269679159841988e-4,0,-0.005786115315625535
19035569410,1.9269679159841988e-4,0,-0.005786115315625535
19036797412,1.9269679159841988e-4,0,-0.005786115315625535
19040233410,1.9269679159841988e-4,0,-0.005786115315625535
19048037410,1.9269679159841988e-4,0,-0.005786115315625535
19058274410,1.9269679159841988e-4,0,-0.005786115315625535
19058978412,1.9269679159841988e-4,0,-0.005786115315625535
19060400410,1.9269679159841988e-4,0,-0.005786115315625535
19067971412,1.9269679159841988e-4,0,-0.005786115315625535
19073229410,1.9269679159841988e-4,0,-0.005786115315625535
19084670413,1.9269679159841988e-4,0,-0.005786115315625535
19087223413,1.9269679159841988e-4,0,-0.005786115315625535
19089602410,1.9269679159841988e-4,0,-0.005786115315625535
19090226412,1.9269679159841988e-4,0,-0.005786115315625535
19097468412,1.9269679159841988e-4,0,-0.005786115315625535
21600337412,1.9269679159841988e-4,0,-0.005786115315625535
21600447412,1.9269679159841988e-4,0,-0.005786115315625535
21601033412,1.9269679159841988e-4,0,-0.005786115315625535
21601034412,1.9269679159841988e-4,0,-0.005786115315625535
21601321410,1.9269679159841988e-4,0,-0.005786115315625535
21601389413,1.9269679159841988e-4,0,-0.005786115315625535
21602768410,1.9269679159841988e-4,0,-0.005786115315625535
21603027412,1.9269679159841988e-4,0,-0.005786115315625535
21603109412,1.9269679159841988e-4,0,-0.005786115315625535
21603754413,1.9269679159841988e-4,0,-0.005786115315625535
21603907413,1.9269679159841988e-4,0,-0.005786115315625535
21604246412,1.9269679159841988e-4,0,-0.005786115315625535
21604246413,1.9269679159841988e-4,0,-0.005786115315625535
21604658413,1.9269679159841988e-4,0,-0.005786115315625535
21604902410,1.9269679159841988e-4,0,-0.005786115315625535
21605096413,1.9269679159841988e-4,0,-0.005786115315625535
21605097413,1.9269679159841988e-4,0,-0.005786115315625535
21605180412,1.9269679159841988e-4,0,-0.005786115315625535
21605180413,1.9269679159841988e-4,0,-0.005786115315625535
21605181412,1.9269679159841988e-4,0,-0.005786115315625535
21605181413,1.9269679159841988e-4,0,-0.005786115315625535
21605316410,1.9269679159841988e-4,0,-0.005786115315625535
21605567413,1.9269679159841988e-4,0,-0.005786115315625535
21605580413,1.9269679159841988e-4,0,-0.005786115315625535
21605581413,1.9269679159841988e-4,0,-0.005786115315625535
40161260413,1.9269679159841988e-4,0,-0.005786115315625535
40161565413,1.9269679159841988e-4,0,-0.005786115315625535
40161589412,1.9269679159841988e-4,0,-0.005786115315625535
40161646412,1.9269679159841988e-4,0,-0.005786115315625535
40161680412,1.9269679159841988e-4,0,-0.005786115315625535
40161922412,1.9269679159841988e-4,0,-0.005786115315625535
40162066413,1.9269679159841988e-4,0,-0.005786115315625535
40162074413,1.9269679159841988e-4,0,-0.005786115315625535
40167658410,1.9269679159841988e-4,0,-0.005786115315625535
40167729410,1.9269679159841988e-4,0,-0.005786115315625535
40168421410,1.9269679159841988e-4,0,-0.005786115315625535
40168423410,1.9269679159841988e-4,0,-0.005786115315625535
40168425410,1.9269679159841988e-4,0,-0.005786115315625535
40168516410,1.9269679159841988e-4,0,-0.005786115315625535
40169389412,1.9269679159841988e-4,0,-0.005786115315625535
40170452413,1.9269679159841988e-4,0,-0.005786115315625535
40170466412,1.9269679159841988e-4,0,-0.005786115315625535
40170470412,1.9269679159841988e-4,0,-0.005786115315625535
40170543413,1.9269679159841988e-4,0,-0.005786115315625535
40170576413,1.9269679159841988e-4,0,-0.005786115315625535
40170592412,1.9269679159841988e-4,0,-0.005786115315625535
40170660413,1.9269679159841988e-4,0,-0.005786115315625535
40170973412,1.9269679159841988e-4,0,-0.005786115315625535
40171110413,1.9269679159841988e-4,0,-0.005786115315625535
40171317412,1.9269679159841988e-4,0,-0.005786115315625535
40171317413,1.9269679159841988e-4,0,-0.005786115315625535
40172534412,1.9269679159841988e-4,0,-0.005786115315625535
40172632412,1.9269679159841988e-4,0,-0.005786115315625535
40172632413,1.9269679159841988e-4,0,-0.005786115315625535
40172722413,1.9269679159841988e-4,0,-0.005786115315625535
40172798410,1.9269679159841988e-4,0,-0.005786115315625535
40174420412,1.9269679159841988e-4,0,-0.005786115315625535
40175460410,1.9269679159841988e-4,0,-0.005786115315625535
40175669413,1.9269679159841988e-4,0,-0.005786115315625535
40175754412,1.9269679159841988e-4,0,-0.005786115315625535
40175806413,1.9269679159841988e-4,0,-0.005786115315625535
40175834412,1.9269679159841988e-4,0,-0.005786115315625535
40175900410,1.9269679159841988e-4,0,-0.005786115315625535
40175916412,1.9269679159841988e-4,0,-0.005786115315625535
40175917413,1.9269679159841988e-4,0,-0.005786115315625535
40176125412,1.9269679159841988e-4,0,-0.005786115315625535
40222391412,1.9269679159841988e-4,0,-0.005786115315625535
40222391413,1.9269679159841988e-4,0,-0.005786115315625535
40224992412,1.9269679159841988e-4,0,-0.005786115315625535
40226690413,1.9269679159841988e-4,0,-0.005786115315625535
40226696413,1.9269679159841988e-4,0,-0.005786115315625535
42799803410,1.9269679159841988e-4,0,-0.005786115315625535
42800082410,1.9269679159841988e-4,0,-0.005786115315625535
42800226410,1.9269679159841988e-4,0,-0.005786115315625535
42800238410,1.9269679159841988e-4,0,-0.005786115315625535
42800778412,1.9269679159841988e-4,0,-0.005786115315625535
42801254412,1.9269679159841988e-4,0,-0.005786115315625535
42801267412,1.9269679159841988e-4,0,-0.005786115315625535
42801285412,1.9269679159841988e-4,0,-0.005786115315625535
42801306412,1.9269679159841988e-4,0,-0.005786115315625535
703470413,1.9269679159841988e-4,0,-0.005786115315625534
709567413,1.9269679159841988e-4,0,-0.005786115315625534
735850412,1.9269679159841988e-4,0,-0.005786115315625534
735850413,1.9269679159841988e-4,0,-0.005786115315625534
743196410,1.9269679159841988e-4,0,-0.005786115315625534
743196412,1.9269679159841988e-4,0,-0.005786115315625534
743196413,1.9269679159841988e-4,0,-0.005786115315625534
752276410,1.9269679159841988e-4,0,-0.005786115315625534
759401413,1.9269679159841988e-4,0,-0.005786115315625534
902251413,1.9269679159841988e-4,0,-0.005786115315625534
903031410,1.9269679159841988e-4,0,-0.005786115315625534
906072413,1.9269679159841988e-4,0,-0.005786115315625534
912263410,1.9269679159841988e-4,0,-0.005786115315625534
914840410,1.9269679159841988e-4,0,-0.005786115315625534
916059410,1.9269679159841988e-4,0,-0.005786115315625534
916059412,1.9269679159841988e-4,0,-0.005786115315625534
924151412,1.9269679159841988e-4,0,-0.005786115315625534
924151413,1.9269679159841988e-4,0,-0.005786115315625534
941052413,1.9269679159841988e-4,0,-0.005786115315625534
948490413,1.9269679159841988e-4,0,-0.005786115315625534
948760410,1.9269679159841988e-4,0,-0.005786115315625534
954819410,1.9269679159841988e-4,0,-0.005786115315625534
1101703413,1.9269679159841988e-4,0,-0.005786115315625534
1139179413,1.9269679159841988e-4,0,-0.005786115315625534
1301267412,1.9269679159841988e-4,0,-0.005786115315625534
1342346412,1.9269679159841988e-4,0,-0.005786115315625534
1503432410,1.9269679159841988e-4,0,-0.005786115315625534
1519936410,1.9269679159841988e-4,0,-0.005786115315625534
1542948413,1.9269679159841988e-4,0,-0.005786115315625534
1714527413,1.9269679159841988e-4,0,-0.005786115315625534
1717240412,1.9269679159841988e-4,0,-0.005786115315625534
1724827412,1.9269679159841988e-4,0,-0.005786115315625534
1729323410,1.9269679159841988e-4,0,-0.005786115315625534
1756831412,1.9269679159841988e-4,0,-0.005786115315625534
1763779412,1.9269679159841988e-4,0,-0.005786115315625534
19010360410,1.9269679159841988e-4,0,-0.005786115315625534
19012585412,1.9269679159841988e-4,0,-0.005786115315625534
19013225413,1.9269679159841988e-4,0,-0.005786115315625534
19018384412,1.9269679159841988e-4,0,-0.005786115315625534
19018384413,1.9269679159841988e-4,0,-0.005786115315625534
19020994413,1.9269679159841988e-4,0,-0.005786115315625534
19030299410,1.9269679159841988e-4,0,-0.005786115315625534
19036946412,1.9269679159841988e-4,0,-0.005786115315625534
19037223412,1.9269679159841988e-4,0,-0.005786115315625534
19038440410,1.9269679159841988e-4,0,-0.005786115315625534
19047756412,1.9269679159841988e-4,0,-0.005786115315625534
19061083410,1.9269679159841988e-4,0,-0.005786115315625534
19061124413,1.9269679159841988e-4,0,-0.005786115315625534
19078649413,1.9269679159841988e-4,0,-0.005786115315625534
19082111410,1.9269679159841988e-4,0,-0.005786115315625534
19086759412,1.9269679159841988e-4,0,-0.005786115315625534
19087208413,1.9269679159841988e-4,0,-0.005786115315625534
19090229412,1.9269679159841988e-4,0,-0.005786115315625534
19090229413,1.9269679159841988e-4,0,-0.005786115315625534
19092684412,1.9269679159841988e-4,0,-0.005786115315625534
19092684413,1.9269679159841988e-4,0,-0.005786115315625534
19095802413,1.9269679159841988e-4,0,-0.005786115315625534
19099183413,1.9269679159841988e-4,0,-0.005786115315625534
19100758412,1.9269679159841988e-4,0,-0.005786115315625534
21600434413,1.9269679159841988e-4,0,-0.005786115315625534
21601980412,1.9269679159841988e-4,0,-0.005786115315625534
21601980413,1.9269679159841988e-4,0,-0.005786115315625534
21601983412,1.9269679159841988e-4,0,-0.005786115315625534
21602695410,1.9269679159841988e-4,0,-0.005786115315625534
21603073412,1.9269679159841988e-4,0,-0.005786115315625534
21604649413,1.9269679159841988e-4,0,-0.005786115315625534
21605112413,1.9269679159841988e-4,0,-0.005786115315625534
21605113413,1.9269679159841988e-4,0,-0.005786115315625534
40161124412,1.9269679159841988e-4,0,-0.005786115315625534
40161124413,1.9269679159841988e-4,0,-0.005786115315625534
40161154412,1.9269679159841988e-4,0,-0.005786115315625534
40161154413,1.9269679159841988e-4,0,-0.005786115315625534
40161446412,1.9269679159841988e-4,0,-0.005786115315625534
40161528413,1.9269679159841988e-4,0,-0.005786115315625534
40161558410,1.9269679159841988e-4,0,-0.005786115315625534
40161809412,1.9269679159841988e-4,0,-0.005786115315625534
40161809413,1.9269679159841988e-4,0,-0.005786115315625534
40161968410,1.9269679159841988e-4,0,-0.005786115315625534
40162178413,1.9269679159841988e-4,0,-0.005786115315625534
40162227410,1.9269679159841988e-4,0,-0.005786115315625534
40170549413,1.9269679159841988e-4,0,-0.005786115315625534
40170628410,1.9269679159841988e-4,0,-0.005786115315625534
40170722413,1.9269679159841988e-4,0,-0.005786115315625534
40171179412,1.9269679159841988e-4,0,-0.005786115315625534
40171179413,1.9269679159841988e-4,0,-0.005786115315625534
40172543412,1.9269679159841988e-4,0,-0.005786115315625534
40172543413,1.9269679159841988e-4,0,-0.005786115315625534
40175341412,1.9269679159841988e-4,0,-0.005786115315625534
40175802412,1.9269679159841988e-4,0,-0.005786115315625534
40175802413,1.9269679159841988e-4,0,-0.005786115315625534
40175951412,1.9269679159841988e-4,0,-0.005786115315625534
40176004412,1.9269679159841988e-4,0,-0.005786115315625534
40221981410,1.9269679159841988e-4,0,-0.005786115315625534
40224997412,1.9269679159841988e-4,0,-0.005786115315625534
40224997413,1.9269679159841988e-4,0,-0.005786115315625534
40225028412,1.9269679159841988e-4,0,-0.005786115315625534
40225028413,1.9269679159841988e-4,0,-0.005786115315625534
40226753410,1.9269679159841988e-4,0,-0.005786115315625534
40227400413,1.9269679159841988e-4,0,-0.005786115315625534
943116412,1.9269679159841988e-4,0,-0.005786115315625533
1740546410,1.9269679159841988e-4,0,-0.005786115315625533
19009686412,1.9269679159841988e-4,0,-0.005786115315625533
19095043410,1.9269679159841988e-4,0,-0.005786115315625533
40161203413,1.9269679159841988e-4,0,-0.005786115315625533
40161676412,1.9269679159841988e-4,0,-0.005786115315625533
40161676413,1.9269679159841988e-4,0,-0.005786115315625533
40161944412,1.9269679159841988e-4,0,-0.005786115315625533
40161944413,1.9269679159841988e-4,0,-0.005786115315625533
40170531413,1.9269679159841988e-4,0,-0.005786115315625533
40175970413,1.9269679159841988e-4,0,-0.005786115315625533
40226707412,1.9269679159841988e-4,0,-0.005786115315625533
40226707413,1.9269679159841988e-4,0,-0.005786115315625533
40226747412,1.9269679159841988e-4,0,-0.005786115315625533
40226747413,1.9269679159841988e-4,0,-0.005786115315625533
43012263410,1.9269679159841988e-4,0,-0.005786115315625533
749910412,0.014644956161479912,0.016498625114573784,0.00578390131018043
1567198410,0.005202813373157337,0.004124656278643446,-0.005782246996494191
21604444412,0.018980633972444358,0.021081576535288724,0.005778911876877293
749910413,0.007804220059736006,0.00916590284142988,0.00577645463444691
1112807410,0.24299065420560748,0.23648029330889092,-0.005760091949134585
21601664412,0.2682339339050005,0.27497708524289644,0.005758408797509021
21601665412,0.2682339339050005,0.27497708524289644,0.005758408797509021
1512480410,0.010212929954716255,0.008707607699358386,-0.00574565107510688
21603395413,0.06937084497543115,0.06553620531622364,-0.005743392309488701
21601421412,0.015608440119472012,0.013748854262144821,-0.005742532404898044
21602261410,0.01609018209846806,0.014207149404216315,-0.005727544338810732
21602262410,0.01609018209846806,0.014207149404216315,-0.005727544338810732
21602263410,0.01609018209846806,0.014207149404216315,-0.005727544338810732
21603890412,0.01609018209846806,0.014207149404216315,-0.005727544338810732
21603891412,0.01609018209846806,0.014207149404216315,-0.005727544338810732
711584410,0.03911744869447924,0.03620531622364803,-0.005726428393989769
1113648412,0.005299161768956547,0.006416131989000917,0.005725404702026251
21603071410,0.04586183640042393,0.04903758020164986,0.005719053462430378
21603072410,0.04586183640042393,0.04903758020164986,0.005719053462430378
21604128412,0.043645823297042106,0.04674610449129239,0.005715583238955739
21604129412,0.043645823297042106,0.04674610449129239,0.005715583238955739
1115008410,0.13777820599287022,0.14298808432630614,0.005711038326258496
798874412,0.01705366605646016,0.015123739688359304,-0.005702760866093147
21604414412,0.01705366605646016,0.015123739688359304,-0.005702760866093147
21602627412,0.08998940167646209,0.08570119156736938,-0.005698563169662012
1560171412,0.05472588881395125,0.051329055912007336,-0.005687198127833516
1101554410,0.04277868773484921,0.045829514207149404,0.005678389184489262
21604140410,0.04277868773484921,0.045829514207149404,0.005678389184489262
21604296412,0.01849889199344831,0.016498625114573784,-0.005676639092367358
21600601412,0.021196647075826188,0.023373052245646196,0.005675240770491541
21600602412,0.021196647075826188,0.023373052245646196,0.005675240770491541
961047410,0.11147509393968591,0.10678276810265812,-0.005666825834547658
785788413,0.003661239040369978,0.00458295142071494,0.0056597755547810845
1302398413,0.003661239040369978,0.00458295142071494,0.0056597755547810845
21602752413,0.09056749205125735,0.09486709440879927,0.005655002202234129
21602753413,0.09056749205125735,0.09486709440879927,0.005655002202234129
1237049412,0.07447730995278928,0.07057745187901009,-0.005651315250663962
21600699410,0.029097215531361402,0.03162236480293309,0.005650714659530625
712615410,0.013392427016090181,0.015123739688359304,0.005644146619540534
1036252410,0.04412756527603815,0.04720439963336388,0.005643352675458973
21604254410,0.42210232199633874,0.41475710357470214,-0.005636762876806151
21604530410,0.03526351286251084,0.03253895508707608,-0.005632970392080676
21604304413,0.03439637730031795,0.03712190650779102,0.005628774647343824
717607410,0.002023316311783409,0.001374885426214482,-0.005625568120574884
902616410,0.002023316311783409,0.001374885426214482,-0.005625568120574884
903643413,0.002023316311783409,0.001374885426214482,-0.005625568120574884
1037005410,0.002023316311783409,0.001374885426214482,-0.005625568120574884
1396012413,0.002023316311783409,0.001374885426214482,-0.005625568120574884
19063575410,0.002023316311783409,0.001374885426214482,-0.005625568120574884
19117912410,0.002023316311783409,0.001374885426214482,-0.005625568120574884
21601255410,0.002023316311783409,0.001374885426214482,-0.005625568120574884
21602326413,0.002023316311783409,0.001374885426214482,-0.005625568120574884
21602429412,0.002023316311783409,0.001374885426214482,-0.005625568120574884
21603089412,0.002023316311783409,0.001374885426214482,-0.005625568120574884
21604967412,0.002023316311783409,0.001374885426214482,-0.005625568120574884
21604968412,0.002023316311783409,0.001374885426214482,-0.005625568120574884
40162140410,0.002023316311783409,0.001374885426214482,-0.005625568120574884
40170438410,0.002023316311783409,0.001374885426214482,-0.005625568120574884
40170582410,0.002023316311783409,0.001374885426214482,-0.005625568120574884
40171995410,0.002023316311783409,0.001374885426214482,-0.005625568120574884
40172010410,0.002023316311783409,0.001374885426214482,-0.005625568120574884
40175917410,0.002023316311783409,0.001374885426214482,-0.005625568120574884
919986410,0.0041429810193660275,0.0032080659945004585,-0.005625307326870842
21604685412,0.33789382406782925,0.3308890925756187,-0.005615690292917763
19044522410,0.012139897870700453,0.010540788267644362,-0.005595892240948994
21604792410,0.0833413623663166,0.07928505957836847,-0.0055815399480554735
1790812412,0.006166297331149436,0.007332722273143905,0.0055551046103848485
21602202412,0.006166297331149436,0.007332722273143905,0.0055551046103848485
1746940412,0.006166297331149436,0.007332722273143905,0.005555104610384847
1557272413,0.008671355621928894,0.007332722273143905,-0.005544239347647156
21601078410,0.07862029097215531,0.07470210815765353,-0.005537410225350563
721724412,0.02081125349262935,0.022914757103574702,0.005535327307988555
40161853410,0.003083148665574718,0.00229147571035747,-0.005534501973102787
40174671410,0.003083148665574718,0.00229147571035747,-0.005534501973102787
1136980413,0.003083148665574718,0.00229147571035747,-0.0055345019731027865
1346686413,0.003083148665574718,0.00229147571035747,-0.0055345019731027865
40172352410,0.003083148665574718,0.00229147571035747,-0.0055345019731027865
939506412,0.006166297331149436,0.005041246562786435,-0.005532672363457052
40161960410,0.006166297331149436,0.005041246562786435,-0.0055326723634570515
740275410,0.058868869833317274,0.05545371219065078,-0.005523143513147351
21602882412,0.013585123807688603,0.011915673693858845,-0.005522231306251597
1713332412,0.03401098371712111,0.03666361136571952,0.005508620814680351
1036228412,0.003275845457173138,0.004124656278643446,0.0055057227179194585
1353776413,0.003275845457173138,0.004124656278643446,0.0055057227179194585
40162136410,0.003275845457173138,0.004124656278643446,0.005505722717919458
21600934410,0.003275845457173138,0.004124656278643446,0.005505722717919457
21602840412,0.003275845457173138,0.004124656278643446,0.005505722717919457
40161896412,8.671355621928895e-4,4.5829514207149406e-4,-0.005491864206586012
40171179410,8.671355621928895e-4,4.5829514207149406e-4,-0.005491864206586012
1321341410,8.671355621928895e-4,4.5829514207149406e-4,-0.005491864206586011
19087208410,8.671355621928895e-4,4.5829514207149406e-4,-0.005491864206586011
532881410,8.671355621928895e-4,4.5829514207149406e-4,-0.00549186420658601
906072410,8.671355621928895e-4,4.5829514207149406e-4,-0.00549186420658601
958134410,8.671355621928895e-4,4.5829514207149406e-4,-0.00549186420658601
1036094413,8.671355621928895e-4,4.5829514207149406e-4,-0.00549186420658601
1189220413,8.671355621928895e-4,4.5829514207149406e-4,-0.00549186420658601
1196677413,8.671355621928895e-4,4.5829514207149406e-4,-0.00549186420658601
1353256413,8.671355621928895e-4,4.5829514207149406e-4,-0.00549186420658601
1373225413,8.671355621928895e-4,4.5829514207149406e-4,-0.00549186420658601
1397599412,8.671355621928895e-4,4.5829514207149406e-4,-0.00549186420658601
1524674412,8.671355621928895e-4,4.5829514207149406e-4,-0.00549186420658601
19011440410,8.671355621928895e-4,4.5829514207149406e-4,-0.00549186420658601
19058410410,8.671355621928895e-4,4.5829514207149406e-4,-0.00549186420658601
19078126412,8.671355621928895e-4,4.5829514207149406e-4,-0.00549186420658601
21601131413,8.671355621928895e-4,4.5829514207149406e-4,-0.00549186420658601
21601132413,8.671355621928895e-4,4.5829514207149406e-4,-0.00549186420658601
21603871410,8.671355621928895e-4,4.5829514207149406e-4,-0.00549186420658601
21605096410,8.671355621928895e-4,4.5829514207149406e-4,-0.00549186420658601
21605097410,8.671355621928895e-4,4.5829514207149406e-4,-0.00549186420658601
21605372410,8.671355621928895e-4,4.5829514207149406e-4,-0.00549186420658601
21605418410,8.671355621928895e-4,4.5829514207149406e-4,-0.00549186420658601
21605419410,8.671355621928895e-4,4.5829514207149406e-4,-0.00549186420658601
40161040412,8.671355621928895e-4,4.5829514207149406e-4,-0.00549186420658601
40161316412,8.671355621928895e-4,4.5829514207149406e-4,-0.00549186420658601
40161797413,8.671355621928895e-4,4.5829514207149406e-4,-0.00549186420658601
40172900410,8.671355621928895e-4,4.5829514207149406e-4,-0.00549186420658601
40222461410,8.671355621928895e-4,4.5829514207149406e-4,-0.00549186420658601
902950413,8.671355621928895e-4,4.5829514207149406e-4,-0.0054918642065860095
924151410,8.671355621928895e-4,4.5829514207149406e-4,-0.0054918642065860095
951112410,8.671355621928895e-4,4.5829514207149406e-4,-0.0054918642065860095
951511412,8.671355621928895e-4,4.5829514207149406e-4,-0.0054918642065860095
953391413,8.671355621928895e-4,4.5829514207149406e-4,-0.0054918642065860095
980867413,8.671355621928895e-4,4.5829514207149406e-4,-0.0054918642065860095
997496410,8.671355621928895e-4,4.5829514207149406e-4,-0.0054918642065860095
1036884413,8.671355621928895e-4,4.5829514207149406e-4,-0.0054918642065860095
1789276412,8.671355621928895e-4,4.5829514207149406e-4,-0.0054918642065860095
19022446413,8.671355621928895e-4,4.5829514207149406e-4,-0.0054918642065860095
21600139413,8.671355621928895e-4,4.5829514207149406e-4,-0.0054918642065860095
40162152412,8.671355621928895e-4,4.5829514207149406e-4,-0.0054918642065860095
40169014410,8.671355621928895e-4,4.5829514207149406e-4,-0.0054918642065860095
40169389410,8.671355621928895e-4,4.5829514207149406e-4,-0.0054918642065860095
1711759412,8.671355621928895e-4,4.5829514207149406e-4,-0.005491864206586009
1130585410,0.01820984680605068,0.02016498625114574,0.005489826173885989
21604283410,0.01820984680605068,0.02016498625114574,0.005489826173885989
40226742413,0.01820984680605068,0.02016498625114574,0.005489826173885989
21604753413,0.009153097600924944,0.007791017415215398,-0.0054894844545500115
1192218410,0.015512091723672801,0.013748854262144821,-0.0054590164111057386
21604254413,0.03979188746507371,0.042621448212648946,0.005452118487591403
40161213410,0.004624722998362077,0.0036663611365719525,-0.005450028710365872
40167231410,0.004624722998362077,0.0036663611365719525,-0.005450028710365872
988095412,0.009153097600924944,0.010540788267644362,0.005449971638471781
21600447410,0.0014452259369881492,9.165902841429881e-4,-0.00544777416386184
21602210412,0.0014452259369881492,9.165902841429881e-4,-0.00544777416386184
727835412,0.0014452259369881492,9.165902841429881e-4,-0.005447774163861838
19010927410,0.0014452259369881492,9.165902841429881e-4,-0.005447774163861838
19028106413,0.0014452259369881492,9.165902841429881e-4,-0.005447774163861838
21601137410,0.0014452259369881492,9.165902841429881e-4,-0.005447774163861838
21601138410,0.0014452259369881492,9.165902841429881e-4,-0.005447774163861838
21602229413,0.0014452259369881492,9.165902841429881e-4,-0.005447774163861838
966956413,0.0014452259369881492,9.165902841429881e-4,-0.005447774163861837
1145379412,0.0014452259369881492,9.165902841429881e-4,-0.005447774163861837
19077884412,0.0014452259369881492,9.165902841429881e-4,-0.005447774163861837
21602261413,0.0014452259369881492,9.165902841429881e-4,-0.005447774163861837
21602262413,0.0014452259369881492,9.165902841429881e-4,-0.005447774163861837
21602263413,0.0014452259369881492,9.165902841429881e-4,-0.005447774163861837
40226671410,0.0014452259369881492,9.165902841429881e-4,-0.005447774163861837
21602195413,0.009634839579920994,0.008249312557286892,-0.005441474212364131
21602196413,0.009634839579920994,0.008249312557286892,-0.005441474212364131
1539403412,0.13411696695250025,0.12923923006416133,-0.005437404734247573
741530412,0.006648039310145486,0.005499541704857928,-0.005436074762685647
21600693412,0.006648039310145486,0.005499541704857928,-0.005436074762685647
21604939410,0.0070334328933423255,0.008249312557286892,0.005431775363755035
700465410,0.03468542248771558,0.032080659945004586,-0.005427386348257336
1398937412,0.017439059639657,0.015582034830430797,-0.0054242596293550506
21604383412,0.017439059639657,0.015582034830430797,-0.0054242596293550506
21601079412,0.01792080161865305,0.016040329972502293,-0.005418988157311637
933724410,0.022738221408613545,0.020623281393217233,-0.005418147702545295
21600279410,0.04085171981886502,0.038038496791934,-0.005415514455627804
766529410,0.07524809711918297,0.07149404216315307,-0.005413250928154882
1559684412,0.07149050968301378,0.06782768102658111,-0.005408448448498503
19027362410,0.004528374602562868,0.005499541704857928,0.00538125210289186
1341238410,0.11552172656325273,0.12007332722273144,0.005378766401840304
900093410,0.005780903747952597,0.0068744271310724105,0.005377629855214642
705178410,0.024376144137200115,0.026581118240146653,0.005376013905131455
948582412,0.010887368725310724,0.01237396883593034,0.005364842680333918
21601517412,0.08854417573947394,0.0925756186984418,0.005357347653710979
1525215410,0.06166297331149436,0.06507791017415215,0.005354639289380725
744798413,0.0028904518739762985,0.0036663611365719525,0.005352665163418955
40161228410,0.0028904518739762985,0.0036663611365719525,0.005352665163418955
40166881410,0.0028904518739762985,0.0036663611365719525,0.005352665163418955
40170722410,0.0028904518739762985,0.0036663611365719525,0.005352665163418955
21600510410,0.04412756527603815,0.04124656278643447,-0.005343585280853011
21600511410,0.04412756527603815,0.04124656278643447,-0.005343585280853011
738156413,0.01782445322285384,0.019706691109074245,0.00534167979228131
1350489412,0.01782445322285384,0.019706691109074245,0.00534167979228131
989482410,0.007900568455535216,0.00916590284142988,0.00534156798922459
1598658410,0.01609018209846806,0.017873510540788267,0.005319630657624035
948582410,0.057327295500529916,0.054078826764436295,-0.00531883518230035
19025274413,0.057327295500529916,0.054078826764436295,-0.0053188351823003485
915542412,0.005106464977358127,0.004124656278643446,-0.005307604161159925
1140088413,0.005106464977358127,0.004124656278643446,-0.005307604161159925
1151422413,0.005106464977358127,0.004124656278643446,-0.005307604161159925
21603041413,0.005106464977358127,0.004124656278643446,-0.005307604161159925
21602073413,0.011561807495905194,0.01008249312557287,-0.0053012479735726915
797399412,0.02880817034396377,0.031164069660861594,0.005299754202156018
21603594412,0.03632334521630215,0.03895508707607699,0.005297277097900303
19039926410,0.003564890644570768,0.002749770852428964,-0.005287189375893108
904639412,0.003564890644570768,0.002749770852428964,-0.005287189375893107
1790812413,0.003564890644570768,0.002749770852428964,-0.005287189375893107
21602202413,0.003564890644570768,0.002749770852428964,-0.005287189375893107
21602261412,0.003564890644570768,0.002749770852428964,-0.005287189375893107
21602262412,0.003564890644570768,0.002749770852428964,-0.005287189375893107
21602263412,0.003564890644570768,0.002749770852428964,-0.005287189375893107
40224069410,0.003564890644570768,0.002749770852428964,-0.005287189375893107
940183410,0.007611523268137585,0.006416131989000917,-0.005282935899142796
918172412,0.008767704017728105,0.01008249312557287,0.005275604318872589
21602301412,0.008767704017728105,0.01008249312557287,0.005275604318872589
904453410,0.09480682146642258,0.09074243813015583,-0.00527398638404313
734275412,0.012525291453897292,0.010999083409715857,-0.005254424012663429
19015230410,0.012525291453897292,0.010999083409715857,-0.005254424012663429
1101554413,0.006648039310145486,0.007791017415215398,0.005251381108024855
21604140413,0.006648039310145486,0.007791017415215398,0.005251381108024855
1502809410,0.08449754311590713,0.08065994500458296,-0.005246268438849534
21601698412,0.05067925619038443,0.04766269477543538,-0.005236108089768123
1331235410,0.07158685807881299,0.07516040329972502,0.005230741534803916
21604540413,0.013488775411889392,0.011915673693858845,-0.005218967890625169
21600531412,0.03410733211292032,0.03162236480293309,-0.005218937053103037
21600532412,0.03410733211292032,0.03162236480293309,-0.005218937053103037
40161754410,0.0025050582907794583,0.0018331805682859762,-0.00521485068741372
40161930410,0.0025050582907794583,0.0018331805682859762,-0.00521485068741372
1308738413,0.0025050582907794583,0.0018331805682859762,-0.005214850687413719
1315411410,0.0025050582907794583,0.0018331805682859762,-0.005214850687413719
21601120413,0.0025050582907794583,0.0018331805682859762,-0.005214850687413719
529218410,0.0025050582907794583,0.0018331805682859762,-0.005214850687413718
913782412,0.0025050582907794583,0.0018331805682859762,-0.005214850687413718
914244410,0.0025050582907794583,0.0018331805682859762,-0.005214850687413718
902722412,0.0025050582907794583,0.0018331805682859762,-0.005214850687413717
21600264412,0.0025050582907794583,0.0018331805682859762,-0.005214850687413717
21603850412,0.0025050582907794583,0.0018331805682859762,-0.005214850687413717
21605285413,0.062433760477888046,0.05912007332722273,-0.005211464173359454
1308216410,0.3778784083245014,0.3712190650779102,-0.005206681536925502
738156412,0.029289912322959823,0.03162236480293309,0.005205917661316563
937439413,0.0025050582907794583,0.0032080659945004585,0.005203162277036423
21604809413,0.0025050582907794583,0.0032080659945004585,0.005203162277036423
719311413,0.0025050582907794583,0.0032080659945004585,0.005203162277036422
1153428413,0.0025050582907794583,0.0032080659945004585,0.005203162277036422
21600498412,0.0025050582907794583,0.0032080659945004585,0.005203162277036422
40175764410,0.0041429810193660275,0.005041246562786435,0.0052015935683860015
1786621412,0.005395510164755757,0.006416131989000917,0.005194244106025428
21602337410,0.005395510164755757,0.006416131989000917,0.005194244106025426
738818410,0.0055882069563541765,0.00458295142071494,-0.005190315718373627
21603479412,0.01657192407746411,0.01833180568285976,0.0051761249952395885
781039412,0.021196647075826188,0.01924839596700275,-0.005164930890104133
980867410,0.020714905096830136,0.018790100824931256,-0.005160964969804831
964339413,0.020714905096830136,0.018790100824931256,-0.005160964969804829
21605229412,0.0075151748723383755,0.008707607699358386,0.005160888368036346
715997410,0.020233163117834088,0.01833180568285976,-0.005157654263148179
798834410,0.01734271124385779,0.015582034830430797,-0.005154624868536093
21602292410,0.01734271124385779,0.015582034830430797,-0.005154624868536092
21600601410,0.11802678485403217,0.11365719523373052,-0.005145384076993488
21600602410,0.11802678485403217,0.11365719523373052,-0.005145384076993488
21605227413,0.06802196743424221,0.06461961503208066,-0.005140319434872445
21605228413,0.06802196743424221,0.06461961503208066,-0.005140319434872445
21601855412,0.32806628769630986,0.32172318973418884,-0.005122866925879365
21600749412,0.17747374506214472,0.17231897341888175,-0.005121657429761302
1363053412,0.023605356970806436,0.025664527956003668,0.00510116130153443
923081412,0.004046632623566818,0.0032080659945004585,-0.005096608765276775
1115572412,0.004046632623566818,0.0032080659945004585,-0.005096608765276775
19006186410,0.004046632623566818,0.0032080659945004585,-0.005096608765276774
19092377410,0.004046632623566818,0.0032080659945004585,-0.005096608765276774
21600714413,0.004046632623566818,0.0032080659945004585,-0.005096608765276774
21601215410,0.004046632623566818,0.0032080659945004585,-0.005096608765276774
21603834410,0.0060699489353502264,0.005041246562786435,-0.005092721826104389
40161629410,0.0060699489353502264,0.005041246562786435,-0.005092721826104389
1714319410,0.0060699489353502264,0.005041246562786435,-0.005092721826104388
529411413,5.780903747952597e-4,9.165902841429881e-4,0.005083290481568808
1125765412,5.780903747952597e-4,9.165902841429881e-4,0.005083290481568808
21601279413,5.780903747952597e-4,9.165902841429881e-4,0.005083290481568808
21601315413,5.780903747952597e-4,9.165902841429881e-4,0.005083290481568808
909440412,5.780903747952597e-4,9.165902841429881e-4,0.005083290481568807
950637413,5.780903747952597e-4,9.165902841429881e-4,0.005083290481568807
1563600410,5.780903747952597e-4,9.165902841429881e-4,0.005083290481568807
1586449410,5.780903747952597e-4,9.165902841429881e-4,0.005083290481568807
21601258412,5.780903747952597e-4,9.165902841429881e-4,0.005083290481568807
21602337413,5.780903747952597e-4,9.165902841429881e-4,0.005083290481568807
40170582412,5.780903747952597e-4,9.165902841429881e-4,0.005083290481568807
40172004412,5.780903747952597e-4,9.165902841429881e-4,0.005083290481568807
40172250410,5.780903747952597e-4,9.165902841429881e-4,0.005083290481568807
40172543410,5.780903747952597e-4,9.165902841429881e-4,0.005083290481568807
906149412,5.780903747952597e-4,9.165902841429881e-4,0.005083290481568806
922976412,5.780903747952597e-4,9.165902841429881e-4,0.005083290481568806
928980410,5.780903747952597e-4,9.165902841429881e-4,0.005083290481568806
940864413,5.780903747952597e-4,9.165902841429881e-4,0.005083290481568806
1036059412,5.780903747952597e-4,9.165902841429881e-4,0.005083290481568806
1125449412,5.780903747952597e-4,9.165902841429881e-4,0.005083290481568806
1300673412,5.780903747952597e-4,9.165902841429881e-4,0.005083290481568806
1310317412,5.780903747952597e-4,9.165902841429881e-4,0.005083290481568806
1386670410,5.780903747952597e-4,9.165902841429881e-4,0.005083290481568806
19092167410,5.780903747952597e-4,9.165902841429881e-4,0.005083290481568806
19136716410,5.780903747952597e-4,9.165902841429881e-4,0.005083290481568806
21602724412,5.780903747952597e-4,9.165902841429881e-4,0.005083290481568806
40172305412,5.780903747952597e-4,9.165902841429881e-4,0.005083290481568806
40175932412,5.780903747952597e-4,9.165902841429881e-4,0.005083290481568806
40222500412,5.780903747952597e-4,9.165902841429881e-4,0.005083290481568806
937368412,5.780903747952597e-4,9.165902841429881e-4,0.0050832904815688055
1147878413,5.780903747952597e-4,9.165902841429881e-4,0.0050832904815688055
1400959410,5.780903747952597e-4,9.165902841429881e-4,0.0050832904815688055
19038998410,5.780903747952597e-4,9.165902841429881e-4,0.0050832904815688055
21600934412,5.780903747952597e-4,9.165902841429881e-4,0.0050832904815688055
21604719412,5.780903747952597e-4,9.165902841429881e-4,0.0050832904815688055
40161857413,5.780903747952597e-4,9.165902841429881e-4,0.0050832904815688055
40162062410,5.780903747952597e-4,9.165902841429881e-4,0.0050832904815688055
40162097412,5.780903747952597e-4,9.165902841429881e-4,0.0050832904815688055
40162144413,5.780903747952597e-4,9.165902841429881e-4,0.0050832904815688055
40172610410,5.780903747952597e-4,9.165902841429881e-4,0.0050832904815688055
40174405412,5.780903747952597e-4,9.165902841429881e-4,0.0050832904815688055
40224861412,5.780903747952597e-4,9.165902841429881e-4,0.0050832904815688055
1786842410,0.006262645726948646,0.007332722273143905,0.005064891803111267
915175412,0.006262645726948646,0.007332722273143905,0.005064891803111266
21603530410,0.04586183640042393,0.04307974335472044,-0.005064209346497438
21603531410,0.04586183640042393,0.04307974335472044,-0.005064209346497438
1118045413,0.0021196647075826186,0.002749770852428964,0.0050618853989211005
1350310413,0.0021196647075826186,0.002749770852428964,0.0050618853989211
1308368412,0.0021196647075826186,0.002749770852428964,0.005061885398921099
40170531410,0.0021196647075826186,0.002749770852428964,0.005061885398921099
1366279410,0.0021196647075826186,0.002749770852428964,0.005061885398921098
1760616410,0.01792080161865305,0.019706691109074245,0.005057375629588778
1314002412,0.055593024376144135,0.05866177818515124,0.00505130420464222
1126128410,0.010020233163117833,0.008707607699358386,-0.0050503109897095345
1707164410,0.10395991906734753,0.0999083409715857,-0.005044440858394485
21602095410,0.10395991906734753,0.0999083409715857,-0.005044440858394485
987245410,0.010501975142113883,0.00916590284142988,-0.005020763140266678
21603396410,0.47682821081029003,0.4702108157653529,-0.005020100053975678
19000498410,0.0037575874361691877,0.00458295142071494,0.005016366228242507
19073699410,0.0037575874361691877,0.00458295142071494,0.005016366228242507
40161714410,0.0037575874361691877,0.00458295142071494,0.005016366228242507
1309068412,0.0037575874361691877,0.00458295142071494,0.005016366228242506
21600432412,0.0037575874361691877,0.00458295142071494,0.005016366228242506
836715410,0.03468542248771558,0.03712190650779102,0.005015313574949486
777221412,0.021003950284227767,0.022914757103574702,0.005009859816472336
21604589412,0.021003950284227767,0.022914757103574702,0.005009859816472336
721724413,0.010983717121109933,0.01237396883593034,0.004999518897441993
19092849410,0.010983717121109933,0.01237396883593034,0.004999518897441993
21603283412,0.010983717121109933,0.01237396883593034,0.004999518897441993
933952410,0.010983717121109933,0.009624197983501375,-0.004995257673647348
1314002413,0.03381828692552269,0.03620531622364803,0.004973708740472002
932745410,0.05193178533577416,0.04903758020164986,-0.0049644501754639355
955632412,0.004528374602562868,0.0036663611365719525,-0.00494627914655915
40162200410,0.004528374602562868,0.0036663611365719525,-0.00494627914655915
21600835410,0.0070334328933423255,0.005957836846929423,-0.004941796113980199
21600836410,0.0070334328933423255,0.005957836846929423,-0.004941796113980199
902938410,0.001734271124385779,0.00229147571035747,0.004937893973149794
1500211413,0.001734271124385779,0.00229147571035747,0.004937893973149794
1760616413,0.001734271124385779,0.00229147571035747,0.004937893973149794
1771162413,0.001734271124385779,0.00229147571035747,0.004937893973149794
21603177410,0.001734271124385779,0.00229147571035747,0.004937893973149794
40161565410,0.001734271124385779,0.00229147571035747,0.004937893973149794
40162178410,0.001734271124385779,0.00229147571035747,0.004937893973149794
1189754412,0.001734271124385779,0.00229147571035747,0.004937893973149793
21604069410,0.2757491087773389,0.26993583868011,-0.004933941122333668
715939413,0.0029868002697755083,0.00229147571035747,-0.004927794412009745
718122413,0.0029868002697755083,0.00229147571035747,-0.004927794412009745
941577410,0.0029868002697755083,0.00229147571035747,-0.004927794412009745
1530014412,0.0029868002697755083,0.00229147571035747,-0.004927794412009745
40161316410,0.0029868002697755083,0.00229147571035747,-0.004927794412009745
40162029410,0.0029868002697755083,0.00229147571035747,-0.004927794412009745
21601698410,0.1985740437421717,0.1934005499541705,-0.0049216817127408965
21604114412,0.03015704788515271,0.027956003666361137,-0.004906250179926045
1554072410,0.02013681472203488,0.01833180568285976,-0.004905920805419883
21602760410,0.02013681472203488,0.01833180568285976,-0.004905920805419883
21602326410,0.019655072743038828,0.017873510540788267,-0.004900415247927029
21603892413,0.0019269679159841988,0.001374885426214482,-0.004892502444432354
40174420410,0.0019269679159841988,0.001374885426214482,-0.004892502444432354
40238145410,0.0019269679159841988,0.001374885426214482,-0.004892502444432354
717136412,0.0019269679159841988,0.001374885426214482,-0.004892502444432353
950370413,0.0019269679159841988,0.001374885426214482,-0.004892502444432353
984232412,0.0019269679159841988,0.001374885426214482,-0.004892502444432353
1353228412,0.0019269679159841988,0.001374885426214482,-0.004892502444432353
1387219412,0.0019269679159841988,0.001374885426214482,-0.004892502444432353
21602318412,0.0019269679159841988,0.001374885426214482,-0.004892502444432353
21602319412,0.0019269679159841988,0.001374885426214482,-0.004892502444432353
21603923413,0.0019269679159841988,0.001374885426214482,-0.004892502444432353
40172838410,0.0019269679159841988,0.001374885426214482,-0.004892502444432353
40175871410,0.0019269679159841988,0.001374885426214482,-0.004892502444432353
40224712410,0.0019269679159841988,0.001374885426214482,-0.004892502444432353
918222410,0.0019269679159841988,0.001374885426214482,-0.004892502444432352
1516766413,0.0019269679159841988,0.001374885426214482,-0.004892502444432351
1781406412,0.0019269679159841988,0.001374885426214482,-0.004892502444432351
21604849412,0.018691588785046728,0.01695692025664528,-0.004891410372191148
1545958413,0.04104441661046344,0.0384967919340055,-0.004890395066570724
1331247410,0.01772810482705463,0.016040329972502293,-0.004885452699802196
21601574410,0.01772810482705463,0.016040329972502293,-0.004885452699802196
21604391412,0.01772810482705463,0.016040329972502293,-0.004885452699802196
791967413,0.0075151748723383755,0.006416131989000917,-0.004883262173170559
21600109410,0.01676462086906253,0.015123739688359304,-0.004883073844630019
21601782410,0.749397822526255,0.7438130155820348,-0.004876213656704151
932196410,0.023701705366605645,0.025664527956003668,0.004854619349570615
1103374412,0.0013488775411889392,0.0018331805682859762,0.004850487045134625
1304107410,0.0013488775411889392,0.0018331805682859762,0.004850487045134625
1537655412,0.0013488775411889392,0.0018331805682859762,0.004850487045134625
1724666410,0.0013488775411889392,0.0018331805682859762,0.004850487045134625
21602786412,0.0013488775411889392,0.0018331805682859762,0.004850487045134625
40161706412,0.0013488775411889392,0.0018331805682859762,0.004850487045134625
720727413,0.0013488775411889392,0.0018331805682859762,0.004850487045134624
1763204410,0.0013488775411889392,0.0018331805682859762,0.004850487045134624
21600632413,0.0013488775411889392,0.0018331805682859762,0.004850487045134624
40171120410,0.0013488775411889392,0.0018331805682859762,0.004850487045134624
40172704410,0.0013488775411889392,0.0018331805682859762,0.004850487045134624
40226492410,0.0013488775411889392,0.0018331805682859762,0.004850487045134624
40227400410,0.0013488775411889392,0.0018331805682859762,0.004850487045134624
40172266410,9.634839579920994e-4,0.001374885426214482,0.0048474354570951375
529660410,9.634839579920994e-4,0.001374885426214482,0.004847435457095137
752061413,9.634839579920994e-4,0.001374885426214482,0.004847435457095137
911064412,9.634839579920994e-4,0.001374885426214482,0.004847435457095137
1130585413,9.634839579920994e-4,0.001374885426214482,0.004847435457095137
1714319412,9.634839579920994e-4,0.001374885426214482,0.004847435457095137
19026180410,9.634839579920994e-4,0.001374885426214482,0.004847435457095137
19071160410,9.634839579920994e-4,0.001374885426214482,0.004847435457095137
19078092410,9.634839579920994e-4,0.001374885426214482,0.004847435457095137
21604283413,9.634839579920994e-4,0.001374885426214482,0.004847435457095137
40161706413,9.634839579920994e-4,0.001374885426214482,0.004847435457095137
40162235413,9.634839579920994e-4,0.001374885426214482,0.004847435457095137
40170650412,9.634839579920994e-4,0.001374885426214482,0.004847435457095137
40172270410,9.634839579920994e-4,0.001374885426214482,0.004847435457095137
1156378413,9.634839579920994e-4,0.001374885426214482,0.004847435457095135
1189490413,9.634839579920994e-4,0.001374885426214482,0.004847435457095135
21603246413,9.634839579920994e-4,0.001374885426214482,0.004847435457095135
40175669410,9.634839579920994e-4,0.001374885426214482,0.004847435457095135
1314577412,9.634839579920994e-4,0.001374885426214482,0.004847435457095134
21605199410,0.11311301666827248,0.10907424381301559,-0.004844168616331777
21605200410,0.11311301666827248,0.10907424381301559,-0.004844168616331777
745466412,0.014934001348877542,0.016498625114573784,0.004844104665709725
1189754410,0.009731187975720205,0.010999083409715857,0.004839418760688127
906780413,0.007996916851334425,0.0068744271310724105,-0.0048335160627367936
1189220410,0.005010116581558917,0.004124656278643446,-0.004825633121375537
955583412,0.003372193852972348,0.004124656278643446,0.004825179599474583
1836503412,0.003372193852972348,0.004124656278643446,0.004825179599474583
21600109412,0.003372193852972348,0.004124656278643446,0.004825179599474583
21602657410,0.027266596011176415,0.025206232813932174,-0.0048239373280932725
1776430410,0.013199730224491762,0.01466544454628781,0.004819926391504287
19046180412,0.004624722998362077,0.005499541704857928,0.004807011791311258
21601516412,0.08941131130166682,0.0930339138405133,0.004794809957792146
1784444410,0.008478658830330475,0.007332722273143905,-0.0047911779520803735
21603890413,0.008478658830330475,0.007332722273143905,-0.004791177952080373
21603891413,0.008478658830330475,0.007332722273143905,-0.004791177952080373
21604565412,0.06426437999807304,0.06736938588450962,0.004778503078397997
1192710412,0.018017150014452258,0.019706691109074245,0.00477431227651561
718122410,0.025339628095192215,0.023373052245646196,-0.004772392424657387
21604709412,0.09673378938240679,0.0930339138405133,-0.004756244418047064
1036884410,0.008960400809326525,0.007791017415215398,-0.00475514311395139
21605187412,0.024183447345601697,0.02612282309807516,0.004750841215829916
1340128410,0.18450717795548705,0.17965169569202566,-0.004750803276496142
21601605412,0.024376144137200115,0.022456461961503207,-0.004747920818468963
21600174413,0.01715001445225937,0.018790100824931256,0.004747413066184052
1301065410,0.005491858560554967,0.00458295142071494,-0.004727553931589089
19035704413,0.005491858560554967,0.00458295142071494,-0.004727553931589089
1147878410,0.005491858560554967,0.00458295142071494,-0.004727553931589087
21600381413,0.06474612197706908,0.06782768102658111,0.004726244152854973
21601617412,0.009442142788322574,0.008249312557286892,-0.0047245159699194775
21605188410,0.023316311783408806,0.025206232813932174,0.004712533942537811
21605189410,0.023316311783408806,0.025206232813932174,0.004712533942537811
45892419410,0.023316311783408806,0.025206232813932174,0.004712533942537811
21600704410,0.01541574332787359,0.01695692025664528,0.004699428180963247
1383815412,0.009923884767318624,0.008707607699358386,-0.004698562393662058
719174412,0.008478658830330475,0.009624197983501375,0.004679314781939392
21604459412,0.008478658830330475,0.009624197983501375,0.004679314781939392
1149380410,0.029964351093554293,0.032080659945004586,0.004675176868557128
21604606412,0.045091049234030255,0.04766269477543538,0.004673333158978243
21602098412,0.056267463146738604,0.05912007332722273,0.004670681672495509
21602099412,0.056267463146738604,0.05912007332722273,0.004670681672495509
1786621410,0.0484632430870026,0.045829514207149404,-0.0046675423214665454
1517740410,0.010887368725310724,0.009624197983501375,-0.004658344882085007
21600779410,0.13247904422391368,0.12832263978001834,-0.004655766422564089
1201620410,0.2121591675498603,0.2071494042163153,-0.004649441611843591
21603823410,0.012814336641294923,0.014207149404216315,0.004648551451570387
21603130413,0.005973600539551017,0.005041246562786435,-0.004647057878263807
21604825412,0.005973600539551017,0.005041246562786435,-0.004647057878263807
1326378410,0.010212929954716255,0.011457378551787351,0.004640992636866985
21601078412,0.01859524038924752,0.01695692025664528,-0.004629571868268526
21600632412,0.0029868002697755083,0.0036663611365719525,0.004627690839503525
904250410,0.01811349841025147,0.016498625114573784,-0.004622903101169356
21603366413,0.027651989594373254,0.025664527956003668,-0.004620157315103519
791967410,0.07515174872338376,0.07195233730522456,-0.0046134691771309395
1305058410,0.034878119279314,0.03712190650779102,0.004608604755382962
21601422410,0.034878119279314,0.03712190650779102,0.004608604755382962
1115572410,0.01666827247326332,0.015123739688359304,-0.00460730831141286
21602410410,0.01666827247326332,0.015123739688359304,-0.00460730831141286
19013721410,0.004239329415165237,0.005041246562786435,0.004601443273264046
21604515412,0.015704788515271222,0.014207149404216315,-0.004601286303027777
968426410,0.04200790056845553,0.044454628780934924,0.004598651986558705
21600531410,0.16119086617207823,0.15673693858845097,-0.004597977819659983
21600532410,0.16119086617207823,0.15673693858845097,-0.004597977819659983
1343916410,0.026014066865786684,0.027956003666361137,0.004593175034171079
1110942410,0.0013488775411889392,9.165902841429881e-4,-0.004591792332828126
19021129413,0.0013488775411889392,9.165902841429881e-4,-0.004591792332828126
21603358410,0.0013488775411889392,9.165902841429881e-4,-0.004591792332828126
40170483412,0.0013488775411889392,9.165902841429881e-4,-0.004591792332828126
981774410,0.0013488775411889392,9.165902841429881e-4,-0.004591792332828125
1336539410,0.0013488775411889392,9.165902841429881e-4,-0.004591792332828125
1750087413,0.0013488775411889392,9.165902841429881e-4,-0.004591792332828125
1777254410,0.0013488775411889392,9.165902841429881e-4,-0.004591792332828125
40167333410,0.0013488775411889392,9.165902841429881e-4,-0.004591792332828125
40175889410,0.0013488775411889392,9.165902841429881e-4,-0.004591792332828125
21600651410,0.3398207919838135,0.3340971585701192,-0.00458148544751028
1586640410,0.006358994122747856,0.007332722273143905,0.004580849632159433
21604856413,0.006455342518547067,0.005499541704857928,-0.0045805422173092625
942350413,0.006455342518547067,0.005499541704857928,-0.004580542217309262
21600127413,0.048270546295404185,0.05087076076993584,0.00457586084710167
21601783412,0.2656325272184218,0.2603116406966086,-0.004569317530147896
21601784412,0.2656325272184218,0.2603116406966086,-0.004569317530147896
904250412,0.003950284227767608,0.0032080659945004585,-0.004557591611589309
21601445412,0.003950284227767608,0.0032080659945004585,-0.004557591611589309
19020477410,0.045572791213026306,0.04307974335472044,-0.004549484534309278
21603548410,0.045572791213026306,0.04307974335472044,-0.004549484534309278
1400498410,0.0024087098949802485,0.0018331805682859762,-0.0045432161083300854
915542413,0.0024087098949802485,0.0018331805682859762,-0.004543216108330085
1111706412,0.0024087098949802485,0.0018331805682859762,-0.004543216108330085
19022003412,0.0024087098949802485,0.0018331805682859762,-0.004543216108330085
40171969410,0.0024087098949802485,0.0018331805682859762,-0.004543216108330085
21604472413,0.006937084497543116,0.005957836846929423,-0.0045253327798769226
21601131412,0.006937084497543116,0.005957836846929423,-0.004525332779876921
21601132412,0.006937084497543116,0.005957836846929423,-0.004525332779876921
1110410410,0.0881587821562771,0.0847846012832264,-0.0045223678967016056
1777806412,0.007226129684940746,0.008249312557286892,0.004521874654807065
1525215412,0.014163214182483862,0.015582034830430797,0.004510586538064971
21604181412,0.03044609307255034,0.02841429880843263,-0.0045056954871444755
992590410,0.062433760477888046,0.05957836846929423,-0.004488002926996406
21601434412,0.007418826476539166,0.006416131989000917,-0.004479399875078055
1551673410,0.0465362751710184,0.04903758020164986,0.004478994863952287
1118045410,0.023412660179208015,0.025206232813932174,0.004464960303011519
990499410,0.008960400809326525,0.01008249312557287,0.004463442034267375
1311078410,0.008960400809326525,0.01008249312557287,0.004463442034267375
963742410,0.005106464977358127,0.005957836846929423,0.004461535238567778
21603235410,0.005106464977358127,0.005957836846929423,0.004461535238567778
1314273410,0.005106464977358127,0.005957836846929423,0.0044615352385677775
21603282412,0.011561807495905194,0.012832263978001834,0.004460624723026444
21605212413,0.07457365834858849,0.07149404216315307,-0.004456067085197332
21604817410,0.010694671933712303,0.011915673693858845,0.004453796956587654
997276412,0.021871085846420658,0.02016498625114574,-0.004448861873648322
21603491412,0.021871085846420658,0.02016498625114574,-0.004448861873648322
21602674412,0.020329511513633297,0.021998166819431713,0.0044487092143598314
21600095412,0.14991810386357068,0.1457378551787351,-0.00444523320770141
713823412,0.007900568455535216,0.0068744271310724105,-0.004441173293271493
1360332410,0.007900568455535216,0.0068744271310724105,-0.004441173293271493
733301413,0.004432026206763658,0.0036663611365719525,-0.004433742932498318
1325608410,0.004432026206763658,0.0036663611365719525,-0.004433742932498318
21604600413,0.004432026206763658,0.0036663611365719525,-0.004433742932498318
40162231410,0.004432026206763658,0.0036663611365719525,-0.004433742932498318
21602287410,0.045669139608825515,0.04812098991750687,0.004429912433331603
709699412,7.707871663936795e-4,4.5829514207149406e-4,-0.004424521873804066
731188410,7.707871663936795e-4,4.5829514207149406e-4,-0.004424521873804066
905531413,7.707871663936795e-4,4.5829514207149406e-4,-0.004424521873804066
909841412,7.707871663936795e-4,4.5829514207149406e-4,-0.004424521873804066
919681410,7.707871663936795e-4,4.5829514207149406e-4,-0.004424521873804066
940426413,7.707871663936795e-4,4.5829514207149406e-4,-0.004424521873804066
947651410,7.707871663936795e-4,4.5829514207149406e-4,-0.004424521873804066
947705410,7.707871663936795e-4,4.5829514207149406e-4,-0.004424521873804066
951279413,7.707871663936795e-4,4.5829514207149406e-4,-0.004424521873804066
960988413,7.707871663936795e-4,4.5829514207149406e-4,-0.004424521873804066
961145412,7.707871663936795e-4,4.5829514207149406e-4,-0.004424521873804066
989301412,7.707871663936795e-4,4.5829514207149406e-4,-0.004424521873804066
990028412,7.707871663936795e-4,4.5829514207149406e-4,-0.004424521873804066
1111220412,7.707871663936795e-4,4.5829514207149406e-4,-0.004424521873804066
1301125413,7.707871663936795e-4,4.5829514207149406e-4,-0.004424521873804066
1319156410,7.707871663936795e-4,4.5829514207149406e-4,-0.004424521873804066
1337620412,7.707871663936795e-4,4.5829514207149406e-4,-0.004424521873804066
1362979410,7.707871663936795e-4,4.5829514207149406e-4,-0.004424521873804066
1366773410,7.707871663936795e-4,4.5829514207149406e-4,-0.004424521873804066
1515249413,7.707871663936795e-4,4.5829514207149406e-4,-0.004424521873804066
1562586410,7.707871663936795e-4,4.5829514207149406e-4,-0.004424521873804066
1724869412,7.707871663936795e-4,4.5829514207149406e-4,-0.004424521873804066
1777417410,7.707871663936795e-4,4.5829514207149406e-4,-0.004424521873804066
19005629410,7.707871663936795e-4,4.5829514207149406e-4,-0.004424521873804066
19018384410,7.707871663936795e-4,4.5829514207149406e-4,-0.004424521873804066
19034726412,7.707871663936795e-4,4.5829514207149406e-4,-0.004424521873804066
19037624412,7.707871663936795e-4,4.5829514207149406e-4,-0.004424521873804066
19038562412,7.707871663936795e-4,4.5829514207149406e-4,-0.004424521873804066
19039926412,7.707871663936795e-4,4.5829514207149406e-4,-0.004424521873804066
19046454413,7.707871663936795e-4,4.5829514207149406e-4,-0.004424521873804066
19051463412,7.707871663936795e-4,4.5829514207149406e-4,-0.004424521873804066
19070174410,7.707871663936795e-4,4.5829514207149406e-4,-0.004424521873804066
19080338412,7.707871663936795e-4,4.5829514207149406e-4,-0.004424521873804066
19091430410,7.707871663936795e-4,4.5829514207149406e-4,-0.004424521873804066
19095002410,7.707871663936795e-4,4.5829514207149406e-4,-0.004424521873804066
19097209412,7.707871663936795e-4,4.5829514207149406e-4,-0.004424521873804066
19097463410,7.707871663936795e-4,4.5829514207149406e-4,-0.004424521873804066
21601980410,7.707871663936795e-4,4.5829514207149406e-4,-0.004424521873804066
21602429413,7.707871663936795e-4,4.5829514207149406e-4,-0.004424521873804066
21602430412,7.707871663936795e-4,4.5829514207149406e-4,-0.004424521873804066
21602431412,7.707871663936795e-4,4.5829514207149406e-4,-0.004424521873804066
21604248413,7.707871663936795e-4,4.5829514207149406e-4,-0.004424521873804066
40161044413,7.707871663936795e-4,4.5829514207149406e-4,-0.004424521873804066
40162058410,7.707871663936795e-4,4.5829514207149406e-4,-0.004424521873804066
40162219412,7.707871663936795e-4,4.5829514207149406e-4,-0.004424521873804066
40162231413,7.707871663936795e-4,4.5829514207149406e-4,-0.004424521873804066
40170438412,7.707871663936795e-4,4.5829514207149406e-4,-0.004424521873804066
40171969412,7.707871663936795e-4,4.5829514207149406e-4,-0.004424521873804066
905151412,7.707871663936795e-4,4.5829514207149406e-4,-0.004424521873804065
19024770410,7.707871663936795e-4,4.5829514207149406e-4,-0.004424521873804065
1000632412,0.0026014066865786686,0.0032080659945004585,0.004423713549862317
1777087412,0.0026014066865786686,0.0032080659945004585,0.004423713549862317
21600699413,0.0026014066865786686,0.0032080659945004585,0.004423713549862317
21602251413,0.0026014066865786686,0.0032080659945004585,0.004423713549862317
21602818413,0.020907601888428558,0.01924839596700275,-0.0044235167356122
21602882410,0.0736101743905964,0.07057745187901009,-0.00441452534707786
21601533412,0.037961267944888716,0.035747021081576534,-0.0044112835979417805
21601225410,0.0038539358319683976,0.00458295142071494,0.004386427240666775
21601226410,0.0038539358319683976,0.00458295142071494,0.004386427240666775
21601227410,0.0038539358319683976,0.00458295142071494,0.004386427240666775
21603311413,0.027073899219577993,0.025206232813932174,-0.004385411625496156
906780410,0.060025050582907795,0.05728689275893675,-0.004383618033639274
21600601413,0.008864052413527316,0.007791017415215398,-0.004383148769067154
21600602413,0.008864052413527316,0.007791017415215398,-0.004383148769067154
21604820410,0.008864052413527316,0.007791017415215398,-0.004383148769067154
1551803410,0.11966470758261875,0.11594867094408799,-0.004347796285106391
778268412,0.01753540803545621,0.016040329972502293,-0.0043472155530035516
1154077410,0.004913768185759707,0.004124656278643446,-0.004336064391405383
21602019412,0.025146931303593797,0.023373052245646196,-0.0043181877527748
21603241412,0.025146931303593797,0.023373052245646196,-0.0043181877527748
724394412,0.006840736101743906,0.007791017415215398,0.00431648783355257
21604111412,0.006840736101743906,0.007791017415215398,0.00431648783355257
21604456412,0.006840736101743906,0.007791017415215398,0.00431648783355257
1189697410,0.0028904518739762985,0.00229147571035747,-0.004305012761024484
21602714410,0.0028904518739762985,0.00229147571035747,-0.004305012761024484
40171114410,0.0028904518739762985,0.00229147571035747,-0.004305012761024484
40170416410,0.0028904518739762985,0.00229147571035747,-0.0043050127610244834
21602929410,0.10800655169091435,0.10449129239230064,-0.0043014509548352335
1181809410,0.012717988245495712,0.011457378551787351,-0.0042988774682328566
21604525410,0.01686096926486174,0.01833180568285976,0.0042962261806595205
21602281413,0.01686096926486174,0.01833180568285976,0.00429622618065952
21604555412,0.007707871663936795,0.008707607699358386,0.004283305046136913
21603960413,0.007707871663936795,0.008707607699358386,0.004283305046136912
1149196412,0.007707871663936795,0.008707607699358386,0.004283305046136911
932815410,0.03815396473648714,0.04032997250229148,0.004283150710204992
1101554412,0.011176413912708353,0.01237396883593034,0.0042766796796510406
21604140412,0.011176413912708353,0.01237396883593034,0.0042766796796510406
941258410,0.04682532035841603,0.044454628780934924,-0.0042692713024627665
21603491410,0.09634839579920994,0.0930339138405133,-0.0042671414824409426
785788412,0.008575007226129685,0.009624197983501375,0.00426639563231503
1703687412,0.008575007226129685,0.009624197983501375,0.00426639563231503
21603829412,0.005395510164755757,0.00458295142071494,-0.004258138657752415
934262410,0.005395510164755757,0.00458295142071494,-0.004258138657752412
21603071413,0.005395510164755757,0.00458295142071494,-0.004258138657752412
21603072413,0.005395510164755757,0.00458295142071494,-0.004258138657752412
738156410,0.12746892764235476,0.12373968835930339,-0.004245743668715463
40162265410,0.004721071394161287,0.005499541704857928,0.004242552831489091
21604091410,0.26707775315540994,0.2621448212648946,-0.004228460910178857
1123995410,0.052895269293766256,0.05041246562786435,-0.004218857211453157
21603305410,0.052895269293766256,0.05041246562786435,-0.004218857211453157
21601765412,0.11513633298005588,0.11869844179651695,0.004218244240458306
1338005410,0.07813854899315927,0.07516040329972502,-0.004216790251219889
1550557410,0.06599865112245881,0.06324472960586618,-0.004216573918760301
955632413,0.002216013103381829,0.002749770852428964,0.004213472174121074
40170444410,0.002216013103381829,0.002749770852428964,0.004213472174121074
21602538413,0.002216013103381829,0.002749770852428964,0.004213472174121073
40161922410,0.002216013103381829,0.002749770852428964,0.004213472174121073
907879412,0.002216013103381829,0.002749770852428964,0.004213472174121072
1036228413,0.002216013103381829,0.002749770852428964,0.004213472174121072
1308432410,0.002216013103381829,0.002749770852428964,0.004213472174121072
1738170410,0.002216013103381829,0.002749770852428964,0.004213472174121072
21600109413,0.002216013103381829,0.002749770852428964,0.004213472174121072
21602391412,0.002216013103381829,0.002749770852428964,0.004213472174121072
40169416410,0.002216013103381829,0.002749770852428964,0.004213472174121072
40172321410,0.002216013103381829,0.002749770852428964,0.004213472174121072
766814410,0.04538009442142788,0.04307974335472044,-0.004204910895869718
21603367413,0.027459292802774832,0.025664527956003668,-0.0041840791481630975
21604462412,0.040659023027266594,0.0384967919340055,-0.004166279210692339
1163944413,0.026977550823778784,0.025206232813932174,-0.004165211590144415
1363053413,0.013392427016090181,0.01466544454628781,0.0041620357367546604
932196413,0.003468542248771558,0.004124656278643446,0.0041604989761902696
40162020410,0.0055882069563541765,0.006416131989000917,0.004154952487657847
40162070410,0.0055882069563541765,0.006416131989000917,0.004154952487657847
21601919410,0.04403121688023894,0.0462878093492209,0.004149504701620475
21601489413,0.03593795163310531,0.03391384051329056,-0.00413944325619599
21601490413,0.03593795163310531,0.03391384051329056,-0.00413944325619599
1717704412,0.003372193852972348,0.002749770852428964,-0.004134249372634133
19087090412,0.003372193852972348,0.002749770852428964,-0.004134249372634133
21604208412,0.003372193852972348,0.002749770852428964,-0.004134249372634133
21604470412,0.003372193852972348,0.002749770852428964,-0.004134249372634133
40223799410,0.003372193852972348,0.002749770852428964,-0.004134249372634133
715259413,0.003372193852972348,0.002749770852428964,-0.004134249372634132
966468410,0.003372193852972348,0.002749770852428964,-0.004134249372634132
21601258410,0.003372193852972348,0.002749770852428964,-0.004134249372634132
529411410,0.012525291453897292,0.013748854262144821,0.004133738993813687
21601315410,0.012525291453897292,0.013748854262144821,0.004133738993813687
959362410,0.001830619520184989,0.001374885426214482,-0.004129275480340128
990499412,0.001830619520184989,0.001374885426214482,-0.004129275480340128
1742253413,0.001830619520184989,0.001374885426214482,-0.004129275480340128
19052059410,0.001830619520184989,0.001374885426214482,-0.004129275480340128
40175970410,0.001830619520184989,0.001374885426214482,-0.004129275480340128
902251410,0.001830619520184989,0.001374885426214482,-0.004129275480340127
1376289412,0.001830619520184989,0.001374885426214482,-0.004129275480340127
19069873410,0.001830619520184989,0.001374885426214482,-0.004129275480340127
19073031410,0.001830619520184989,0.001374885426214482,-0.004129275480340127
21605112410,0.001830619520184989,0.001374885426214482,-0.004129275480340127
21605113410,0.001830619520184989,0.001374885426214482,-0.004129275480340127
40162235412,0.001830619520184989,0.001374885426214482,-0.004129275480340127
40170818410,0.001830619520184989,0.001374885426214482,-0.004129275480340127
40170854410,0.001830619520184989,0.001374885426214482,-0.004129275480340127
40171939410,0.001830619520184989,0.001374885426214482,-0.004129275480340127
21602359412,0.1560844011947201,0.152153987167736,-0.004110231646804654
957797410,0.011658155891704403,0.012832263978001834,0.004108650412448813
1103006410,0.006455342518547067,0.007332722273143905,0.004102808070888657
21601919412,0.006455342518547067,0.007332722273143905,0.004102808070888657
21600652410,0.1907698236824357,0.18652612282309808,-0.0040980553099398895
532274412,9.634839579920994e-5,0,-0.0040912384989054895
596876413,9.634839579920994e-5,0,-0.0040912384989054895
704053413,9.634839579920994e-5,0,-0.0040912384989054895
739323413,9.634839579920994e-5,0,-0.0040912384989054895
781182412,9.634839579920994e-5,0,-0.0040912384989054895
781182413,9.634839579920994e-5,0,-0.0040912384989054895
794229410,9.634839579920994e-5,0,-0.0040912384989054895
794229412,9.634839579920994e-5,0,-0.0040912384989054895
904704410,9.634839579920994e-5,0,-0.0040912384989054895
909021412,9.634839579920994e-5,0,-0.0040912384989054895
909021413,9.634839579920994e-5,0,-0.0040912384989054895
909795413,9.634839579920994e-5,0,-0.0040912384989054895
915841410,9.634839579920994e-5,0,-0.0040912384989054895
943191410,9.634839579920994e-5,0,-0.0040912384989054895
950056412,9.634839579920994e-5,0,-0.0040912384989054895
954696410,9.634839579920994e-5,0,-0.0040912384989054895
958134412,9.634839579920994e-5,0,-0.0040912384989054895
981774413,9.634839579920994e-5,0,-0.0040912384989054895
991855412,9.634839579920994e-5,0,-0.0040912384989054895
992153413,9.634839579920994e-5,0,-0.0040912384989054895
1123534410,9.634839579920994e-5,0,-0.0040912384989054895
1123534412,9.634839579920994e-5,0,-0.0040912384989054895
1123534413,9.634839579920994e-5,0,-0.0040912384989054895
1301152413,9.634839579920994e-5,0,-0.0040912384989054895
1310317413,9.634839579920994e-5,0,-0.0040912384989054895
1319156412,9.634839579920994e-5,0,-0.0040912384989054895
1337068412,9.634839579920994e-5,0,-0.0040912384989054895
1337068413,9.634839579920994e-5,0,-0.0040912384989054895
1351447412,9.634839579920994e-5,0,-0.0040912384989054895
1355509413,9.634839579920994e-5,0,-0.0040912384989054895
1366310412,9.634839579920994e-5,0,-0.0040912384989054895
1366310413,9.634839579920994e-5,0,-0.0040912384989054895
1368823412,9.634839579920994e-5,0,-0.0040912384989054895
1368823413,9.634839579920994e-5,0,-0.0040912384989054895
1391307410,9.634839579920994e-5,0,-0.0040912384989054895
1398399412,9.634839579920994e-5,0,-0.0040912384989054895
1563600412,9.634839579920994e-5,0,-0.0040912384989054895
1563600413,9.634839579920994e-5,0,-0.0040912384989054895
1588986413,9.634839579920994e-5,0,-0.0040912384989054895
1701651412,9.634839579920994e-5,0,-0.0040912384989054895
1718054410,9.634839579920994e-5,0,-0.0040912384989054895
1728416413,9.634839579920994e-5,0,-0.0040912384989054895
1741008410,9.634839579920994e-5,0,-0.0040912384989054895
1745072410,9.634839579920994e-5,0,-0.0040912384989054895
1745072412,9.634839579920994e-5,0,-0.0040912384989054895
1745072413,9.634839579920994e-5,0,-0.0040912384989054895
1763204413,9.634839579920994e-5,0,-0.0040912384989054895
1768734412,9.634839579920994e-5,0,-0.0040912384989054895
1768734413,9.634839579920994e-5,0,-0.0040912384989054895
1836191410,9.634839579920994e-5,0,-0.0040912384989054895
19002912412,9.634839579920994e-5,0,-0.0040912384989054895
19003959412,9.634839579920994e-5,0,-0.0040912384989054895
19007701410,9.634839579920994e-5,0,-0.0040912384989054895
19015523412,9.634839579920994e-5,0,-0.0040912384989054895
19021488410,9.634839579920994e-5,0,-0.0040912384989054895
19026343412,9.634839579920994e-5,0,-0.0040912384989054895
19029824410,9.634839579920994e-5,0,-0.0040912384989054895
19051035412,9.634839579920994e-5,0,-0.0040912384989054895
19058274412,9.634839579920994e-5,0,-0.0040912384989054895
19058274413,9.634839579920994e-5,0,-0.0040912384989054895
19058867412,9.634839579920994e-5,0,-0.0040912384989054895
19058978413,9.634839579920994e-5,0,-0.0040912384989054895
19067415410,9.634839579920994e-5,0,-0.0040912384989054895
19072255410,9.634839579920994e-5,0,-0.0040912384989054895
19072255412,9.634839579920994e-5,0,-0.0040912384989054895
19082886412,9.634839579920994e-5,0,-0.0040912384989054895
19082886413,9.634839579920994e-5,0,-0.0040912384989054895
19088328413,9.634839579920994e-5,0,-0.0040912384989054895
19089579413,9.634839579920994e-5,0,-0.0040912384989054895
19090204412,9.634839579920994e-5,0,-0.0040912384989054895
19090204413,9.634839579920994e-5,0,-0.0040912384989054895
19095269412,9.634839579920994e-5,0,-0.0040912384989054895
21600447413,9.634839579920994e-5,0,-0.0040912384989054895
21600667412,9.634839579920994e-5,0,-0.0040912384989054895
21600668412,9.634839579920994e-5,0,-0.0040912384989054895
21601137412,9.634839579920994e-5,0,-0.0040912384989054895
21601138412,9.634839579920994e-5,0,-0.0040912384989054895
21601364412,9.634839579920994e-5,0,-0.0040912384989054895
21602991410,9.634839579920994e-5,0,-0.0040912384989054895
21603095413,9.634839579920994e-5,0,-0.0040912384989054895
21605295412,9.634839579920994e-5,0,-0.0040912384989054895
21605295413,9.634839579920994e-5,0,-0.0040912384989054895
21605297412,9.634839579920994e-5,0,-0.0040912384989054895
21605297413,9.634839579920994e-5,0,-0.0040912384989054895
21605316412,9.634839579920994e-5,0,-0.0040912384989054895
21605316413,9.634839579920994e-5,0,-0.0040912384989054895
40161354410,9.634839579920994e-5,0,-0.0040912384989054895
40161589413,9.634839579920994e-5,0,-0.0040912384989054895
40161722413,9.634839579920994e-5,0,-0.0040912384989054895
40161726413,9.634839579920994e-5,0,-0.0040912384989054895
40162062412,9.634839579920994e-5,0,-0.0040912384989054895
40163731412,9.634839579920994e-5,0,-0.0040912384989054895
40167333413,9.634839579920994e-5,0,-0.0040912384989054895
40167658412,9.634839579920994e-5,0,-0.0040912384989054895
40167658413,9.634839579920994e-5,0,-0.0040912384989054895
40168316412,9.634839579920994e-5,0,-0.0040912384989054895
40168316413,9.634839579920994e-5,0,-0.0040912384989054895
40169521410,9.634839579920994e-5,0,-0.0040912384989054895
40170470413,9.634839579920994e-5,0,-0.0040912384989054895
40171275412,9.634839579920994e-5,0,-0.0040912384989054895
40171275413,9.634839579920994e-5,0,-0.0040912384989054895
40172365413,9.634839579920994e-5,0,-0.0040912384989054895
40172600413,9.634839579920994e-5,0,-0.0040912384989054895
40172684413,9.634839579920994e-5,0,-0.0040912384989054895
40172900412,9.634839579920994e-5,0,-0.0040912384989054895
40172900413,9.634839579920994e-5,0,-0.0040912384989054895
40174213413,9.634839579920994e-5,0,-0.0040912384989054895
40175648412,9.634839579920994e-5,0,-0.0040912384989054895
40175808413,9.634839579920994e-5,0,-0.0040912384989054895
40175916413,9.634839579920994e-5,0,-0.0040912384989054895
40175933413,9.634839579920994e-5,0,-0.0040912384989054895
40176129412,9.634839579920994e-5,0,-0.0040912384989054895
40176129413,9.634839579920994e-5,0,-0.0040912384989054895
40222461412,9.634839579920994e-5,0,-0.0040912384989054895
40222461413,9.634839579920994e-5,0,-0.0040912384989054895
40224992413,9.634839579920994e-5,0,-0.0040912384989054895
40226579410,9.634839579920994e-5,0,-0.0040912384989054895
40226622412,9.634839579920994e-5,0,-0.0040912384989054895
501343412,9.634839579920994e-5,0,-0.004091238498905489
501343413,9.634839579920994e-5,0,-0.004091238498905489
523212412,9.634839579920994e-5,0,-0.004091238498905489
523212413,9.634839579920994e-5,0,-0.004091238498905489
523283413,9.634839579920994e-5,0,-0.004091238498905489
523365413,9.634839579920994e-5,0,-0.004091238498905489
523367413,9.634839579920994e-5,0,-0.004091238498905489
529112412,9.634839579920994e-5,0,-0.004091238498905489
529114412,9.634839579920994e-5,0,-0.004091238498905489
532881412,9.634839579920994e-5,0,-0.004091238498905489
537647410,9.634839579920994e-5,0,-0.004091238498905489
537647412,9.634839579920994e-5,0,-0.004091238498905489
571187412,9.634839579920994e-5,0,-0.004091238498905489
571187413,9.634839579920994e-5,0,-0.004091238498905489
595252413,9.634839579920994e-5,0,-0.004091238498905489
725822412,9.634839579920994e-5,0,-0.004091238498905489
729855413,9.634839579920994e-5,0,-0.004091238498905489
732893413,9.634839579920994e-5,0,-0.004091238498905489
738152412,9.634839579920994e-5,0,-0.004091238498905489
740924413,9.634839579920994e-5,0,-0.004091238498905489
749727412,9.634839579920994e-5,0,-0.004091238498905489
769935413,9.634839579920994e-5,0,-0.004091238498905489
782043410,9.634839579920994e-5,0,-0.004091238498905489
836208413,9.634839579920994e-5,0,-0.004091238498905489
903031412,9.634839579920994e-5,0,-0.004091238498905489
905078413,9.634839579920994e-5,0,-0.004091238498905489
909358412,9.634839579920994e-5,0,-0.004091238498905489
910888412,9.634839579920994e-5,0,-0.004091238498905489
910888413,9.634839579920994e-5,0,-0.004091238498905489
911638412,9.634839579920994e-5,0,-0.004091238498905489
914840412,9.634839579920994e-5,0,-0.004091238498905489
915392410,9.634839579920994e-5,0,-0.004091238498905489
916751413,9.634839579920994e-5,0,-0.004091238498905489
918222413,9.634839579920994e-5,0,-0.004091238498905489
919681413,9.634839579920994e-5,0,-0.004091238498905489
919839412,9.634839579920994e-5,0,-0.004091238498905489
922024412,9.634839579920994e-5,0,-0.004091238498905489
922024413,9.634839579920994e-5,0,-0.004091238498905489
925102412,9.634839579920994e-5,0,-0.004091238498905489
926487413,9.634839579920994e-5,0,-0.004091238498905489
926770413,9.634839579920994e-5,0,-0.004091238498905489
928110413,9.634839579920994e-5,0,-0.004091238498905489
929504412,9.634839579920994e-5,0,-0.004091238498905489
929698413,9.634839579920994e-5,0,-0.004091238498905489
929983410,9.634839579920994e-5,0,-0.004091238498905489
931035412,9.634839579920994e-5,0,-0.004091238498905489
931035413,9.634839579920994e-5,0,-0.004091238498905489
935390412,9.634839579920994e-5,0,-0.004091238498905489
935390413,9.634839579920994e-5,0,-0.004091238498905489
939726412,9.634839579920994e-5,0,-0.004091238498905489
939726413,9.634839579920994e-5,0,-0.004091238498905489
939871412,9.634839579920994e-5,0,-0.004091238498905489
942494412,9.634839579920994e-5,0,-0.004091238498905489
942494413,9.634839579920994e-5,0,-0.004091238498905489
942659412,9.634839579920994e-5,0,-0.004091238498905489
942659413,9.634839579920994e-5,0,-0.004091238498905489
943116413,9.634839579920994e-5,0,-0.004091238498905489
943634412,9.634839579920994e-5,0,-0.004091238498905489
943852410,9.634839579920994e-5,0,-0.004091238498905489
947416413,9.634839579920994e-5,0,-0.004091238498905489
947705412,9.634839579920994e-5,0,-0.004091238498905489
950882413,9.634839579920994e-5,0,-0.004091238498905489
951980412,9.634839579920994e-5,0,-0.004091238498905489
951980413,9.634839579920994e-5,0,-0.004091238498905489
956691413,9.634839579920994e-5,0,-0.004091238498905489
957623412,9.634839579920994e-5,0,-0.004091238498905489
958396412,9.634839579920994e-5,0,-0.004091238498905489
958396413,9.634839579920994e-5,0,-0.004091238498905489
958994412,9.634839579920994e-5,0,-0.004091238498905489
963747412,9.634839579920994e-5,0,-0.004091238498905489
963747413,9.634839579920994e-5,0,-0.004091238498905489
967861410,9.634839579920994e-5,0,-0.004091238498905489
969004412,9.634839579920994e-5,0,-0.004091238498905489
974140413,9.634839579920994e-5,0,-0.004091238498905489
980311413,9.634839579920994e-5,0,-0.004091238498905489
980478412,9.634839579920994e-5,0,-0.004091238498905489
980478413,9.634839579920994e-5,0,-0.004091238498905489
980955412,9.634839579920994e-5,0,-0.004091238498905489
986517412,9.634839579920994e-5,0,-0.004091238498905489
986517413,9.634839579920994e-5,0,-0.004091238498905489
986790412,9.634839579920994e-5,0,-0.004091238498905489
986790413,9.634839579920994e-5,0,-0.004091238498905489
987128410,9.634839579920994e-5,0,-0.004091238498905489
987153410,9.634839579920994e-5,0,-0.004091238498905489
989567412,9.634839579920994e-5,0,-0.004091238498905489
992716413,9.634839579920994e-5,0,-0.004091238498905489
993979410,9.634839579920994e-5,0,-0.004091238498905489
998394412,9.634839579920994e-5,0,-0.004091238498905489
998394413,9.634839579920994e-5,0,-0.004091238498905489
1036636412,9.634839579920994e-5,0,-0.004091238498905489
1037358412,9.634839579920994e-5,0,-0.004091238498905489
1103137412,9.634839579920994e-5,0,-0.004091238498905489
1103552413,9.634839579920994e-5,0,-0.004091238498905489
1110942412,9.634839579920994e-5,0,-0.004091238498905489
1136487412,9.634839579920994e-5,0,-0.004091238498905489
1154077413,9.634839579920994e-5,0,-0.004091238498905489
1163570412,9.634839579920994e-5,0,-0.004091238498905489
1186385413,9.634839579920994e-5,0,-0.004091238498905489
1189458413,9.634839579920994e-5,0,-0.004091238498905489
1189766413,9.634839579920994e-5,0,-0.004091238498905489
1301267413,9.634839579920994e-5,0,-0.004091238498905489
1304643413,9.634839579920994e-5,0,-0.004091238498905489
1307026410,9.634839579920994e-5,0,-0.004091238498905489
1307247413,9.634839579920994e-5,0,-0.004091238498905489
1308432413,9.634839579920994e-5,0,-0.004091238498905489
1309161412,9.634839579920994e-5,0,-0.004091238498905489
1309204413,9.634839579920994e-5,0,-0.004091238498905489
1311443410,9.634839579920994e-5,0,-0.004091238498905489
1315286412,9.634839579920994e-5,0,-0.004091238498905489
1315286413,9.634839579920994e-5,0,-0.004091238498905489
1319193410,9.634839579920994e-5,0,-0.004091238498905489
1321636412,9.634839579920994e-5,0,-0.004091238498905489
1322207412,9.634839579920994e-5,0,-0.004091238498905489
1325124412,9.634839579920994e-5,0,-0.004091238498905489
1325124413,9.634839579920994e-5,0,-0.004091238498905489
1325363412,9.634839579920994e-5,0,-0.004091238498905489
1325363413,9.634839579920994e-5,0,-0.004091238498905489
1325608413,9.634839579920994e-5,0,-0.004091238498905489
1327978412,9.634839579920994e-5,0,-0.004091238498905489
1327978413,9.634839579920994e-5,0,-0.004091238498905489
1330974412,9.634839579920994e-5,0,-0.004091238498905489
1331681410,9.634839579920994e-5,0,-0.004091238498905489
1333379412,9.634839579920994e-5,0,-0.004091238498905489
1333379413,9.634839579920994e-5,0,-0.004091238498905489
1341149412,9.634839579920994e-5,0,-0.004091238498905489
1341149413,9.634839579920994e-5,0,-0.004091238498905489
1342346413,9.634839579920994e-5,0,-0.004091238498905489
1345141413,9.634839579920994e-5,0,-0.004091238498905489
1345205412,9.634839579920994e-5,0,-0.004091238498905489
1349025413,9.634839579920994e-5,0,-0.004091238498905489
1350066410,9.634839579920994e-5,0,-0.004091238498905489
1352890410,9.634839579920994e-5,0,-0.004091238498905489
1358436412,9.634839579920994e-5,0,-0.004091238498905489
1359143412,9.634839579920994e-5,0,-0.004091238498905489
1359143413,9.634839579920994e-5,0,-0.004091238498905489
1386670412,9.634839579920994e-5,0,-0.004091238498905489
1387104413,9.634839579920994e-5,0,-0.004091238498905489
1389036410,9.634839579920994e-5,0,-0.004091238498905489
1389780412,9.634839579920994e-5,0,-0.004091238498905489
1391642412,9.634839579920994e-5,0,-0.004091238498905489
1394333412,9.634839579920994e-5,0,-0.004091238498905489
1397141413,9.634839579920994e-5,0,-0.004091238498905489
1398677410,9.634839579920994e-5,0,-0.004091238498905489
1399177413,9.634839579920994e-5,0,-0.004091238498905489
1436169410,9.634839579920994e-5,0,-0.004091238498905489
1436776410,9.634839579920994e-5,0,-0.004091238498905489
1436776412,9.634839579920994e-5,0,-0.004091238498905489
1437379412,9.634839579920994e-5,0,-0.004091238498905489
1437379413,9.634839579920994e-5,0,-0.004091238498905489
1502877412,9.634839579920994e-5,0,-0.004091238498905489
1502877413,9.634839579920994e-5,0,-0.004091238498905489
1508241410,9.634839579920994e-5,0,-0.004091238498905489
1512446413,9.634839579920994e-5,0,-0.004091238498905489
1519936412,9.634839579920994e-5,0,-0.004091238498905489
1519936413,9.634839579920994e-5,0,-0.004091238498905489
1521592412,9.634839579920994e-5,0,-0.004091238498905489
1525741410,9.634839579920994e-5,0,-0.004091238498905489
1531601413,9.634839579920994e-5,0,-0.004091238498905489
1536743412,9.634839579920994e-5,0,-0.004091238498905489
1563413410,9.634839579920994e-5,0,-0.004091238498905489
1563413412,9.634839579920994e-5,0,-0.004091238498905489
1578181412,9.634839579920994e-5,0,-0.004091238498905489
1578181413,9.634839579920994e-5,0,-0.004091238498905489
1636145410,9.634839579920994e-5,0,-0.004091238498905489
1703026413,9.634839579920994e-5,0,-0.004091238498905489
1704758412,9.634839579920994e-5,0,-0.004091238498905489
1708100412,9.634839579920994e-5,0,-0.004091238498905489
1708100413,9.634839579920994e-5,0,-0.004091238498905489
1712549412,9.634839579920994e-5,0,-0.004091238498905489
1712889412,9.634839579920994e-5,0,-0.004091238498905489
1712889413,9.634839579920994e-5,0,-0.004091238498905489
1713930410,9.634839579920994e-5,0,-0.004091238498905489
1714165412,9.634839579920994e-5,0,-0.004091238498905489
1715117412,9.634839579920994e-5,0,-0.004091238498905489
1721543413,9.634839579920994e-5,0,-0.004091238498905489
1724700410,9.634839579920994e-5,0,-0.004091238498905489
1724703410,9.634839579920994e-5,0,-0.004091238498905489
1731597412,9.634839579920994e-5,0,-0.004091238498905489
1733765412,9.634839579920994e-5,0,-0.004091238498905489
1734205413,9.634839579920994e-5,0,-0.004091238498905489
1735947413,9.634839579920994e-5,0,-0.004091238498905489
1736829412,9.634839579920994e-5,0,-0.004091238498905489
1736999410,9.634839579920994e-5,0,-0.004091238498905489
1738135413,9.634839579920994e-5,0,-0.004091238498905489
1740226412,9.634839579920994e-5,0,-0.004091238498905489
1747005412,9.634839579920994e-5,0,-0.004091238498905489
1747005413,9.634839579920994e-5,0,-0.004091238498905489
1747032412,9.634839579920994e-5,0,-0.004091238498905489
1747157412,9.634839579920994e-5,0,-0.004091238498905489
1747157413,9.634839579920994e-5,0,-0.004091238498905489
1749301412,9.634839579920994e-5,0,-0.004091238498905489
1750074410,9.634839579920994e-5,0,-0.004091238498905489
1753745413,9.634839579920994e-5,0,-0.004091238498905489
1755112410,9.634839579920994e-5,0,-0.004091238498905489
1756831413,9.634839579920994e-5,0,-0.004091238498905489
1757803412,9.634839579920994e-5,0,-0.004091238498905489
1758392412,9.634839579920994e-5,0,-0.004091238498905489
1759455412,9.634839579920994e-5,0,-0.004091238498905489
1761033410,9.634839579920994e-5,0,-0.004091238498905489
1761033412,9.634839579920994e-5,0,-0.004091238498905489
1763779413,9.634839579920994e-5,0,-0.004091238498905489
1766340410,9.634839579920994e-5,0,-0.004091238498905489
1775741413,9.634839579920994e-5,0,-0.004091238498905489
1777254412,9.634839579920994e-5,0,-0.004091238498905489
1777254413,9.634839579920994e-5,0,-0.004091238498905489
1777417412,9.634839579920994e-5,0,-0.004091238498905489
1789428413,9.634839579920994e-5,0,-0.004091238498905489
1794280412,9.634839579920994e-5,0,-0.004091238498905489
1797155413,9.634839579920994e-5,0,-0.004091238498905489
1798476412,9.634839579920994e-5,0,-0.004091238498905489
19000818412,9.634839579920994e-5,0,-0.004091238498905489
19004153410,9.634839579920994e-5,0,-0.004091238498905489
19004969410,9.634839579920994e-5,0,-0.004091238498905489
19005061412,9.634839579920994e-5,0,-0.004091238498905489
19005061413,9.634839579920994e-5,0,-0.004091238498905489
19005570413,9.634839579920994e-5,0,-0.004091238498905489
19005658413,9.634839579920994e-5,0,-0.004091238498905489
19006874410,9.634839579920994e-5,0,-0.004091238498905489
19008264412,9.634839579920994e-5,0,-0.004091238498905489
19008366410,9.634839579920994e-5,0,-0.004091238498905489
19009250412,9.634839579920994e-5,0,-0.004091238498905489
19009686413,9.634839579920994e-5,0,-0.004091238498905489
19009847412,9.634839579920994e-5,0,-0.004091238498905489
19010128412,9.634839579920994e-5,0,-0.004091238498905489
19011440413,9.634839579920994e-5,0,-0.004091238498905489
19011456410,9.634839579920994e-5,0,-0.004091238498905489
19011712413,9.634839579920994e-5,0,-0.004091238498905489
19012585413,9.634839579920994e-5,0,-0.004091238498905489
19012925412,9.634839579920994e-5,0,-0.004091238498905489
19012925413,9.634839579920994e-5,0,-0.004091238498905489
19013477410,9.634839579920994e-5,0,-0.004091238498905489
19013765412,9.634839579920994e-5,0,-0.004091238498905489
19013782410,9.634839579920994e-5,0,-0.004091238498905489
19013951412,9.634839579920994e-5,0,-0.004091238498905489
19013951413,9.634839579920994e-5,0,-0.004091238498905489
19016670413,9.634839579920994e-5,0,-0.004091238498905489
19017646412,9.634839579920994e-5,0,-0.004091238498905489
19017646413,9.634839579920994e-5,0,-0.004091238498905489
19017742413,9.634839579920994e-5,0,-0.004091238498905489
19017895412,9.634839579920994e-5,0,-0.004091238498905489
19017895413,9.634839579920994e-5,0,-0.004091238498905489
19018154412,9.634839579920994e-5,0,-0.004091238498905489
19018154413,9.634839579920994e-5,0,-0.004091238498905489
19018419412,9.634839579920994e-5,0,-0.004091238498905489
19019131412,9.634839579920994e-5,0,-0.004091238498905489
19019131413,9.634839579920994e-5,0,-0.004091238498905489
19021959410,9.634839579920994e-5,0,-0.004091238498905489
19023842412,9.634839579920994e-5,0,-0.004091238498905489
19024723412,9.634839579920994e-5,0,-0.004091238498905489
19026180412,9.634839579920994e-5,0,-0.004091238498905489
19026459412,9.634839579920994e-5,0,-0.004091238498905489
19026707410,9.634839579920994e-5,0,-0.004091238498905489
19026972410,9.634839579920994e-5,0,-0.004091238498905489
19027015412,9.634839579920994e-5,0,-0.004091238498905489
19027015413,9.634839579920994e-5,0,-0.004091238498905489
19027308410,9.634839579920994e-5,0,-0.004091238498905489
19027308412,9.634839579920994e-5,0,-0.004091238498905489
19027958413,9.634839579920994e-5,0,-0.004091238498905489
19029370410,9.634839579920994e-5,0,-0.004091238498905489
19030120412,9.634839579920994e-5,0,-0.004091238498905489
19030120413,9.634839579920994e-5,0,-0.004091238498905489
19030860413,9.634839579920994e-5,0,-0.004091238498905489
19030957412,9.634839579920994e-5,0,-0.004091238498905489
19030957413,9.634839579920994e-5,0,-0.004091238498905489
19035100413,9.634839579920994e-5,0,-0.004091238498905489
19035223412,9.634839579920994e-5,0,-0.004091238498905489
19035569412,9.634839579920994e-5,0,-0.004091238498905489
19035569413,9.634839579920994e-5,0,-0.004091238498905489
19036892413,9.634839579920994e-5,0,-0.004091238498905489
19036909410,9.634839579920994e-5,0,-0.004091238498905489
19036946413,9.634839579920994e-5,0,-0.004091238498905489
19037223413,9.634839579920994e-5,0,-0.004091238498905489
19039298413,9.634839579920994e-5,0,-0.004091238498905489
19042345412,9.634839579920994e-5,0,-0.004091238498905489
19042345413,9.634839579920994e-5,0,-0.004091238498905489
19043395410,9.634839579920994e-5,0,-0.004091238498905489
19043959410,9.634839579920994e-5,0,-0.004091238498905489
19045272412,9.634839579920994e-5,0,-0.004091238498905489
19045272413,9.634839579920994e-5,0,-0.004091238498905489
19047598412,9.634839579920994e-5,0,-0.004091238498905489
19047598413,9.634839579920994e-5,0,-0.004091238498905489
19049024410,9.634839579920994e-5,0,-0.004091238498905489
19049228410,9.634839579920994e-5,0,-0.004091238498905489
19050007412,9.634839579920994e-5,0,-0.004091238498905489
19050007413,9.634839579920994e-5,0,-0.004091238498905489
19051865410,9.634839579920994e-5,0,-0.004091238498905489
19051926412,9.634839579920994e-5,0,-0.004091238498905489
19052817412,9.634839579920994e-5,0,-0.004091238498905489
19052817413,9.634839579920994e-5,0,-0.004091238498905489
19054702413,9.634839579920994e-5,0,-0.004091238498905489
19054821412,9.634839579920994e-5,0,-0.004091238498905489
19056402412,9.634839579920994e-5,0,-0.004091238498905489
19056402413,9.634839579920994e-5,0,-0.004091238498905489
19056802412,9.634839579920994e-5,0,-0.004091238498905489
19057354410,9.634839579920994e-5,0,-0.004091238498905489
19057718410,9.634839579920994e-5,0,-0.004091238498905489
19058410413,9.634839579920994e-5,0,-0.004091238498905489
19058572413,9.634839579920994e-5,0,-0.004091238498905489
19060393410,9.634839579920994e-5,0,-0.004091238498905489
19060903412,9.634839579920994e-5,0,-0.004091238498905489
19063605413,9.634839579920994e-5,0,-0.004091238498905489
19067971413,9.634839579920994e-5,0,-0.004091238498905489
19068964412,9.634839579920994e-5,0,-0.004091238498905489
19068964413,9.634839579920994e-5,0,-0.004091238498905489
19070174412,9.634839579920994e-5,0,-0.004091238498905489
19070174413,9.634839579920994e-5,0,-0.004091238498905489
19072857412,9.634839579920994e-5,0,-0.004091238498905489
19072857413,9.634839579920994e-5,0,-0.004091238498905489
19076714412,9.634839579920994e-5,0,-0.004091238498905489
19080982410,9.634839579920994e-5,0,-0.004091238498905489
19080982412,9.634839579920994e-5,0,-0.004091238498905489
19086176413,9.634839579920994e-5,0,-0.004091238498905489
19086560410,9.634839579920994e-5,0,-0.004091238498905489
19086759413,9.634839579920994e-5,0,-0.004091238498905489
19086788412,9.634839579920994e-5,0,-0.004091238498905489
19086790412,9.634839579920994e-5,0,-0.004091238498905489
19086790413,9.634839579920994e-5,0,-0.004091238498905489
19087063413,9.634839579920994e-5,0,-0.004091238498905489
19088035412,9.634839579920994e-5,0,-0.004091238498905489
19090221412,9.634839579920994e-5,0,-0.004091238498905489
19090221413,9.634839579920994e-5,0,-0.004091238498905489
19090226413,9.634839579920994e-5,0,-0.004091238498905489
19090244412,9.634839579920994e-5,0,-0.004091238498905489
19090244413,9.634839579920994e-5,0,-0.004091238498905489
19090761413,9.634839579920994e-5,0,-0.004091238498905489
19092290410,9.634839579920994e-5,0,-0.004091238498905489
19095002412,9.634839579920994e-5,0,-0.004091238498905489
19095744410,9.634839579920994e-5,0,-0.004091238498905489
19098548410,9.634839579920994e-5,0,-0.004091238498905489
19100758413,9.634839579920994e-5,0,-0.004091238498905489
19136426412,9.634839579920994e-5,0,-0.004091238498905489
19136426413,9.634839579920994e-5,0,-0.004091238498905489
19136716412,9.634839579920994e-5,0,-0.004091238498905489
19137385410,9.634839579920994e-5,0,-0.004091238498905489
21600403413,9.634839579920994e-5,0,-0.004091238498905489
21600404413,9.634839579920994e-5,0,-0.004091238498905489
21600406412,9.634839579920994e-5,0,-0.004091238498905489
21601006413,9.634839579920994e-5,0,-0.004091238498905489
21601358412,9.634839579920994e-5,0,-0.004091238498905489
21601358413,9.634839579920994e-5,0,-0.004091238498905489
21601402410,9.634839579920994e-5,0,-0.004091238498905489
21601406410,9.634839579920994e-5,0,-0.004091238498905489
21601416412,9.634839579920994e-5,0,-0.004091238498905489
21601416413,9.634839579920994e-5,0,-0.004091238498905489
21601763413,9.634839579920994e-5,0,-0.004091238498905489
21601983413,9.634839579920994e-5,0,-0.004091238498905489
21601985413,9.634839579920994e-5,0,-0.004091238498905489
21601986412,9.634839579920994e-5,0,-0.004091238498905489
21601988412,9.634839579920994e-5,0,-0.004091238498905489
21601997413,9.634839579920994e-5,0,-0.004091238498905489
21601998413,9.634839579920994e-5,0,-0.004091238498905489
21602240413,9.634839579920994e-5,0,-0.004091238498905489
21602453410,9.634839579920994e-5,0,-0.004091238498905489
21602453412,9.634839579920994e-5,0,-0.004091238498905489
21602719412,9.634839579920994e-5,0,-0.004091238498905489
21602918412,9.634839579920994e-5,0,-0.004091238498905489
21602949412,9.634839579920994e-5,0,-0.004091238498905489
21603105410,9.634839579920994e-5,0,-0.004091238498905489
21603145410,9.634839579920994e-5,0,-0.004091238498905489
21603188412,9.634839579920994e-5,0,-0.004091238498905489
21603188413,9.634839579920994e-5,0,-0.004091238498905489
21603358412,9.634839579920994e-5,0,-0.004091238498905489
21603536412,9.634839579920994e-5,0,-0.004091238498905489
21603729410,9.634839579920994e-5,0,-0.004091238498905489
21603845413,9.634839579920994e-5,0,-0.004091238498905489
21604075413,9.634839579920994e-5,0,-0.004091238498905489
21604089413,9.634839579920994e-5,0,-0.004091238498905489
21604143410,9.634839579920994e-5,0,-0.004091238498905489
21604143412,9.634839579920994e-5,0,-0.004091238498905489
21604165410,9.634839579920994e-5,0,-0.004091238498905489
21604175410,9.634839579920994e-5,0,-0.004091238498905489
21604354412,9.634839579920994e-5,0,-0.004091238498905489
21604354413,9.634839579920994e-5,0,-0.004091238498905489
21604909410,9.634839579920994e-5,0,-0.004091238498905489
21604932410,9.634839579920994e-5,0,-0.004091238498905489
21604932412,9.634839579920994e-5,0,-0.004091238498905489
21604932413,9.634839579920994e-5,0,-0.004091238498905489
21604940413,9.634839579920994e-5,0,-0.004091238498905489
21604976413,9.634839579920994e-5,0,-0.004091238498905489
35606323412,9.634839579920994e-5,0,-0.004091238498905489
40160955412,9.634839579920994e-5,0,-0.004091238498905489
40160955413,9.634839579920994e-5,0,-0.004091238498905489
40161052413,9.634839579920994e-5,0,-0.004091238498905489
40161344412,9.634839579920994e-5,0,-0.004091238498905489
40161344413,9.634839579920994e-5,0,-0.004091238498905489
40161446413,9.634839579920994e-5,0,-0.004091238498905489
40161532413,9.634839579920994e-5,0,-0.004091238498905489
40161553412,9.634839579920994e-5,0,-0.004091238498905489
40161553413,9.634839579920994e-5,0,-0.004091238498905489
40161558412,9.634839579920994e-5,0,-0.004091238498905489
40161602413,9.634839579920994e-5,0,-0.004091238498905489
40161624413,9.634839579920994e-5,0,-0.004091238498905489
40161646413,9.634839579920994e-5,0,-0.004091238498905489
40161662410,9.634839579920994e-5,0,-0.004091238498905489
40161680413,9.634839579920994e-5,0,-0.004091238498905489
40161688413,9.634839579920994e-5,0,-0.004091238498905489
40162005413,9.634839579920994e-5,0,-0.004091238498905489
40162050413,9.634839579920994e-5,0,-0.004091238498905489
40162054412,9.634839579920994e-5,0,-0.004091238498905489
40162054413,9.634839579920994e-5,0,-0.004091238498905489
40162108412,9.634839579920994e-5,0,-0.004091238498905489
40162255412,9.634839579920994e-5,0,-0.004091238498905489
40163661412,9.634839579920994e-5,0,-0.004091238498905489
40163661413,9.634839579920994e-5,0,-0.004091238498905489
40163668412,9.634839579920994e-5,0,-0.004091238498905489
40163668413,9.634839579920994e-5,0,-0.004091238498905489
40163670412,9.634839579920994e-5,0,-0.004091238498905489
40163670413,9.634839579920994e-5,0,-0.004091238498905489
40163672412,9.634839579920994e-5,0,-0.004091238498905489
40163672413,9.634839579920994e-5,0,-0.004091238498905489
40163674412,9.634839579920994e-5,0,-0.004091238498905489
40163674413,9.634839579920994e-5,0,-0.004091238498905489
40163676412,9.634839579920994e-5,0,-0.004091238498905489
40163676413,9.634839579920994e-5,0,-0.004091238498905489
40163678412,9.634839579920994e-5,0,-0.004091238498905489
40163678413,9.634839579920994e-5,0,-0.004091238498905489
40163680412,9.634839579920994e-5,0,-0.004091238498905489
40163680413,9.634839579920994e-5,0,-0.004091238498905489
40163682412,9.634839579920994e-5,0,-0.004091238498905489
40163682413,9.634839579920994e-5,0,-0.004091238498905489
40163684412,9.634839579920994e-5,0,-0.004091238498905489
40163684413,9.634839579920994e-5,0,-0.004091238498905489
40163686412,9.634839579920994e-5,0,-0.004091238498905489
40163686413,9.634839579920994e-5,0,-0.004091238498905489
40163688412,9.634839579920994e-5,0,-0.004091238498905489
40163688413,9.634839579920994e-5,0,-0.004091238498905489
40163690412,9.634839579920994e-5,0,-0.004091238498905489
40163690413,9.634839579920994e-5,0,-0.004091238498905489
40163692412,9.634839579920994e-5,0,-0.004091238498905489
40163692413,9.634839579920994e-5,0,-0.004091238498905489
40163694412,9.634839579920994e-5,0,-0.004091238498905489
40163694413,9.634839579920994e-5,0,-0.004091238498905489
40163696412,9.634839579920994e-5,0,-0.004091238498905489
40163696413,9.634839579920994e-5,0,-0.004091238498905489
40163698412,9.634839579920994e-5,0,-0.004091238498905489
40163698413,9.634839579920994e-5,0,-0.004091238498905489
40163700412,9.634839579920994e-5,0,-0.004091238498905489
40163700413,9.634839579920994e-5,0,-0.004091238498905489
40163702412,9.634839579920994e-5,0,-0.004091238498905489
40163702413,9.634839579920994e-5,0,-0.004091238498905489
40163704412,9.634839579920994e-5,0,-0.004091238498905489
40163704413,9.634839579920994e-5,0,-0.004091238498905489
40163706412,9.634839579920994e-5,0,-0.004091238498905489
40163706413,9.634839579920994e-5,0,-0.004091238498905489
40163708412,9.634839579920994e-5,0,-0.004091238498905489
40163708413,9.634839579920994e-5,0,-0.004091238498905489
40163710412,9.634839579920994e-5,0,-0.004091238498905489
40163710413,9.634839579920994e-5,0,-0.004091238498905489
40167549412,9.634839579920994e-5,0,-0.004091238498905489
40167554412,9.634839579920994e-5,0,-0.004091238498905489
40167646413,9.634839579920994e-5,0,-0.004091238498905489
40168262412,9.634839579920994e-5,0,-0.004091238498905489
40168262413,9.634839579920994e-5,0,-0.004091238498905489
40169014412,9.634839579920994e-5,0,-0.004091238498905489
40169014413,9.634839579920994e-5,0,-0.004091238498905489
40170235412,9.634839579920994e-5,0,-0.004091238498905489
40170322412,9.634839579920994e-5,0,-0.004091238498905489
40170322413,9.634839579920994e-5,0,-0.004091238498905489
40170341413,9.634839579920994e-5,0,-0.004091238498905489
40170360412,9.634839579920994e-5,0,-0.004091238498905489
40170360413,9.634839579920994e-5,0,-0.004091238498905489
40170366410,9.634839579920994e-5,0,-0.004091238498905489
40170592413,9.634839579920994e-5,0,-0.004091238498905489
40170680410,9.634839579920994e-5,0,-0.004091238498905489
40170699410,9.634839579920994e-5,0,-0.004091238498905489
40170786412,9.634839579920994e-5,0,-0.004091238498905489
40170848413,9.634839579920994e-5,0,-0.004091238498905489
40170973413,9.634839579920994e-5,0,-0.004091238498905489
40171157413,9.634839579920994e-5,0,-0.004091238498905489
40171594412,9.634839579920994e-5,0,-0.004091238498905489
40171594413,9.634839579920994e-5,0,-0.004091238498905489
40171787412,9.634839579920994e-5,0,-0.004091238498905489
40171925413,9.634839579920994e-5,0,-0.004091238498905489
40172153410,9.634839579920994e-5,0,-0.004091238498905489
40172270413,9.634839579920994e-5,0,-0.004091238498905489
40172317412,9.634839579920994e-5,0,-0.004091238498905489
40172317413,9.634839579920994e-5,0,-0.004091238498905489
40172372413,9.634839579920994e-5,0,-0.004091238498905489
40172485413,9.634839579920994e-5,0,-0.004091238498905489
40172504413,9.634839579920994e-5,0,-0.004091238498905489
40172534413,9.634839579920994e-5,0,-0.004091238498905489
40172584412,9.634839579920994e-5,0,-0.004091238498905489
40172584413,9.634839579920994e-5,0,-0.004091238498905489
40172606412,9.634839579920994e-5,0,-0.004091238498905489
40172636412,9.634839579920994e-5,0,-0.004091238498905489
40172710412,9.634839579920994e-5,0,-0.004091238498905489
40172710413,9.634839579920994e-5,0,-0.004091238498905489
40172798412,9.634839579920994e-5,0,-0.004091238498905489
40172798413,9.634839579920994e-5,0,-0.004091238498905489
40173188410,9.634839579920994e-5,0,-0.004091238498905489
40173188412,9.634839579920994e-5,0,-0.004091238498905489
40173188413,9.634839579920994e-5,0,-0.004091238498905489
40174229410,9.634839579920994e-5,0,-0.004091238498905489
40174517410,9.634839579920994e-5,0,-0.004091238498905489
40175309412,9.634839579920994e-5,0,-0.004091238498905489
40175309413,9.634839579920994e-5,0,-0.004091238498905489
40175341413,9.634839579920994e-5,0,-0.004091238498905489
40175686412,9.634839579920994e-5,0,-0.004091238498905489
40175719412,9.634839579920994e-5,0,-0.004091238498905489
40175754413,9.634839579920994e-5,0,-0.004091238498905489
40175834413,9.634839579920994e-5,0,-0.004091238498905489
40175938412,9.634839579920994e-5,0,-0.004091238498905489
40175938413,9.634839579920994e-5,0,-0.004091238498905489
40175951413,9.634839579920994e-5,0,-0.004091238498905489
40175955412,9.634839579920994e-5,0,-0.004091238498905489
40175955413,9.634839579920994e-5,0,-0.004091238498905489
40175995410,9.634839579920994e-5,0,-0.004091238498905489
40176004413,9.634839579920994e-5,0,-0.004091238498905489
40176125413,9.634839579920994e-5,0,-0.004091238498905489
40182120412,9.634839579920994e-5,0,-0.004091238498905489
40222289410,9.634839579920994e-5,0,-0.004091238498905489
40222427410,9.634839579920994e-5,0,-0.004091238498905489
40222444410,9.634839579920994e-5,0,-0.004091238498905489
40222506410,9.634839579920994e-5,0,-0.004091238498905489
40222506412,9.634839579920994e-5,0,-0.004091238498905489
40222506413,9.634839579920994e-5,0,-0.004091238498905489
40224195410,9.634839579920994e-5,0,-0.004091238498905489
40224216412,9.634839579920994e-5,0,-0.004091238498905489
40224216413,9.634839579920994e-5,0,-0.004091238498905489
40224234410,9.634839579920994e-5,0,-0.004091238498905489
40224234412,9.634839579920994e-5,0,-0.004091238498905489
40224234413,9.634839579920994e-5,0,-0.004091238498905489
40224678410,9.634839579920994e-5,0,-0.004091238498905489
40224678412,9.634839579920994e-5,0,-0.004091238498905489
40224678413,9.634839579920994e-5,0,-0.004091238498905489
40224770412,9.634839579920994e-5,0,-0.004091238498905489
40224770413,9.634839579920994e-5,0,-0.004091238498905489
40225722410,9.634839579920994e-5,0,-0.004091238498905489
40226208410,9.634839579920994e-5,0,-0.004091238498905489
40226208412,9.634839579920994e-5,0,-0.004091238498905489
40226438412,9.634839579920994e-5,0,-0.004091238498905489
40226438413,9.634839579920994e-5,0,-0.004091238498905489
40226715413,9.634839579920994e-5,0,-0.004091238498905489
40226727410,9.634839579920994e-5,0,-0.004091238498905489
40226736413,9.634839579920994e-5,0,-0.004091238498905489
40226753412,9.634839579920994e-5,0,-0.004091238498905489
40226753413,9.634839579920994e-5,0,-0.004091238498905489
40226762412,9.634839579920994e-5,0,-0.004091238498905489
40227355412,9.634839579920994e-5,0,-0.004091238498905489
40227355413,9.634839579920994e-5,0,-0.004091238498905489
40227359413,9.634839579920994e-5,0,-0.004091238498905489
40227438413,9.634839579920994e-5,0,-0.004091238498905489
40227484413,9.634839579920994e-5,0,-0.004091238498905489
40241606413,9.634839579920994e-5,0,-0.004091238498905489
40254009410,9.634839579920994e-5,0,-0.004091238498905489
42799803412,9.634839579920994e-5,0,-0.004091238498905489
42800082412,9.634839579920994e-5,0,-0.004091238498905489
42800226412,9.634839579920994e-5,0,-0.004091238498905489
42800238412,9.634839579920994e-5,0,-0.004091238498905489
42801108412,9.634839579920994e-5,0,-0.004091238498905489
42801108413,9.634839579920994e-5,0,-0.004091238498905489
42898673410,9.634839579920994e-5,0,-0.004091238498905489
42903728410,9.634839579920994e-5,0,-0.004091238498905489
43012263412,9.634839579920994e-5,0,-0.004091238498905489
43012293410,9.634839579920994e-5,0,-0.004091238498905489
43534855410,9.634839579920994e-5,0,-0.004091238498905489
44785885412,9.634839579920994e-5,0,-0.004091238498905489
21604856410,0.10550149340013489,0.10219981668194317,-0.004081697974777891
21602384410,0.020907601888428558,0.022456461961503207,0.004075794029604824
1305058412,0.007322478080739956,0.006416131989000917,-0.004071245589921922
21601422412,0.007322478080739956,0.006416131989000917,-0.004071245589921922
21604816412,0.009056749205125735,0.01008249312557287,0.004062726955698135
1526475410,0.08314866557471819,0.08020164986251145,-0.004055142523901574
1386957412,0.024087098949802484,0.022456461961503207,-0.004052715975809509
903643410,0.01599383370266885,0.01466544454628781,-0.004040507536376646
21603671413,0.04528374602562867,0.04307974335472044,-0.004032193490401252
766529412,0.015512091723672801,0.014207149404216315,-0.004029754004890343
733523410,0.020040466326235667,0.02153987167736022,0.0040280573007931315
21602037410,0.008285962038732055,0.007332722273143905,-0.004024070692049848
21603444412,0.10309278350515463,0.10632447296058661,0.004016792048203013
21603445412,0.10309278350515463,0.10632447296058661,0.004016792048203013
21602869412,0.013874168995086231,0.015123739688359304,0.0040165100243431985
702774410,0.004335677810964447,0.005041246562786435,0.004012440506954307
735340410,0.004335677810964447,0.005041246562786435,0.004012440506954307
1580747412,0.004335677810964447,0.005041246562786435,0.004012440506954307
21603923410,0.014548607765680701,0.013290559120073327,-0.004010406996515611
21602055413,0.008767704017728105,0.007791017415215398,-0.004007850264941081
948555410,0.0038539358319683976,0.0032080659945004585,-0.004007773118645281
1113648413,0.0038539358319683976,0.0032080659945004585,-0.004007773118645281
1150345413,0.0038539358319683976,0.0032080659945004585,-0.004007773118645281
21600169410,0.0038539358319683976,0.0032080659945004585,-0.004007773118645281
40169140410,0.0038539358319683976,0.0032080659945004585,-0.004007773118645281
19007572410,0.0038539358319683976,0.0032080659945004585,-0.00400777311864528
19035577410,0.0038539358319683976,0.0032080659945004585,-0.00400777311864528
19052489410,0.0038539358319683976,0.0032080659945004585,-0.00400777311864528
19052736410,0.0038539358319683976,0.0032080659945004585,-0.00400777311864528
19066774410,0.0038539358319683976,0.0032080659945004585,-0.00400777311864528
19069149410,0.0038539358319683976,0.0032080659945004585,-0.00400777311864528
19082306410,0.0038539358319683976,0.0032080659945004585,-0.00400777311864528
19088571410,0.0038539358319683976,0.0032080659945004585,-0.00400777311864528
1319998410,0.014066865786684651,0.012832263978001834,-0.004001974757884115
1367500413,0.014066865786684651,0.012832263978001834,-0.004001974757884115
701322413,0.001830619520184989,0.00229147571035747,0.003998233195399392
902950412,0.001830619520184989,0.00229147571035747,0.003998233195399392
928110410,0.001830619520184989,0.00229147571035747,0.003998233195399392
977421410,0.001830619520184989,0.00229147571035747,0.003998233195399392
1196514412,0.001830619520184989,0.00229147571035747,0.003998233195399392
1311078412,0.001830619520184989,0.00229147571035747,0.003998233195399392
1525278413,0.001830619520184989,0.00229147571035747,0.003998233195399392
1701928412,0.001830619520184989,0.00229147571035747,0.003998233195399392
1702559410,0.001830619520184989,0.00229147571035747,0.003998233195399392
21600438410,0.001830619520184989,0.00229147571035747,0.003998233195399392
21600628412,0.001830619520184989,0.00229147571035747,0.003998233195399392
21604798413,0.001830619520184989,0.00229147571035747,0.003998233195399392
40170876410,0.001830619520184989,0.00229147571035747,0.003998233195399392
40172466410,0.001830619520184989,0.00229147571035747,0.003998233195399392
21601910412,0.009249445996724155,0.008249312557286892,-0.003995565980969404
21605071412,0.009249445996724155,0.008249312557286892,-0.003995565980969404
923672410,0.05790538587532518,0.05545371219065078,-0.003990632044317284
1341927412,0.05462954041815204,0.05224564619615032,-0.003988506772598547
1373928413,0.009731187975720205,0.008707607699358386,-0.0039866560629528754
21600427413,0.009731187975720205,0.008707607699358386,-0.0039866560629528754
1342439410,0.025821370074188266,0.027497708524289642,0.003982570072846423
916943410,0.011658155891704403,0.010540788267644362,-0.00397659741565979
1551860410,0.19895943732536853,0.19477543538038497,-0.003976134211970673
904542412,0.040080932652471334,0.038038496791934,-0.003961809794297741
21600280410,0.040080932652471334,0.038038496791934,-0.003961809794297741
21601461412,0.3440601213989787,0.3391384051329056,-0.003927405253099426
21602251412,0.005202813373157337,0.005957836846929423,0.00392714946930829
40161610410,0.005202813373157337,0.005957836846929423,0.00392714946930829
1517824410,0.041911552172656324,0.043996333638863426,0.00392541513280279
21601880410,0.041911552172656324,0.043996333638863426,0.00392541513280279
991825412,0.003083148665574718,0.0036663611365719525,0.003921772778599193
714785412,0.003083148665574718,0.0036663611365719525,0.0039217727785991925
21605188412,0.004335677810964447,0.0036663611365719525,-0.003912054554931744
21605189412,0.004335677810964447,0.0036663611365719525,-0.003912054554931744
45892419412,0.004335677810964447,0.0036663611365719525,-0.003912054554931744
46221581412,0.004335677810964447,0.0036663611365719525,-0.003912054554931742
777221410,0.09143462761345024,0.09440879926672777,0.0038995409329098396
21604589410,0.09143462761345024,0.09440879926672777,0.0038995409329098396
1502855410,0.04595818479622314,0.04812098991750687,0.0038980799615875427
21600662412,0.04730706233741208,0.04949587534372136,0.0038913337393711774
21604444410,0.1018402543597649,0.10494958753437214,0.0038859179830716684
916282410,0.009538491184121785,0.010540788267644362,0.0038719429215369403
21601875410,0.11600346854224877,0.11274060494958753,-0.0038685077588186297
1781406410,0.008671355621928894,0.009624197983501375,0.0038572698336249334
21604228412,0.01878793718084594,0.017415215398716773,-0.003854458559414779
21602210410,0.007804220059736006,0.008707607699358386,0.003851259877947424
1126557410,0.0023123614991810387,0.0018331805682859762,-0.0038494450139517707
1596977413,0.0023123614991810387,0.0018331805682859762,-0.0038494450139517707
21600722413,0.0023123614991810387,0.0018331805682859762,-0.0038494450139517707
40161082410,0.0023123614991810387,0.0018331805682859762,-0.00384944501395177
40170448410,0.0023123614991810387,0.0018331805682859762,-0.00384944501395177
40170840410,0.0023123614991810387,0.0018331805682859762,-0.00384944501395177
40171110410,0.0023123614991810387,0.0018331805682859762,-0.0038494450139517694
21604428412,0.08950765969746603,0.08661778185151238,-0.0038449771573077136
21600627410,0.024472492532999327,0.022914757103574702,-0.003840342353184392
40173249410,0.004817419789960497,0.004124656278643446,-0.0038386134510443944
938061410,0.004817419789960497,0.004124656278643446,-0.003838613451044394
1178663413,0.004817419789960497,0.004124656278643446,-0.0038386134510443935
1385800410,0.004817419789960497,0.004124656278643446,-0.0038386134510443935
948078412,0.021003950284227767,0.022456461961503207,0.00381524583184407
21600002412,0.08854417573947394,0.08570119156736938,-0.0038010576863857686
21600003412,0.08854417573947394,0.08570119156736938,-0.0038010576863857686
21601853412,0.3962809519221505,0.3913840513290559,-0.003794408116650166
21601854412,0.3962809519221505,0.3913840513290559,-0.003794408116650166
21600047410,0.024568840928798536,0.02612282309807516,0.003782888546620952
1506602410,0.045572791213026306,0.04766269477543538,0.0037821832644060163
957797413,0.0014452259369881492,0.0018331805682859762,0.0037820378522144143
976545413,0.0014452259369881492,0.0018331805682859762,0.0037820378522144143
1353256412,0.0014452259369881492,0.0018331805682859762,0.0037820378522144143
40170402410,0.0014452259369881492,0.0018331805682859762,0.0037820378522144143
40226438410,0.0014452259369881492,0.0018331805682859762,0.0037820378522144143
40161718412,0.0014452259369881492,0.0018331805682859762,0.003782037852214414
1344905413,0.0014452259369881492,0.0018331805682859762,0.0037820378522144134
40161797410,0.005299161768956547,0.00458295142071494,-0.0037818433367259457
21602119412,0.028133731573369302,0.029789184234647114,0.003774302353675803
756349412,0.003950284227767608,0.00458295142071494,0.003769352043550044
1554072412,0.003950284227767608,0.00458295142071494,0.003769352043550044
21602760412,0.003950284227767608,0.00458295142071494,0.003769352043550044
1395058413,0.022352827825416706,0.02383134738771769,0.0037681389256983035
21600424412,0.022352827825416706,0.02383134738771769,0.0037681389256983035
1036228410,0.01589748530686964,0.01466544454628781,-0.003756795837184096
1759842410,0.03950284227767608,0.03758020164986251,-0.0037547847847302913
21603998410,0.03439637730031795,0.03620531622364803,0.0037440782304231936
21601744413,0.13411696695250025,0.13748854262144822,0.0037414768847881643
19009540410,0.005780903747952597,0.005041246562786435,-0.0037378788053620284
1557272412,0.014934001348877542,0.013748854262144821,-0.0037273602365271797
21603812412,0.013970517390885442,0.012832263978001834,-0.0037001594579777106
1236607410,0.025050582907794584,0.026581118240146653,0.0036913991177341143
21600128413,0.028615473552365354,0.03024747937671861,0.0036908738897278343
719174413,0.004817419789960497,0.005499541704857928,0.003687513788243695
19090761410,0.004817419789960497,0.005499541704857928,0.003687513788243695
21604459413,0.004817419789960497,0.005499541704857928,0.003687513788243695
21600681410,0.004817419789960497,0.005499541704857928,0.0036875137882436946
21600697413,0.004817419789960497,0.005499541704857928,0.0036875137882436946
21600698413,0.004817419789960497,0.005499541704857928,0.0036875137882436946
757352413,0.0012525291453897292,9.165902841429881e-4,-0.003685251262948331
1300153412,0.0012525291453897292,9.165902841429881e-4,-0.003685251262948331
1308290410,0.0012525291453897292,9.165902841429881e-4,-0.0036852512629483307
1316354413,0.0012525291453897292,9.165902841429881e-4,-0.0036852512629483307
1502877410,0.0012525291453897292,9.165902841429881e-4,-0.0036852512629483307
21600498413,0.0012525291453897292,9.165902841429881e-4,-0.0036852512629483307
1196677412,0.0012525291453897292,9.165902841429881e-4,-0.0036852512629483303
21602452412,0.0012525291453897292,9.165902841429881e-4,-0.0036852512629483303
40172453410,0.0012525291453897292,9.165902841429881e-4,-0.0036852512629483303
902722413,0.0012525291453897292,9.165902841429881e-4,-0.00368525126294833
929128410,0.0012525291453897292,9.165902841429881e-4,-0.00368525126294833
976778413,0.0012525291453897292,9.165902841429881e-4,-0.00368525126294833
1183554412,0.0012525291453897292,9.165902841429881e-4,-0.00368525126294833
40161115412,0.0012525291453897292,9.165902841429881e-4,-0.00368525126294833
40227359410,0.0012525291453897292,9.165902841429881e-4,-0.0036852512629483294
766209413,0.0012525291453897292,9.165902841429881e-4,-0.003685251262948329
21605263413,0.0012525291453897292,9.165902841429881e-4,-0.0036852512629483285
40161044412,0.0012525291453897292,9.165902841429881e-4,-0.0036852512629483285
705103413,0.006744387705944696,0.005957836846929423,-0.0036780734859959553
1537655410,0.006744387705944696,0.005957836846929423,-0.0036780734859959553
21602786410,0.006744387705944696,0.005957836846929423,-0.0036780734859959553
1353776410,0.025821370074188266,0.024289642529789185,-0.003677421629663593
21600728410,0.030060699489353502,0.02841429880843263,-0.0036699188358120345
19038024410,0.0026977550823778784,0.0032080659945004585,0.0036677502749104304
1189490412,0.0026977550823778784,0.0032080659945004585,0.003667750274910429
1717327412,0.009153097600924944,0.01008249312557287,0.0036654962023019233
21604135412,0.009153097600924944,0.01008249312557287,0.0036654962023019233
21603585412,0.009153097600924944,0.01008249312557287,0.0036654962023019225
40161710410,0.0027941034781770882,0.00229147571035747,-0.003665123468817438
1125449410,0.0027941034781770882,0.00229147571035747,-0.0036651234688174373
40172287410,0.0027941034781770882,0.00229147571035747,-0.0036651234688174373
40224861410,0.0027941034781770882,0.00229147571035747,-0.0036651234688174373
795661410,0.0027941034781770882,0.00229147571035747,-0.0036651234688174364
19045045410,0.0027941034781770882,0.00229147571035747,-0.0036651234688174364
949459410,0.0027941034781770882,0.00229147571035747,-0.003665123468817436
1715472410,0.0027941034781770882,0.00229147571035747,-0.003665123468817436
21604181413,0.012525291453897292,0.011457378551787351,-0.0036648754947176286
1396131413,0.007226129684940746,0.006416131989000917,-0.0036586920626227224
904525410,0.007226129684940746,0.006416131989000917,-0.003658692062622722
937368410,0.007226129684940746,0.006416131989000917,-0.003658692062622722
21600783410,0.0184025435976491,0.019706691109074245,0.0036542244525056364
953076412,0.013103381828692553,0.014207149404216315,0.0036510583993432906
1342439412,0.005684555352153386,0.006416131989000917,0.003646339328774556
997276413,0.011561807495905194,0.010540788267644362,-0.003646239601510676
1388796410,0.008189613642932846,0.007332722273143905,-0.00363505670393919
984232410,0.007418826476539166,0.008249312557286892,0.0036317180380798994
1103314413,0.007418826476539166,0.008249312557286892,0.0036317180380798994
21602318410,0.007418826476539166,0.008249312557286892,0.0036317180380798994
21602319410,0.007418826476539166,0.008249312557286892,0.0036317180380798994
21604296413,0.007418826476539166,0.008249312557286892,0.0036317180380798994
21600858412,0.01975142113883804,0.021081576535288724,0.0036011534083967805
21600859412,0.01975142113883804,0.021081576535288724,0.0036011534083967805
1350504413,2.8904518739762984e-4,4.5829514207149406e-4,0.003593856626583111
21601452413,2.8904518739762984e-4,4.5829514207149406e-4,0.003593856626583111
1381504410,2.8904518739762984e-4,4.5829514207149406e-4,0.00359385662658311
1541079410,2.8904518739762984e-4,4.5829514207149406e-4,0.00359385662658311
1558471413,2.8904518739762984e-4,4.5829514207149406e-4,0.00359385662658311
21600361410,2.8904518739762984e-4,4.5829514207149406e-4,0.00359385662658311
40175719410,2.8904518739762984e-4,4.5829514207149406e-4,0.00359385662658311
40224137410,2.8904518739762984e-4,4.5829514207149406e-4,0.00359385662658311
911486413,2.8904518739762984e-4,4.5829514207149406e-4,0.0035938566265831095
939784410,2.8904518739762984e-4,4.5829514207149406e-4,0.0035938566265831095
962398413,2.8904518739762984e-4,4.5829514207149406e-4,0.0035938566265831095
1314865412,2.8904518739762984e-4,4.5829514207149406e-4,0.0035938566265831095
1586808413,2.8904518739762984e-4,4.5829514207149406e-4,0.0035938566265831095
1773402410,2.8904518739762984e-4,4.5829514207149406e-4,0.0035938566265831095
19004724413,2.8904518739762984e-4,4.5829514207149406e-4,0.0035938566265831095
19006186413,2.8904518739762984e-4,4.5829514207149406e-4,0.0035938566265831095
19006410413,2.8904518739762984e-4,4.5829514207149406e-4,0.0035938566265831095
19006692413,2.8904518739762984e-4,4.5829514207149406e-4,0.0035938566265831095
19007572413,2.8904518739762984e-4,4.5829514207149406e-4,0.0035938566265831095
19010927412,2.8904518739762984e-4,4.5829514207149406e-4,0.0035938566265831095
19035577413,2.8904518739762984e-4,4.5829514207149406e-4,0.0035938566265831095
19052059413,2.8904518739762984e-4,4.5829514207149406e-4,0.0035938566265831095
19052489413,2.8904518739762984e-4,4.5829514207149406e-4,0.0035938566265831095
19052736413,2.8904518739762984e-4,4.5829514207149406e-4,0.0035938566265831095
19066774413,2.8904518739762984e-4,4.5829514207149406e-4,0.0035938566265831095
19069149413,2.8904518739762984e-4,4.5829514207149406e-4,0.0035938566265831095
19082306413,2.8904518739762984e-4,4.5829514207149406e-4,0.0035938566265831095
19088571413,2.8904518739762984e-4,4.5829514207149406e-4,0.0035938566265831095
19092377413,2.8904518739762984e-4,4.5829514207149406e-4,0.0035938566265831095
19137377412,2.8904518739762984e-4,4.5829514207149406e-4,0.0035938566265831095
21600521413,2.8904518739762984e-4,4.5829514207149406e-4,0.0035938566265831095
21600522413,2.8904518739762984e-4,4.5829514207149406e-4,0.0035938566265831095
21601185413,2.8904518739762984e-4,4.5829514207149406e-4,0.0035938566265831095
21601215413,2.8904518739762984e-4,4.5829514207149406e-4,0.0035938566265831095
40172206413,2.8904518739762984e-4,4.5829514207149406e-4,0.0035938566265831095
40172453413,2.8904518739762984e-4,4.5829514207149406e-4,0.0035938566265831095
40172566413,2.8904518739762984e-4,4.5829514207149406e-4,0.0035938566265831095
40175912412,2.8904518739762984e-4,4.5829514207149406e-4,0.0035938566265831095
40176150413,2.8904518739762984e-4,4.5829514207149406e-4,0.0035938566265831095
759740413,2.8904518739762984e-4,4.5829514207149406e-4,0.003593856626583109
914244412,2.8904518739762984e-4,4.5829514207149406e-4,0.003593856626583109
946340412,2.8904518739762984e-4,4.5829514207149406e-4,0.003593856626583109
959665412,2.8904518739762984e-4,4.5829514207149406e-4,0.003593856626583109
989567410,2.8904518739762984e-4,4.5829514207149406e-4,0.003593856626583109
1336539412,2.8904518739762984e-4,4.5829514207149406e-4,0.003593856626583109
1775741412,2.8904518739762984e-4,4.5829514207149406e-4,0.003593856626583109
19038562413,2.8904518739762984e-4,4.5829514207149406e-4,0.003593856626583109
19050488412,2.8904518739762984e-4,4.5829514207149406e-4,0.003593856626583109
19077143412,2.8904518739762984e-4,4.5829514207149406e-4,0.003593856626583109
19095269410,2.8904518739762984e-4,4.5829514207149406e-4,0.003593856626583109
21603874413,2.8904518739762984e-4,4.5829514207149406e-4,0.003593856626583109
35606323410,2.8904518739762984e-4,4.5829514207149406e-4,0.003593856626583109
40161082413,2.8904518739762984e-4,4.5829514207149406e-4,0.003593856626583109
40161537413,2.8904518739762984e-4,4.5829514207149406e-4,0.003593856626583109
40161577410,2.8904518739762984e-4,4.5829514207149406e-4,0.003593856626583109
40162219413,2.8904518739762984e-4,4.5829514207149406e-4,0.003593856626583109
40162247410,2.8904518739762984e-4,4.5829514207149406e-4,0.003593856626583109
40170448412,2.8904518739762984e-4,4.5829514207149406e-4,0.003593856626583109
40170862412,2.8904518739762984e-4,4.5829514207149406e-4,0.003593856626583109
40172710410,2.8904518739762984e-4,4.5829514207149406e-4,0.003593856626583109
40175801410,2.8904518739762984e-4,4.5829514207149406e-4,0.003593856626583109
40175801412,2.8904518739762984e-4,4.5829514207149406e-4,0.003593856626583109
40175842413,2.8904518739762984e-4,4.5829514207149406e-4,0.003593856626583109
40175933410,2.8904518739762984e-4,4.5829514207149406e-4,0.003593856626583109
40227394412,2.8904518739762984e-4,4.5829514207149406e-4,0.003593856626583109
528986410,2.8904518739762984e-4,4.5829514207149406e-4,0.0035938566265831086
528988410,2.8904518739762984e-4,4.5829514207149406e-4,0.0035938566265831086
528990410,2.8904518739762984e-4,4.5829514207149406e-4,0.0035938566265831086
529042410,2.8904518739762984e-4,4.5829514207149406e-4,0.0035938566265831086
529044410,2.8904518739762984e-4,4.5829514207149406e-4,0.0035938566265831086
529046410,2.8904518739762984e-4,4.5829514207149406e-4,0.0035938566265831086
529072410,2.8904518739762984e-4,4.5829514207149406e-4,0.0035938566265831086
740924412,2.8904518739762984e-4,4.5829514207149406e-4,0.003593856626583108
906149413,2.8904518739762984e-4,4.5829514207149406e-4,0.003593856626583108
922976413,2.8904518739762984e-4,4.5829514207149406e-4,0.003593856626583108
939871410,2.8904518739762984e-4,4.5829514207149406e-4,0.003593856626583108
950056410,2.8904518739762984e-4,4.5829514207149406e-4,0.003593856626583108
1308473413,2.8904518739762984e-4,4.5829514207149406e-4,0.003593856626583108
1318030410,2.8904518739762984e-4,4.5829514207149406e-4,0.003593856626583108
1338558412,2.8904518739762984e-4,4.5829514207149406e-4,0.003593856626583108
1517740413,2.8904518739762984e-4,4.5829514207149406e-4,0.003593856626583108
1544838412,2.8904518739762984e-4,4.5829514207149406e-4,0.003593856626583108
1555120413,2.8904518739762984e-4,4.5829514207149406e-4,0.003593856626583108
1750461412,2.8904518739762984e-4,4.5829514207149406e-4,0.003593856626583108
1750461413,2.8904518739762984e-4,4.5829514207149406e-4,0.003593856626583108
1792429412,2.8904518739762984e-4,4.5829514207149406e-4,0.003593856626583108
19003959410,2.8904518739762984e-4,4.5829514207149406e-4,0.003593856626583108
19004718413,2.8904518739762984e-4,4.5829514207149406e-4,0.003593856626583108
19011773413,2.8904518739762984e-4,4.5829514207149406e-4,0.003593856626583108
19012346410,2.8904518739762984e-4,4.5829514207149406e-4,0.003593856626583108
19031713410,2.8904518739762984e-4,4.5829514207149406e-4,0.003593856626583108
19036731412,2.8904518739762984e-4,4.5829514207149406e-4,0.003593856626583108
19046291413,2.8904518739762984e-4,4.5829514207149406e-4,0.003593856626583108
19048999410,2.8904518739762984e-4,4.5829514207149406e-4,0.003593856626583108
19050087410,2.8904518739762984e-4,4.5829514207149406e-4,0.003593856626583108
19051926410,2.8904518739762984e-4,4.5829514207149406e-4,0.003593856626583108
19054825410,2.8904518739762984e-4,4.5829514207149406e-4,0.003593856626583108
21600835413,2.8904518739762984e-4,4.5829514207149406e-4,0.003593856626583108
21600836413,2.8904518739762984e-4,4.5829514207149406e-4,0.003593856626583108
21601071410,2.8904518739762984e-4,4.5829514207149406e-4,0.003593856626583108
21603095412,2.8904518739762984e-4,4.5829514207149406e-4,0.003593856626583108
21603850413,2.8904518739762984e-4,4.5829514207149406e-4,0.003593856626583108
21604892412,2.8904518739762984e-4,4.5829514207149406e-4,0.003593856626583108
21604929412,2.8904518739762984e-4,4.5829514207149406e-4,0.003593856626583108
21604929413,2.8904518739762984e-4,4.5829514207149406e-4,0.003593856626583108
21604948413,2.8904518739762984e-4,4.5829514207149406e-4,0.003593856626583108
21604989413,2.8904518739762984e-4,4.5829514207149406e-4,0.003593856626583108
21605567412,2.8904518739762984e-4,4.5829514207149406e-4,0.003593856626583108
21605580412,2.8904518739762984e-4,4.5829514207149406e-4,0.003593856626583108
21605581412,2.8904518739762984e-4,4.5829514207149406e-4,0.003593856626583108
40161629413,2.8904518739762984e-4,4.5829514207149406e-4,0.003593856626583108
40161918413,2.8904518739762984e-4,4.5829514207149406e-4,0.003593856626583108
40161940413,2.8904518739762984e-4,4.5829514207149406e-4,0.003593856626583108
40170416413,2.8904518739762984e-4,4.5829514207149406e-4,0.003593856626583108
40170656412,2.8904518739762984e-4,4.5829514207149406e-4,0.003593856626583108
40172010413,2.8904518739762984e-4,4.5829514207149406e-4,0.003593856626583108
40172160412,2.8904518739762984e-4,4.5829514207149406e-4,0.003593856626583108
40172317410,2.8904518739762984e-4,4.5829514207149406e-4,0.003593856626583108
40175951410,2.8904518739762984e-4,4.5829514207149406e-4,0.003593856626583108
40226696412,2.8904518739762984e-4,4.5829514207149406e-4,0.003593856626583108
40227367412,2.8904518739762984e-4,4.5829514207149406e-4,0.003593856626583108
509079410,2.8904518739762984e-4,4.5829514207149406e-4,0.0035938566265831078
509081410,2.8904518739762984e-4,4.5829514207149406e-4,0.0035938566265831078
916802412,2.8904518739762984e-4,4.5829514207149406e-4,0.0035938566265831078
1784749410,2.8904518739762984e-4,4.5829514207149406e-4,0.0035938566265831078
1797155412,2.8904518739762984e-4,4.5829514207149406e-4,0.0035938566265831078
19009250410,2.8904518739762984e-4,4.5829514207149406e-4,0.0035938566265831078
19012543410,2.8904518739762984e-4,4.5829514207149406e-4,0.0035938566265831078
19056402410,2.8904518739762984e-4,4.5829514207149406e-4,0.0035938566265831078
19063575413,2.8904518739762984e-4,4.5829514207149406e-4,0.0035938566265831078
21600438413,2.8904518739762984e-4,4.5829514207149406e-4,0.0035938566265831078
21603914413,2.8904518739762984e-4,4.5829514207149406e-4,0.0035938566265831078
21605119413,2.8904518739762984e-4,4.5829514207149406e-4,0.0035938566265831078
21605120413,2.8904518739762984e-4,4.5829514207149406e-4,0.0035938566265831078
40161680410,2.8904518739762984e-4,4.5829514207149406e-4,0.0035938566265831078
40162078412,2.8904518739762984e-4,4.5829514207149406e-4,0.0035938566265831078
40167317412,2.8904518739762984e-4,4.5829514207149406e-4,0.0035938566265831078
40170553412,2.8904518739762984e-4,4.5829514207149406e-4,0.0035938566265831078
40170588412,2.8904518739762984e-4,4.5829514207149406e-4,0.0035938566265831078
40172270412,2.8904518739762984e-4,4.5829514207149406e-4,0.0035938566265831078
40172504412,2.8904518739762984e-4,4.5829514207149406e-4,0.0035938566265831078
42799711410,2.8904518739762984e-4,4.5829514207149406e-4,0.0035938566265831078
836208412,2.8904518739762984e-4,4.5829514207149406e-4,0.0035938566265831073
912803412,2.8904518739762984e-4,4.5829514207149406e-4,0.0035938566265831073
961145413,2.8904518739762984e-4,4.5829514207149406e-4,0.0035938566265831073
1549786413,2.8904518739762984e-4,4.5829514207149406e-4,0.0035938566265831073
19035100412,2.8904518739762984e-4,4.5829514207149406e-4,0.0035938566265831073
19054702412,2.8904518739762984e-4,4.5829514207149406e-4,0.0035938566265831073
19080550412,2.8904518739762984e-4,4.5829514207149406e-4,0.0035938566265831073
19087223412,2.8904518739762984e-4,4.5829514207149406e-4,0.0035938566265831073
21604075412,2.8904518739762984e-4,4.5829514207149406e-4,0.0035938566265831073
40161146412,2.8904518739762984e-4,4.5829514207149406e-4,0.0035938566265831073
40172266413,2.8904518739762984e-4,4.5829514207149406e-4,0.0035938566265831073
40175865413,2.8904518739762984e-4,4.5829514207149406e-4,0.0035938566265831073
21602061410,0.07862029097215531,0.076076993583868,-0.003589310286098006
21604443413,0.03237306098853454,0.0307057745187901,-0.003584526226887486
1308368413,0.0010598323537913093,0.001374885426214482,0.003577296037792869
40167348412,0.0010598323537913093,0.001374885426214482,0.003577296037792868
905233413,0.0010598323537913093,0.001374885426214482,0.0035772960377928676
905371410,0.0010598323537913093,0.001374885426214482,0.0035772960377928676
21602029412,0.0010598323537913093,0.001374885426214482,0.0035772960377928676
21604803413,0.0010598323537913093,0.001374885426214482,0.0035772960377928676
21601427412,0.0010598323537913093,0.001374885426214482,0.003577296037792867
40161960412,0.0010598323537913093,0.001374885426214482,0.003577296037792867
40172846410,0.0010598323537913093,0.001374885426214482,0.003577296037792867
19014158410,0.0010598323537913093,0.001374885426214482,0.0035772960377928667
40161646410,0.0010598323537913093,0.001374885426214482,0.0035772960377928667
940426412,0.0010598323537913093,0.001374885426214482,0.003577296037792866
1729720413,0.0010598323537913093,0.001374885426214482,0.003577296037792866
21602969410,0.08218518161672608,0.0847846012832264,0.003576844596867919
21601386413,0.026881202427979575,0.02841429880843263,0.00357405963746058
21603311412,0.0474997591290105,0.04949587534372136,0.0035431384729716253
719174410,0.04875228827440023,0.04674610449129239,-0.0035414865373410553
21604459410,0.04875228827440023,0.04674610449129239,-0.0035414865373410553
40169509410,0.003275845457173138,0.002749770852428964,-0.0035375530651295278
930916412,0.003275845457173138,0.002749770852428964,-0.0035375530651295265
19067971410,0.003275845457173138,0.002749770852428964,-0.0035375530651295265
40161040410,0.003275845457173138,0.002749770852428964,-0.0035375530651295265
40167409410,0.003275845457173138,0.002749770852428964,-0.0035375530651295265
21601489410,0.23354851141728492,0.2296058661778185,-0.003534121687225847
21601490410,0.23354851141728492,0.2296058661778185,-0.003534121687225847
21603395410,0.48126023701705367,0.4766269477543538,-0.0035134386283425683
986117410,0.003564890644570768,0.004124656278643446,0.0035108883480357545
19036781412,0.003564890644570768,0.004124656278643446,0.0035108883480357545
21600652412,0.039888235860872916,0.04170485792850596,0.003503663637727547
21604128413,0.026688505636381154,0.025206232813932174,-0.003500811771366463
21604129413,0.026688505636381154,0.025206232813932174,-0.003500811771366463
21601489412,0.059928702187108586,0.05774518790100825,-0.003495668700125172
21601490412,0.059928702187108586,0.05774518790100825,-0.003495668700125172
21600985413,0.08411214953271028,0.08157653528872594,-0.003469359401487915
21603746410,0.07341747759899797,0.07103574702108158,-0.0034686621017181547
21605268410,0.012717988245495712,0.013748854262144821,0.00346143766300851
996541410,0.015319394932074381,0.014207149404216315,-0.003452443606482128
21602082412,0.008767704017728105,0.009624197983501375,0.003451860147337071
976545410,0.008767704017728105,0.009624197983501375,0.0034518601473370694
21604802410,0.14712400038539358,0.14390467461044912,-0.0034486233855013774
21603747412,0.0037575874361691877,0.0032080659945004585,-0.0034466360725175487
40170814410,0.0037575874361691877,0.0032080659945004585,-0.0034466360725175487
797617412,0.02948260911455824,0.027956003666361137,-0.0034342017848922306
916005410,0.004432026206763658,0.005041246562786435,0.0034341370642101427
916662412,6.744387705944696e-4,9.165902841429881e-4,0.00342858244396517
1789515410,6.744387705944696e-4,9.165902841429881e-4,0.00342858244396517
1789517410,6.744387705944696e-4,9.165902841429881e-4,0.00342858244396517
40161573410,6.744387705944696e-4,9.165902841429881e-4,0.00342858244396517
759740412,6.744387705944696e-4,9.165902841429881e-4,0.003428582443965169
942659410,6.744387705944696e-4,9.165902841429881e-4,0.003428582443965169
963747410,6.744387705944696e-4,9.165902841429881e-4,0.003428582443965169
986517410,6.744387705944696e-4,9.165902841429881e-4,0.003428582443965169
1301267410,6.744387705944696e-4,9.165902841429881e-4,0.003428582443965169
1521369412,6.744387705944696e-4,9.165902841429881e-4,0.003428582443965169
19033354413,6.744387705944696e-4,9.165902841429881e-4,0.003428582443965169
19087223410,6.744387705944696e-4,9.165902841429881e-4,0.003428582443965169
19096487410,6.744387705944696e-4,9.165902841429881e-4,0.003428582443965169
21602551412,6.744387705944696e-4,9.165902841429881e-4,0.003428582443965169
40161182412,6.744387705944696e-4,9.165902841429881e-4,0.003428582443965169
40161698410,6.744387705944696e-4,9.165902841429881e-4,0.003428582443965169
40170650413,6.744387705944696e-4,9.165902841429881e-4,0.003428582443965169
782211413,6.744387705944696e-4,9.165902841429881e-4,0.0034285824439651688
923540412,6.744387705944696e-4,9.165902841429881e-4,0.0034285824439651688
944360412,6.744387705944696e-4,9.165902841429881e-4,0.0034285824439651688
954688413,6.744387705944696e-4,9.165902841429881e-4,0.0034285824439651688
970011412,6.744387705944696e-4,9.165902841429881e-4,0.0034285824439651688
1119119410,6.744387705944696e-4,9.165902841429881e-4,0.0034285824439651688
1188114412,6.744387705944696e-4,9.165902841429881e-4,0.0034285824439651688
1325124410,6.744387705944696e-4,9.165902841429881e-4,0.0034285824439651688
1391889410,6.744387705944696e-4,9.165902841429881e-4,0.0034285824439651688
1507705412,6.744387705944696e-4,9.165902841429881e-4,0.0034285824439651688
1514412412,6.744387705944696e-4,9.165902841429881e-4,0.0034285824439651688
1555887410,6.744387705944696e-4,9.165902841429881e-4,0.0034285824439651688
1781314410,6.744387705944696e-4,9.165902841429881e-4,0.0034285824439651688
1781406413,6.744387705944696e-4,9.165902841429881e-4,0.0034285824439651688
19044337413,6.744387705944696e-4,9.165902841429881e-4,0.0034285824439651688
19073699412,6.744387705944696e-4,9.165902841429881e-4,0.0034285824439651688
19089579410,6.744387705944696e-4,9.165902841429881e-4,0.0034285824439651688
21601225412,6.744387705944696e-4,9.165902841429881e-4,0.0034285824439651688
21601226412,6.744387705944696e-4,9.165902841429881e-4,0.0034285824439651688
21601227412,6.744387705944696e-4,9.165902841429881e-4,0.0034285824439651688
40161082412,6.744387705944696e-4,9.165902841429881e-4,0.0034285824439651688
40170416412,6.744387705944696e-4,9.165902841429881e-4,0.0034285824439651688
40175939412,6.744387705944696e-4,9.165902841429881e-4,0.0034285824439651688
40176129410,6.744387705944696e-4,9.165902841429881e-4,0.0034285824439651688
21601389410,0.005299161768956547,0.005957836846929423,0.003400858278616331
19049877410,0.005299161768956547,0.005957836846929423,0.0034008582786163306
1103640410,0.020040466326235667,0.018790100824931256,-0.003398428481018514
21602055412,0.020714905096830136,0.021998166819431713,0.0033956682249324005
720727412,0.0023123614991810387,0.002749770852428964,0.003394999402570998
1140643413,0.0023123614991810387,0.002749770852428964,0.003394999402570998
1750500413,0.0023123614991810387,0.002749770852428964,0.0033949994025709975
1520218410,0.0023123614991810387,0.002749770852428964,0.0033949994025709966
40170475410,0.0023123614991810387,0.002749770852428964,0.0033949994025709966
1143374410,0.03227671259273533,0.0307057745187901,-0.0033814443069687073
21602281412,0.03227671259273533,0.0307057745187901,-0.0033814443069687073
21603303410,0.03227671259273533,0.0307057745187901,-0.0033814443069687073
915855410,0.004239329415165237,0.0036663611365719525,-0.003380825377666236
1140643412,0.004239329415165237,0.0036663611365719525,-0.003380825377666236
1123904410,0.013392427016090181,0.01237396883593034,-0.003378866400866488
21600033412,0.04538009442142788,0.043538038496791935,-0.003364337826562554
1189596410,0.010983717121109933,0.011915673693858845,0.0033632450058255162
21600788410,0.026977550823778784,0.02841429880843263,0.0033446820564786263
1110410413,0.004721071394161287,0.004124656278643446,-0.003332979622158411
21604607413,0.001734271124385779,0.001374885426214482,-0.003332786579342302
705219410,0.001734271124385779,0.001374885426214482,-0.0033327865793423015
720810413,0.001734271124385779,0.001374885426214482,-0.0033327865793423015
735850410,0.001734271124385779,0.001374885426214482,-0.0033327865793423015
923081413,0.001734271124385779,0.001374885426214482,-0.0033327865793423015
930747410,0.001734271124385779,0.001374885426214482,-0.0033327865793423015
993631412,0.001734271124385779,0.001374885426214482,-0.0033327865793423015
1114122412,0.001734271124385779,0.001374885426214482,-0.0033327865793423015
21604940410,0.001734271124385779,0.001374885426214482,-0.0033327865793423015
40161642412,0.001734271124385779,0.001374885426214482,-0.0033327865793423015
40172802410,0.001734271124385779,0.001374885426214482,-0.0033327865793423015
40175775410,0.001734271124385779,0.001374885426214482,-0.0033327865793423015
766209410,0.011947201079102033,0.010999083409715857,-0.0033288799545677676
21603089410,0.011947201079102033,0.010999083409715857,-0.0033288799545677676
1502809413,0.010116581558917044,0.010999083409715857,0.003316312119815249
1177480410,0.1977069081799788,0.20119156736938587,0.0033110355155876515
19057346410,0.005202813373157337,0.00458295142071494,-0.0032984297360678545
40161849410,0.005202813373157337,0.00458295142071494,-0.0032984297360678545
1112807413,0.026110415261585893,0.027497708524289642,0.0032813018309553878
19037038410,0.01763175643125542,0.016498625114573784,-0.003279975072137822
21600788412,0.005684555352153386,0.005041246562786435,-0.003273987296905963
1701928410,0.010020233163117833,0.00916590284142988,-0.0032738764797696014
21600628410,0.010020233163117833,0.00916590284142988,-0.0032738764797696014
21601939412,0.010020233163117833,0.00916590284142988,-0.0032738764797696
21600697412,0.009249445996724155,0.01008249312557287,0.0032716824683045984
21600698412,0.009249445996724155,0.01008249312557287,0.0032716824683045984
21600139410,0.009538491184121785,0.008707607699358386,-0.0032631850421969482
21604304412,0.069756238558628,0.07195233730522456,0.003257974025862894
994341413,0.006166297331149436,0.005499541704857928,-0.0032573974248588044
1707164413,0.006166297331149436,0.005499541704857928,-0.0032573974248588044
21602061413,0.006166297331149436,0.005499541704857928,-0.0032573974248588044
21602095413,0.006166297331149436,0.005499541704857928,-0.0032573974248588044
40167025410,0.006166297331149436,0.005499541704857928,-0.0032573974248588044
922570412,0.009056749205125735,0.008249312557286892,-0.0032541483040782414
725131413,0.009056749205125735,0.008249312557286892,-0.003254148304078241
903459410,0.006648039310145486,0.005957836846929423,-0.003247018891723385
21604070410,0.006648039310145486,0.005957836846929423,-0.0032470188917233848
730729412,6.744387705944696e-4,4.5829514207149406e-4,-0.0032458527142289737
1366310410,6.744387705944696e-4,4.5829514207149406e-4,-0.0032458527142289737
1523280412,6.744387705944696e-4,4.5829514207149406e-4,-0.0032458527142289737
1524674413,6.744387705944696e-4,4.5829514207149406e-4,-0.0032458527142289737
19000537412,6.744387705944696e-4,4.5829514207149406e-4,-0.0032458527142289737
21601329413,6.744387705944696e-4,4.5829514207149406e-4,-0.0032458527142289737
21605281412,6.744387705944696e-4,4.5829514207149406e-4,-0.0032458527142289737
21605295410,6.744387705944696e-4,4.5829514207149406e-4,-0.0032458527142289737
21605297410,6.744387705944696e-4,4.5829514207149406e-4,-0.0032458527142289737
40161467413,6.744387705944696e-4,4.5829514207149406e-4,-0.0032458527142289737
40175898412,6.744387705944696e-4,4.5829514207149406e-4,-0.0032458527142289737
42801112413,6.744387705944696e-4,4.5829514207149406e-4,-0.0032458527142289737
909841413,6.744387705944696e-4,4.5829514207149406e-4,-0.0032458527142289733
910888410,6.744387705944696e-4,4.5829514207149406e-4,-0.0032458527142289733
918222412,6.744387705944696e-4,4.5829514207149406e-4,-0.0032458527142289733
938061413,6.744387705944696e-4,4.5829514207149406e-4,-0.0032458527142289733
1314273412,6.744387705944696e-4,4.5829514207149406e-4,-0.0032458527142289733
1336926413,6.744387705944696e-4,4.5829514207149406e-4,-0.0032458527142289733
1342346410,6.744387705944696e-4,4.5829514207149406e-4,-0.0032458527142289733
1747157410,6.744387705944696e-4,4.5829514207149406e-4,-0.0032458527142289733
1774470413,6.744387705944696e-4,4.5829514207149406e-4,-0.0032458527142289733
19000498412,6.744387705944696e-4,4.5829514207149406e-4,-0.0032458527142289733
19008339410,6.744387705944696e-4,4.5829514207149406e-4,-0.0032458527142289733
19010128410,6.744387705944696e-4,4.5829514207149406e-4,-0.0032458527142289733
19012565410,6.744387705944696e-4,4.5829514207149406e-4,-0.0032458527142289733
19035631412,6.744387705944696e-4,4.5829514207149406e-4,-0.0032458527142289733
19090221410,6.744387705944696e-4,4.5829514207149406e-4,-0.0032458527142289733
21600811410,6.744387705944696e-4,4.5829514207149406e-4,-0.0032458527142289733
21602709412,6.744387705944696e-4,4.5829514207149406e-4,-0.0032458527142289733
40161637412,6.744387705944696e-4,4.5829514207149406e-4,-0.0032458527142289733
40161906413,6.744387705944696e-4,4.5829514207149406e-4,-0.0032458527142289733
40167231413,6.744387705944696e-4,4.5829514207149406e-4,-0.0032458527142289733
40167672412,6.744387705944696e-4,4.5829514207149406e-4,-0.0032458527142289733
40170475412,6.744387705944696e-4,4.5829514207149406e-4,-0.0032458527142289733
40170737412,6.744387705944696e-4,4.5829514207149406e-4,-0.0032458527142289733
40170751410,6.744387705944696e-4,4.5829514207149406e-4,-0.0032458527142289733
40170814413,6.744387705944696e-4,4.5829514207149406e-4,-0.0032458527142289733
40172445412,6.744387705944696e-4,4.5829514207149406e-4,-0.0032458527142289733
40172530410,6.744387705944696e-4,4.5829514207149406e-4,-0.0032458527142289733
40172632410,6.744387705944696e-4,4.5829514207149406e-4,-0.0032458527142289733
40172774410,6.744387705944696e-4,4.5829514207149406e-4,-0.0032458527142289733
1301065412,6.744387705944696e-4,4.5829514207149406e-4,-0.0032458527142289724
1305637412,6.744387705944696e-4,4.5829514207149406e-4,-0.0032458527142289724
1326901410,6.744387705944696e-4,4.5829514207149406e-4,-0.0032458527142289724
1760039410,6.744387705944696e-4,4.5829514207149406e-4,-0.0032458527142289724
19005046412,6.744387705944696e-4,4.5829514207149406e-4,-0.0032458527142289724
21602597413,6.744387705944696e-4,4.5829514207149406e-4,-0.0032458527142289724
21604899410,6.744387705944696e-4,4.5829514207149406e-4,-0.0032458527142289724
21604980412,6.744387705944696e-4,4.5829514207149406e-4,-0.0032458527142289724
40161115413,6.744387705944696e-4,4.5829514207149406e-4,-0.0032458527142289724
40161914413,6.744387705944696e-4,4.5829514207149406e-4,-0.0032458527142289724
40170964412,6.744387705944696e-4,4.5829514207149406e-4,-0.0032458527142289724
40173567412,6.744387705944696e-4,4.5829514207149406e-4,-0.0032458527142289724
40175842412,6.744387705944696e-4,4.5829514207149406e-4,-0.0032458527142289724
749910410,0.07418826476539166,0.07195233730522456,-0.0032401002077431045
21604729413,0.06705848347625012,0.0692025664527956,0.0032393091871711845
992956412,0.003179497061373928,0.0036663611365719525,0.003233841769485241
21601421410,0.07139416128721457,0.0692025664527956,-0.0032327055596292034
924939410,0.011465459100105983,0.01237396883593034,0.0032113299148163357
21600128412,0.04904133346179786,0.05087076076993584,0.0031996619205480062
1152631410,0.025146931303593797,0.02383134738771769,-0.0031975616510572986
21600660410,0.025146931303593797,0.02383134738771769,-0.0031975616510572986
915542410,0.020907601888428558,0.019706691109074245,-0.0031956483907577475
704984410,0.04094806821466423,0.042621448212648946,0.003188360936715249
40162144410,0.004046632623566818,0.00458295142071494,0.0031645734461416527
1300751410,0.004046632623566818,0.00458295142071494,0.0031645734461416522
21604847412,0.030638789864148763,0.032080659945004586,0.003157305350009226
924724413,0.010598323537913094,0.011457378551787351,0.003156410992263768
21600129413,0.010598323537913094,0.011457378551787351,0.003156410992263768
21604182412,0.010598323537913094,0.011457378551787351,0.003156410992263768
744740410,0.03825031313228635,0.03666361136571952,-0.003145110340944643
988294412,0.005780903747952597,0.006416131989000917,0.003144778134109015
1154161412,0.005780903747952597,0.006416131989000917,0.0031447781341090147
21604416412,0.01724636284805858,0.01833180568285976,0.003141935438519678
42801112410,0.004913768185759707,0.005499541704857928,0.0031415525517259264
1164108410,0.004913768185759707,0.005499541704857928,0.003141552551725926
21602055410,0.10473070623374121,0.10219981668194317,-0.0031372354360755207
21602667413,0.02081125349262935,0.021998166819431713,0.00313489201269624
40161742410,0.002216013103381829,0.0018331805682859762,-0.0031317511178499667
40172069410,0.002216013103381829,0.0018331805682859762,-0.003131751117849966
1501761412,0.002216013103381829,0.0018331805682859762,-0.003131751117849965
1762711412,0.002216013103381829,0.0018331805682859762,-0.003131751117849965
19077143410,0.002216013103381829,0.0018331805682859762,-0.003131751117849965
745268412,0.014259562578283072,0.013290559120073327,-0.0031146794050747892
21601579412,0.014259562578283072,0.013290559120073327,-0.0031146794050747892
1340128413,0.027459292802774832,0.02612282309807516,-0.0031112389146056474
780369413,0.0019269679159841988,0.00229147571035747,0.0030985781382925487
1110727412,0.0019269679159841988,0.00229147571035747,0.0030985781382925487
1436678412,0.0019269679159841988,0.00229147571035747,0.0030985781382925487
40164828410,0.0019269679159841988,0.00229147571035747,0.0030985781382925487
40170356410,0.0019269679159841988,0.00229147571035747,0.0030985781382925487
40171957410,0.0019269679159841988,0.00229147571035747,0.0030985781382925487
40161528410,0.0019269679159841988,0.00229147571035747,0.0030985781382925483
21603926410,0.040562674631467385,0.03895508707607699,-0.0030975683553274786
21600651412,0.08892956932267078,0.09120073327222732,0.0030169155716040317
21601462413,0.1416321418248386,0.1388634280476627,-0.0030127171117262518
21601463413,0.1416321418248386,0.1388634280476627,-0.0030127171117262518
755695412,0.03160227382214086,0.03299725022914757,0.003009936626514378
21604472410,0.05636381154253782,0.05453712190650779,-0.0030088196336239565
750982413,0.01753540803545621,0.016498625114573784,-0.0030078373795558765
1331235412,0.01753540803545621,0.016498625114573784,-0.0030078373795558765
994058412,0.0026977550823778784,0.00229147571035747,-0.003006990522643813
40161146410,0.0026977550823778784,0.00229147571035747,-0.003006990522643813
21604482412,0.0026977550823778784,0.00229147571035747,-0.0030069905226438125
40170458410,0.0026977550823778784,0.00229147571035747,-0.0030069905226438125
1140640412,0.0026977550823778784,0.00229147571035747,-0.003006990522643812
1516800412,0.0026977550823778784,0.00229147571035747,-0.003006990522643812
40175734410,0.0026977550823778784,0.00229147571035747,-0.003006990522643812
1361711413,0.007996916851334425,0.008707607699358386,0.00300015831890598
21601625413,0.007996916851334425,0.008707607699358386,0.00300015831890598
743670413,0.01657192407746411,0.015582034830430797,-0.0029528184832400437
718583410,0.010212929954716255,0.010999083409715857,0.0029429829573239473
1516766410,0.014644956161479912,0.015582034830430797,0.0029393554339517064
21603458410,0.12756527603815396,0.1301558203483043,0.0029375589332097315
700299413,0.010405626746314674,0.009624197983501375,-0.0029364943252461967
1101898410,0.0027941034781770882,0.0032080659945004585,0.002933769772819671
21600596413,0.0027941034781770882,0.0032080659945004585,0.002933769772819671
21604719410,0.0027941034781770882,0.0032080659945004585,0.002933769772819671
40170979410,0.0027941034781770882,0.0032080659945004585,0.0029337697728196704
21603282410,0.054918585605549665,0.05316223648029331,-0.0029284452631899048
1750087412,0.003179497061373928,0.002749770852428964,-0.0029263604450973555
21602682412,0.003179497061373928,0.002749770852428964,-0.0029263604450973555
1748921410,0.003179497061373928,0.002749770852428964,-0.002926360445097355
21600360412,0.003179497061373928,0.002749770852428964,-0.002926360445097355
21600363412,0.003179497061373928,0.002749770852428964,-0.002926360445097355
21600554410,0.01955872434723962,0.020623281393217233,0.0028991206389850648
21602195412,0.01955872434723962,0.020623281393217233,0.0028991206389850648
21602196412,0.01955872434723962,0.020623281393217233,0.0028991206389850648
1351557410,0.08276327199152134,0.08065994500458296,-0.0028980270892094914
953391410,0.009442142788322574,0.008707607699358386,-0.002896974977446433
21604296410,0.09355429232103285,0.09578368469294225,0.0028950790364950384
21600011412,0.039984584256672125,0.0384967919340055,-0.0028859413946398893
21604848410,0.13806725118026786,0.14069660861594868,0.0028836758124129213
21600190413,0.009345794392523364,0.01008249312557287,0.002881220345646915
21603783413,0.003661239040369978,0.004124656278643446,0.002875612147411105
40161642410,0.003661239040369978,0.004124656278643446,0.0028756121474111046
715939410,0.020907601888428558,0.021998166819431713,0.0028750923094780835
21603709412,0.003661239040369978,0.0032080659945004585,-0.0028736254790120955
21604980410,0.003661239040369978,0.0032080659945004585,-0.0028736254790120955
1750087410,0.015126698140475962,0.014207149404216315,-0.0028692173602788817
21601682412,0.1367183736390789,0.13932172318973418,0.002866951866513239
21602457410,0.004528374602562868,0.005041246562786435,0.0028661107804375473
795113412,0.004528374602562868,0.005041246562786435,0.0028661107804375456
915981413,0.004528374602562868,0.005041246562786435,0.0028661107804375456
19035631410,0.004528374602562868,0.005041246562786435,0.0028661107804375456
21604104412,0.004528374602562868,0.005041246562786435,0.0028661107804375456
21601154410,0.05780903747952597,0.05957836846929423,0.0028651149849808926
21604515413,0.008478658830330475,0.007791017415215398,-0.002861430521035639
929549410,0.008478658830330475,0.007791017415215398,-0.0028614305210356386
1335471412,0.03950284227767608,0.038038496791934,-0.002856982442351524
1154343413,0.023123614991810388,0.021998166819431713,-0.0028487806997435235
21603585413,0.0041429810193660275,0.0036663611365719525,-0.0028396416776995527
40161542410,0.0041429810193660275,0.0036663611365719525,-0.0028396416776995522
40162170410,0.0075151748723383755,0.0068744271310724105,-0.0028317332606553314
1749008410,0.008478658830330475,0.00916590284142988,0.0028201176148805536
40161718410,0.0070334328933423255,0.006416131989000917,-0.002819937910686169
744740413,0.004624722998362077,0.004124656278643446,-0.002818844839615849
1504620413,0.005106464977358127,0.00458295142071494,-0.0028076471470874858
21602764413,0.005106464977358127,0.00458295142071494,-0.0028076471470874858
951511410,0.005106464977358127,0.00458295142071494,-0.0028076471470874853
932745413,0.0060699489353502264,0.005499541704857928,-0.0028050968087891285
21600800413,0.0060699489353502264,0.005499541704857928,-0.002805096808789128
21600662413,0.029000867135562193,0.03024747937671861,0.002804338205856519
19033354410,0.0055882069563541765,0.005041246562786435,-0.002803628559614136
40162128410,0.0055882069563541765,0.005041246562786435,-0.002803628559614136
704984413,0.0055882069563541765,0.005041246562786435,-0.0028036285596141357
21600749413,0.11186048752288275,0.10953253895508708,-0.0028026117486625634
740275412,0.012910685037094133,0.013748854262144821,0.0027974131710271407
1140088410,0.04412756527603815,0.042621448212648946,-0.0027862273744564355
756018410,0.03526351286251084,0.03391384051329056,-0.0027812364713847137
1351541412,0.001541574332787359,0.0018331805682859762,0.002770900006869573
21602852410,0.001541574332787359,0.0018331805682859762,0.002770900006869573
715458413,0.001541574332787359,0.0018331805682859762,0.0027709000068695724
1749008412,0.001541574332787359,0.0018331805682859762,0.0027709000068695724
21602683412,0.001541574332787359,0.0018331805682859762,0.0027709000068695724
21602689412,0.001541574332787359,0.0018331805682859762,0.0027709000068695724
40170370410,0.001541574332787359,0.0018331805682859762,0.0027709000068695724
40172198410,0.001541574332787359,0.0018331805682859762,0.0027709000068695724
1530014413,0.001541574332787359,0.0018331805682859762,0.002770900006869572
21601908412,0.025435976490991424,0.024289642529789185,-0.002769013011617559
21601909412,0.025435976490991424,0.024289642529789185,-0.002769013011617559
1154343412,0.0416225069852587,0.04307974335472044,0.002756253837488959
1351557412,0.01917333076404278,0.02016498625114574,0.002727675555504629
1769535410,0.012717988245495712,0.011915673693858845,-0.002727456814598733
40161463413,0.0011561807495905194,9.165902841429881e-4,-0.0027204496567714235
956653410,0.0011561807495905194,9.165902841429881e-4,-0.0027204496567714226
1501617413,0.0011561807495905194,9.165902841429881e-4,-0.0027204496567714226
1715315410,0.0011561807495905194,9.165902841429881e-4,-0.0027204496567714226
958527410,0.0011561807495905194,9.165902841429881e-4,-0.002720449656771422
963742412,0.0011561807495905194,9.165902841429881e-4,-0.002720449656771422
1355509410,0.0011561807495905194,9.165902841429881e-4,-0.002720449656771422
1385800412,0.0011561807495905194,9.165902841429881e-4,-0.002720449656771422
1597235410,0.0011561807495905194,9.165902841429881e-4,-0.002720449656771422
1750928410,0.0011561807495905194,9.165902841429881e-4,-0.002720449656771422
21603235412,0.0011561807495905194,9.165902841429881e-4,-0.002720449656771422
21604989412,0.0011561807495905194,9.165902841429881e-4,-0.002720449656771422
40161964412,0.0011561807495905194,9.165902841429881e-4,-0.002720449656771422
917336412,0.0011561807495905194,9.165902841429881e-4,-0.0027204496567714218
926770410,0.0011561807495905194,9.165902841429881e-4,-0.0027204496567714218
984232413,0.0011561807495905194,9.165902841429881e-4,-0.0027204496567714218
1147878412,0.0011561807495905194,9.165902841429881e-4,-0.0027204496567714218
1712549410,0.0011561807495905194,9.165902841429881e-4,-0.0027204496567714218
21602318413,0.0011561807495905194,9.165902841429881e-4,-0.0027204496567714218
21602319413,0.0011561807495905194,9.165902841429881e-4,-0.0027204496567714218
40161488412,0.0011561807495905194,9.165902841429881e-4,-0.0027204496567714213
40161944410,0.0011561807495905194,9.165902841429881e-4,-0.0027204496567714213
959174413,0.0011561807495905194,9.165902841429881e-4,-0.002720449656771421
21602457412,0.0011561807495905194,9.165902841429881e-4,-0.002720449656771421
1136980410,0.05106464977358127,0.04949587534372136,-0.00270683958946864
1549254410,0.006744387705944696,0.007332722273143905,0.002703086802523591
21604653412,0.012236246266499664,0.011457378551787351,-0.0026988493624018036
1545958412,0.06696213508045092,0.06874427131072411,0.0026954295950216162
964339412,0.03381828692552269,0.03253895508707608,-0.0026899280031844486
992956410,0.0164755756816649,0.015582034830430797,-0.0026717982514485343
19028106410,0.0164755756816649,0.015582034830430797,-0.0026717982514485343
1346823412,0.027266596011176415,0.02612282309807516,-0.0026702511198680567
1124957413,0.011754504287503614,0.010999083409715857,-0.0026702032652577336
1192710410,0.08305231717891898,0.08111824014665445,-0.002660156500297832
1373928412,0.01830619520184989,0.01924839596700275,0.0026511888400537194
21600427412,0.01830619520184989,0.01924839596700275,0.0026511888400537194
739138410,0.12236246266499663,0.12007332722273144,-0.0026502031608427244
21601388410,0.005877252143751807,0.006416131989000917,0.0026500543005467192
1397141410,0.011176413912708353,0.011915673693858845,0.002649199855935587
21603217412,0.011176413912708353,0.011915673693858845,0.002649199855935587
21600858410,0.08603911744869448,0.08799266727772685,0.002634629094265681
21600859410,0.08603911744869448,0.08799266727772685,0.002634629094265681
21600190412,0.019655072743038828,0.020623281393217233,0.002631540816586962
21601888412,0.021003950284227767,0.021998166819431713,0.002616260751221092
1338005413,0.010791020329511514,0.01008249312557287,-0.0026129199838478695
21603121410,0.005010116581558917,0.005499541704857928,0.0026043450060247966
21603122410,0.005010116581558917,0.005499541704857928,0.0026043450060247966
904250413,0.0024087098949802485,0.002749770852428964,0.0026042384912752306
21602229412,0.0024087098949802485,0.002749770852428964,0.00260423849127523
21602645413,0.0024087098949802485,0.002749770852428964,0.00260423849127523
919204413,0.0024087098949802485,0.002749770852428964,0.0026042384912752297
931973413,0.0024087098949802485,0.002749770852428964,0.0026042384912752297
990760413,0.0024087098949802485,0.002749770852428964,0.0026042384912752297
21603783410,0.03237306098853454,0.031164069660861594,-0.002596117972825604
1525278410,0.012525291453897292,0.013290559120073327,0.0025934272361716384
711584412,0.008093265247133635,0.008707607699358386,0.0025809101192376515
1130585412,0.003275845457173138,0.0036663611365719525,0.0025629146282170425
1322081413,0.003275845457173138,0.0036663611365719525,0.0025629146282170425
21604283412,0.003275845457173138,0.0036663611365719525,0.0025629146282170425
21600632410,0.014548607765680701,0.013748854262144821,-0.0025425041509222206
974166412,0.1937566239522112,0.19110907424381302,-0.002540129682377846
1309799410,0.008864052413527316,0.008249312557286892,-0.002499758427384784
950696413,0.001637922728586569,0.001374885426214482,-0.002499432365372812
1105889413,0.001637922728586569,0.001374885426214482,-0.0024994323653728116
1354698410,0.001637922728586569,0.001374885426214482,-0.0024994323653728116
1388796412,0.001637922728586569,0.001374885426214482,-0.0024994323653728116
1531601410,0.001637922728586569,0.001374885426214482,-0.0024994323653728116
40226656410,0.001637922728586569,0.001374885426214482,-0.0024994323653728116
912362410,0.001637922728586569,0.001374885426214482,-0.002499432365372811
991825413,0.001637922728586569,0.001374885426214482,-0.002499432365372811
994058413,0.001637922728586569,0.001374885426214482,-0.002499432365372811
21602629410,0.001637922728586569,0.001374885426214482,-0.002499432365372811
40173511412,0.001637922728586569,0.001374885426214482,-0.002499432365372811
40172206410,0.001637922728586569,0.001374885426214482,-0.0024994323653728108
939726410,0.001637922728586569,0.001374885426214482,-0.0024994323653728103
40161537410,0.001637922728586569,0.001374885426214482,-0.0024994323653728103
21600381412,0.11205318431448116,0.10999083409715857,-0.0024805359857467285
766529413,0.008382310434531266,0.007791017415215398,-0.002472204992151213
1386957413,0.013007033432893342,0.013748854262144821,0.00246843330097817
1705674410,0.10232199633876096,0.10036663611365719,-0.002447951398829556
21602930410,0.10232199633876096,0.10036663611365719,-0.002447951398829556
904453412,0.020618556701030927,0.02153987167736022,0.00244703651814184
21600174412,0.030060699489353502,0.031164069660861594,0.002440580282449424
725131412,0.014355910974082281,0.015123739688359304,0.0024343947509039977
21604540412,0.026014066865786684,0.027039413382218148,0.0024323670083632363
1560524412,0.010791020329511514,0.011457378551787351,0.0024306469648439277
21601154412,0.010791020329511514,0.011457378551787351,0.0024306469648439277
21605342412,0.010791020329511514,0.011457378551787351,0.0024306469648439277
21605348412,0.010791020329511514,0.011457378551787351,0.0024306469648439277
21605351412,0.010791020329511514,0.011457378551787351,0.0024306469648439277
1362225410,0.06619134791405723,0.06461961503208066,-0.0023997398554982904
21601278413,0.0011561807495905194,0.001374885426214482,0.002399191575365811
1512480413,0.0011561807495905194,0.001374885426214482,0.0023991915753658107
19060877410,0.0011561807495905194,0.001374885426214482,0.0023991915753658107
21602840413,0.0011561807495905194,0.001374885426214482,0.0023991915753658107
1516976410,0.0011561807495905194,0.001374885426214482,0.0023991915753658103
19046454412,0.0011561807495905194,0.001374885426214482,0.0023991915753658103
21604485412,0.0011561807495905194,0.001374885426214482,0.0023991915753658103
40161906412,0.0011561807495905194,0.001374885426214482,0.0023991915753658103
40227488410,0.0011561807495905194,0.001374885426214482,0.0023991915753658103
1000772413,0.0011561807495905194,0.001374885426214482,0.00239919157536581
19046291410,0.0011561807495905194,0.001374885426214482,0.00239919157536581
21604948410,0.0011561807495905194,0.001374885426214482,0.00239919157536581
40167352410,0.0011561807495905194,0.001374885426214482,0.00239919157536581
1311078413,0.0011561807495905194,0.001374885426214482,0.002399191575365809
21600593412,0.0011561807495905194,0.001374885426214482,0.002399191575365809
40161598412,0.0011561807495905194,0.001374885426214482,0.002399191575365809
40172806410,0.0011561807495905194,0.001374885426214482,0.002399191575365809
40175783410,0.0011561807495905194,0.001374885426214482,0.002399191575365809
916802410,0.0011561807495905194,0.001374885426214482,0.0023991915753658086
939259413,0.0011561807495905194,0.001374885426214482,0.0023991915753658086
1154029413,0.0011561807495905194,0.001374885426214482,0.0023991915753658086
19044337412,0.0011561807495905194,0.001374885426214482,0.0023991915753658086
21601337412,0.0011561807495905194,0.001374885426214482,0.0023991915753658086
21604200413,0.0011561807495905194,0.001374885426214482,0.0023991915753658086
940426410,0.006937084497543116,0.006416131989000917,-0.002393501808478936
535714410,0.0021196647075826186,0.0018331805682859762,-0.0023881239768612423
751347413,0.0021196647075826186,0.0018331805682859762,-0.0023881239768612423
1123904412,0.0021196647075826186,0.0018331805682859762,-0.0023881239768612423
1502826412,0.0021196647075826186,0.0018331805682859762,-0.0023881239768612423
1512480412,0.0021196647075826186,0.0018331805682859762,-0.0023881239768612423
1523280410,0.0021196647075826186,0.0018331805682859762,-0.0023881239768612423
19054702410,0.0021196647075826186,0.0018331805682859762,-0.0023881239768612423
21602657413,0.0021196647075826186,0.0018331805682859762,-0.0023881239768612423
21605281410,0.0021196647075826186,0.0018331805682859762,-0.0023881239768612423
1378382412,0.0021196647075826186,0.0018331805682859762,-0.002388123976861242
734275413,0.006455342518547067,0.005957836846929423,-0.0023693732452001095
1347384412,0.01589748530686964,0.015123739688359304,-0.0023534707339425594
1552929410,0.013488775411889392,0.014207149404216315,0.0023486701145078595
1178663410,0.0503902110029868,0.04903758020164986,-0.002347878961207724
1146810412,0.007707871663936795,0.008249312557286892,0.0023314808214184544
794147412,0.0026014066865786686,0.00229147571035747,-0.0023293616416768734
1309204410,0.0026014066865786686,0.00229147571035747,-0.002329361641676873
1836948413,0.0026014066865786686,0.00229147571035747,-0.002329361641676873
21602056413,0.0026014066865786686,0.00229147571035747,-0.002329361641676873
21604803412,0.0026014066865786686,0.00229147571035747,-0.002329361641676873
40161801410,0.0026014066865786686,0.00229147571035747,-0.002329361641676873
40172335410,0.0026014066865786686,0.00229147571035747,-0.0023293616416768725
905273413,0.005491858560554967,0.005041246562786435,-0.0023265910527103073
21600985412,0.1483765295307833,0.1461961503208066,-0.0023262961035044527
21600095413,0.09172367280084787,0.09349220898258478,0.002317888370677003
751246410,0.03237306098853454,0.033455545371219066,0.0023106876015028537
21602452410,0.004624722998362077,0.005041246562786435,0.002307963584913109
966991413,0.01618653049426727,0.01695692025664528,0.0023035611826953233
21604375410,0.031024183447345602,0.032080659945004586,0.0023019426007381406
1137529412,0.003083148665574718,0.002749770852428964,-0.0022998305249153834
950370412,0.003083148665574718,0.002749770852428964,-0.002299830524915383
1310756412,0.003083148665574718,0.002749770852428964,-0.002299830524915383
19006692410,0.003083148665574718,0.002749770852428964,-0.002299830524915383
21600840412,0.004528374602562868,0.004124656278643446,-0.0022958723045924793
21600841412,0.004528374602562868,0.004124656278643446,-0.0022958723045924793
40161467410,0.004528374602562868,0.004124656278643446,-0.0022958723045924793
753626410,0.004528374602562868,0.004124656278643446,-0.002295872304592479
709699410,0.003564890644570768,0.0032080659945004585,-0.0022881448473302097
741530413,0.003564890644570768,0.0032080659945004585,-0.0022881448473302097
21600693413,0.003564890644570768,0.0032080659945004585,-0.0022881448473302097
21602140412,0.003564890644570768,0.0032080659945004585,-0.0022881448473302097
40170650410,0.003564890644570768,0.0032080659945004585,-0.0022881448473302097
1343039410,0.003564890644570768,0.0032080659945004585,-0.0022881448473302092
21603353413,0.004046632623566818,0.0036663611365719525,-0.00228806247102497
21604816413,0.004046632623566818,0.0036663611365719525,-0.00228806247102497
40161569410,0.004046632623566818,0.0036663611365719525,-0.00228806247102497
40161789410,0.004046632623566818,0.0036663611365719525,-0.00228806247102497
40241606410,0.004046632623566818,0.0036663611365719525,-0.00228806247102497
40162152410,0.004046632623566818,0.0036663611365719525,-0.0022880624710249695
1560524410,0.05771268908372676,0.05912007332722273,0.0022819424725699267
21605342410,0.05771268908372676,0.05912007332722273,0.0022819424725699267
21605348410,0.05771268908372676,0.05912007332722273,0.0022819424725699267
21605351410,0.05771268908372676,0.05912007332722273,0.0022819424725699267
975125412,0.025628673282589845,0.026581118240146653,0.002276328998029546
21602100412,0.025628673282589845,0.026581118240146653,0.002276328998029546
21603960410,0.06860005780903748,0.07011915673693858,0.002272816914571753
907013410,0.06089218614510068,0.06232813932172319,0.0022706628183748923
1335606410,0.010694671933712303,0.01008249312557287,-0.0022659847243229414
21600800412,0.010694671933712303,0.01008249312557287,-0.002265984724322941
1156378410,0.012621639849696503,0.013290559120073327,0.002259906604737768
1530014410,0.012621639849696503,0.013290559120073327,0.002259906604737768
21603130412,0.012621639849696503,0.013290559120073327,0.002259906604737768
21603246410,0.012621639849696503,0.013290559120073327,0.002259906604737768
1314865410,0.0037575874361691877,0.004124656278643446,0.0022539864993242867
40162116410,0.0037575874361691877,0.004124656278643446,0.0022539864993242867
1134439410,0.16581558917044031,0.16361136571952337,-0.002247476623143315
21604765410,0.16581558917044031,0.16361136571952337,-0.002247476623143315
21603914410,0.002023316311783409,0.00229147571035747,0.002235369437650789
40175864410,0.002023316311783409,0.00229147571035747,0.002235369437650788
21600537410,0.03825031313228635,0.03712190650779102,-0.0022344437189151796
21602818410,0.23393390500048175,0.2314390467461045,-0.002234225133329919
1595799410,0.010212929954716255,0.009624197983501375,-0.002229540973434371
21602514412,0.040562674631467385,0.04170485792850596,0.002188418872038005
21602515412,0.040562674631467385,0.04170485792850596,0.002188418872038005
1201620413,0.02052220830523172,0.019706691109074245,-0.002186640866860714
21602104410,0.13440601213989786,0.1324472960586618,-0.0021779655709337855
21603409410,0.011754504287503614,0.01237396883593034,0.0021677418817692513
1836948412,0.005973600539551017,0.006416131989000917,0.0021619627146976777
21602056412,0.005973600539551017,0.006416131989000917,0.0021619627146976777
1103314410,0.09230176317564312,0.09395050412465628,0.0021550302458432473
21604927410,0.008767704017728105,0.008249312557286892,-0.002117532881315517
715458410,0.01580113691107043,0.016498625114573784,0.0021110581432829483
1140643410,0.01628287889006648,0.015582034830430797,-0.002105738372676415
703547410,0.1210135851238077,0.1228230980751604,0.0020996592529970723
21601538412,0.04287503613064843,0.043996333638863426,0.002092546510688885
40226742412,0.03073513825994797,0.029789184234647114,-0.0020818018660714085
1353256410,0.008285962038732055,0.007791017415215398,-0.002079308670059285
21601421413,0.008285962038732055,0.007791017415215398,-0.002079308670059285
1551099412,0.01907698236824357,0.01833180568285976,-0.0020707023903730904
21602759413,0.007322478080739956,0.007791017415215398,0.0020706720163196
21604114413,0.01580113691107043,0.015123739688359304,-0.0020655510335546275
945286410,0.10829559687831197,0.10999083409715857,0.0020643226777293145
1111706410,0.012043549474901242,0.011457378551787351,-0.002044468310449953
21601888413,0.012043549474901242,0.011457378551787351,-0.002044468310449953
1558242410,0.2005973600539551,0.19844179651695693,-0.002040799673204877
917006412,0.007804220059736006,0.007332722273143905,-0.002040657877944533
21602666413,0.0329511513633298,0.03391384051329056,0.0020381952321055934
997276410,0.09875710569419019,0.09715857011915674,-0.002032556631233838
21602061412,0.014934001348877542,0.015582034830430797,0.0020167483775472782
953076410,0.057423643896329125,0.05866177818515124,0.0020127172711069253
742267413,0.008671355621928894,0.00916590284142988,0.0020110109457484263
21604128410,0.1685133442528182,0.17048579285059579,0.0019947581115521496
21604129410,0.1685133442528182,0.17048579285059579,0.0019947581115521496
1596977412,0.004239329415165237,0.00458295142071494,0.001989814734757896
21600722412,0.004239329415165237,0.00458295142071494,0.001989814734757896
704599412,0.004239329415165237,0.00458295142071494,0.0019898147347578955
21604092410,0.1346950573272955,0.13290559120073328,-0.0019877771585195486
21600127412,0.0833413623663166,0.0847846012832264,0.0019755689134518866
21602360410,0.05434049523075441,0.05316223648029331,-0.0019727172790545643
21602361410,0.05434049523075441,0.05316223648029331,-0.0019727172790545643
1560524413,0.006455342518547067,0.0068744271310724105,0.001971560124198493
21601154413,0.006455342518547067,0.0068744271310724105,0.001971560124198493
21605342413,0.006455342518547067,0.0068744271310724105,0.001971560124198493
21605348413,0.006455342518547067,0.0068744271310724105,0.001971560124198493
21605351413,0.006455342518547067,0.0068744271310724105,0.001971560124198493
21600363410,0.023701705366605645,0.022914757103574702,-0.0019654938009948486
21604248410,0.006840736101743906,0.006416131989000917,-0.0019621950674706444
905233410,0.011080065516909144,0.010540788267644362,-0.001960037778474645
40170483413,7.707871663936795e-4,9.165902841429881e-4,0.0019585414850574593
985247413,7.707871663936795e-4,9.165902841429881e-4,0.001958541485057459
21600055413,7.707871663936795e-4,9.165902841429881e-4,0.001958541485057459
40171114412,7.707871663936795e-4,9.165902841429881e-4,0.001958541485057459
704053410,7.707871663936795e-4,9.165902841429881e-4,0.0019585414850574584
727835413,7.707871663936795e-4,9.165902841429881e-4,0.0019585414850574584
1150886410,7.707871663936795e-4,9.165902841429881e-4,0.0019585414850574584
1549786412,7.707871663936795e-4,9.165902841429881e-4,0.0019585414850574584
1550023413,7.707871663936795e-4,9.165902841429881e-4,0.0019585414850574584
1782521412,7.707871663936795e-4,9.165902841429881e-4,0.0019585414850574584
19077884413,7.707871663936795e-4,9.165902841429881e-4,0.0019585414850574584
19080274412,7.707871663936795e-4,9.165902841429881e-4,0.0019585414850574584
21603102412,7.707871663936795e-4,9.165902841429881e-4,0.0019585414850574584
40161077413,7.707871663936795e-4,9.165902841429881e-4,0.0019585414850574584
40167348413,7.707871663936795e-4,9.165902841429881e-4,0.0019585414850574584
40171288410,7.707871663936795e-4,9.165902841429881e-4,0.0019585414850574584
916230413,7.707871663936795e-4,9.165902841429881e-4,0.001958541485057458
967496410,7.707871663936795e-4,9.165902841429881e-4,0.001958541485057458
1704758410,7.707871663936795e-4,9.165902841429881e-4,0.001958541485057458
40173249412,7.707871663936795e-4,9.165902841429881e-4,0.001958541485057458
40225028410,7.707871663936795e-4,9.165902841429881e-4,0.001958541485057458
40227394410,7.707871663936795e-4,9.165902841429881e-4,0.001958541485057458
717136413,7.707871663936795e-4,9.165902841429881e-4,0.0019585414850574576
991855410,7.707871663936795e-4,9.165902841429881e-4,0.0019585414850574576
1321636410,7.707871663936795e-4,9.165902841429881e-4,0.0019585414850574576
1786842412,7.707871663936795e-4,9.165902841429881e-4,0.0019585414850574576
40161334410,7.707871663936795e-4,9.165902841429881e-4,0.0019585414850574576
40226690410,7.707871663936795e-4,9.165902841429881e-4,0.0019585414850574576
40162087412,7.707871663936795e-4,9.165902841429881e-4,0.001958541485057457
989878412,0.01763175643125542,0.01695692025664528,-0.0019490230147125984
21600048410,0.023509008575007227,0.024289642529789185,0.0019465173143180291
21600857412,0.05385875325175836,0.052703941338221816,-0.0019415577155044977
21601538410,0.17313806725118028,0.17506874427131072,0.001931726462193202
21601698413,0.029386260718759032,0.03024747937671861,0.0019272131554284246
1302398410,0.0339146353213219,0.03299725022914757,-0.0019245012754334385
909795410,5.780903747952597e-4,4.5829514207149406e-4,-0.0019231120206834628
1114620412,5.780903747952597e-4,4.5829514207149406e-4,-0.0019231120206834628
1702559412,5.780903747952597e-4,4.5829514207149406e-4,-0.0019231120206834628
19047756410,5.780903747952597e-4,4.5829514207149406e-4,-0.0019231120206834628
40171787410,5.780903747952597e-4,4.5829514207149406e-4,-0.0019231120206834628
934262413,5.780903747952597e-4,4.5829514207149406e-4,-0.0019231120206834624
40162020413,5.780903747952597e-4,4.5829514207149406e-4,-0.0019231120206834624
738818412,5.780903747952597e-4,4.5829514207149406e-4,-0.0019231120206834621
980955410,5.780903747952597e-4,4.5829514207149406e-4,-0.0019231120206834621
981691410,5.780903747952597e-4,4.5829514207149406e-4,-0.0019231120206834621
1385800413,5.780903747952597e-4,4.5829514207149406e-4,-0.0019231120206834621
40162001412,5.780903747952597e-4,4.5829514207149406e-4,-0.0019231120206834621
40167733413,5.780903747952597e-4,4.5829514207149406e-4,-0.0019231120206834621
40172055410,5.780903747952597e-4,4.5829514207149406e-4,-0.0019231120206834621
1135710412,5.780903747952597e-4,4.5829514207149406e-4,-0.0019231120206834617
1356461412,5.780903747952597e-4,4.5829514207149406e-4,-0.0019231120206834617
19081320410,5.780903747952597e-4,4.5829514207149406e-4,-0.0019231120206834617
21601337413,5.780903747952597e-4,4.5829514207149406e-4,-0.0019231120206834617
21603934412,5.780903747952597e-4,4.5829514207149406e-4,-0.0019231120206834617
21604070413,5.780903747952597e-4,4.5829514207149406e-4,-0.0019231120206834617
21605119412,5.780903747952597e-4,4.5829514207149406e-4,-0.0019231120206834617
21605120412,5.780903747952597e-4,4.5829514207149406e-4,-0.0019231120206834617
40161785413,5.780903747952597e-4,4.5829514207149406e-4,-0.0019231120206834617
40173249413,5.780903747952597e-4,4.5829514207149406e-4,-0.0019231120206834617
40175833410,5.780903747952597e-4,4.5829514207149406e-4,-0.0019231120206834617
750146410,5.780903747952597e-4,4.5829514207149406e-4,-0.0019231120206834613
917205413,5.780903747952597e-4,4.5829514207149406e-4,-0.0019231120206834613
929638410,5.780903747952597e-4,4.5829514207149406e-4,-0.0019231120206834613
950933413,5.780903747952597e-4,4.5829514207149406e-4,-0.0019231120206834613
987245413,5.780903747952597e-4,4.5829514207149406e-4,-0.0019231120206834613
1001419410,5.780903747952597e-4,4.5829514207149406e-4,-0.0019231120206834613
1106776412,5.780903747952597e-4,4.5829514207149406e-4,-0.0019231120206834613
1316262413,5.780903747952597e-4,4.5829514207149406e-4,-0.0019231120206834613
1351447410,5.780903747952597e-4,4.5829514207149406e-4,-0.0019231120206834613
1517998412,5.780903747952597e-4,4.5829514207149406e-4,-0.0019231120206834613
1522957412,5.780903747952597e-4,4.5829514207149406e-4,-0.0019231120206834613
19003953412,5.780903747952597e-4,4.5829514207149406e-4,-0.0019231120206834613
19005104410,5.780903747952597e-4,4.5829514207149406e-4,-0.0019231120206834613
19008893412,5.780903747952597e-4,4.5829514207149406e-4,-0.0019231120206834613
19010499410,5.780903747952597e-4,4.5829514207149406e-4,-0.0019231120206834613
21602044410,5.780903747952597e-4,4.5829514207149406e-4,-0.0019231120206834613
21602049410,5.780903747952597e-4,4.5829514207149406e-4,-0.0019231120206834613
21602714412,5.780903747952597e-4,4.5829514207149406e-4,-0.0019231120206834613
21602920410,5.780903747952597e-4,4.5829514207149406e-4,-0.0019231120206834613
21603292412,5.780903747952597e-4,4.5829514207149406e-4,-0.0019231120206834613
21604077412,5.780903747952597e-4,4.5829514207149406e-4,-0.0019231120206834613
21604246410,5.780903747952597e-4,4.5829514207149406e-4,-0.0019231120206834613
21605180410,5.780903747952597e-4,4.5829514207149406e-4,-0.0019231120206834613
21605181410,5.780903747952597e-4,4.5829514207149406e-4,-0.0019231120206834613
40161989413,5.780903747952597e-4,4.5829514207149406e-4,-0.0019231120206834613
40170741413,5.780903747952597e-4,4.5829514207149406e-4,-0.0019231120206834613
40172246412,5.780903747952597e-4,4.5829514207149406e-4,-0.0019231120206834613
40172254412,5.780903747952597e-4,4.5829514207149406e-4,-0.0019231120206834613
40172802412,5.780903747952597e-4,4.5829514207149406e-4,-0.0019231120206834613
40175939413,5.780903747952597e-4,4.5829514207149406e-4,-0.0019231120206834613
40176150412,5.780903747952597e-4,4.5829514207149406e-4,-0.0019231120206834613
40223799413,5.780903747952597e-4,4.5829514207149406e-4,-0.0019231120206834613
1145379413,5.780903747952597e-4,4.5829514207149406e-4,-0.0019231120206834608
19047598410,5.780903747952597e-4,4.5829514207149406e-4,-0.0019231120206834608
19063575412,5.780903747952597e-4,4.5829514207149406e-4,-0.0019231120206834608
19090204410,5.780903747952597e-4,4.5829514207149406e-4,-0.0019231120206834608
19123754410,5.780903747952597e-4,4.5829514207149406e-4,-0.0019231120206834608
21600914412,5.780903747952597e-4,4.5829514207149406e-4,-0.0019231120206834608
21600915412,5.780903747952597e-4,4.5829514207149406e-4,-0.0019231120206834608
21600916412,5.780903747952597e-4,4.5829514207149406e-4,-0.0019231120206834608
21601019412,5.780903747952597e-4,4.5829514207149406e-4,-0.0019231120206834608
40161789413,5.780903747952597e-4,4.5829514207149406e-4,-0.0019231120206834608
40162128413,5.780903747952597e-4,4.5829514207149406e-4,-0.0019231120206834608
40162132412,5.780903747952597e-4,4.5829514207149406e-4,-0.0019231120206834608
40175843412,5.780903747952597e-4,4.5829514207149406e-4,-0.0019231120206834608
40224189410,5.780903747952597e-4,4.5829514207149406e-4,-0.0019231120206834608
930021412,5.780903747952597e-4,4.5829514207149406e-4,-0.0019231120206834606
1188052412,5.780903747952597e-4,4.5829514207149406e-4,-0.0019231120206834606
1394023410,5.780903747952597e-4,4.5829514207149406e-4,-0.0019231120206834606
19090984410,5.780903747952597e-4,4.5829514207149406e-4,-0.0019231120206834606
21604967413,5.780903747952597e-4,4.5829514207149406e-4,-0.0019231120206834606
21604968413,5.780903747952597e-4,4.5829514207149406e-4,-0.0019231120206834606
40162087413,5.780903747952597e-4,4.5829514207149406e-4,-0.0019231120206834606
40162104412,5.780903747952597e-4,4.5829514207149406e-4,-0.0019231120206834606
40172688412,5.780903747952597e-4,4.5829514207149406e-4,-0.0019231120206834606
21603746413,0.006358994122747856,0.005957836846929423,-0.001922490346680895
21600191412,0.01946237595144041,0.02016498625114574,0.0019210332389795644
19095164410,0.014066865786684651,0.01466544454628781,0.001918684174425086
996416413,0.010598323537913094,0.01008249312557287,-0.0019164920108925001
756018413,0.003372193852972348,0.0036663611365719525,0.00190808535331527
1505346413,0.003372193852972348,0.0036663611365719525,0.00190808535331527
1598658412,0.003372193852972348,0.0036663611365719525,0.00190808535331527
923540410,0.003372193852972348,0.0036663611365719525,0.0019080853533152693
19059654410,0.003372193852972348,0.0036663611365719525,0.0019080853533152693
40167666410,0.003372193852972348,0.0036663611365719525,0.0019080853533152693
40175625410,0.003372193852972348,0.0036663611365719525,0.001908085353315269
1310756410,0.013874168995086231,0.013290559120073327,-0.0018971606624288704
732309410,0.005877252143751807,0.005499541704857928,-0.001882592142584352
988095413,0.005877252143751807,0.005499541704857928,-0.0018825921425843517
40161706410,0.0055882069563541765,0.005957836846929423,0.0018679352563838296
21604170410,0.027844686385971675,0.027039413382218148,-0.0018588633657473385
21604171410,0.027844686385971675,0.027039413382218148,-0.0018588633657473385
1346686410,0.022256479429617497,0.02153987167736022,-0.0018454913215863388
19067073412,0.005395510164755757,0.005041246562786435,-0.0018426527979566291
1140640410,0.010501975142113883,0.010999083409715857,0.0018400502038681253
777221413,0.010501975142113883,0.010999083409715857,0.0018400502038681248
21604589413,0.010501975142113883,0.010999083409715857,0.0018400502038681248
1777087410,0.010501975142113883,0.010999083409715857,0.0018400502038681246
40170737410,0.0025050582907794583,0.002749770852428964,0.0018391967827572635
712615412,0.0025050582907794583,0.002749770852428964,0.001839196782757263
40172084410,0.0025050582907794583,0.002749770852428964,0.001839196782757263
711452410,0.0025050582907794583,0.002749770852428964,0.0018391967827572626
920458413,0.0025050582907794583,0.002749770852428964,0.0018391967827572626
46221581413,0.0025050582907794583,0.002749770852428964,0.001839196782757262
743670410,0.11012621639849697,0.10861594867094408,-0.001829697119445399
21604812410,0.10848829366991039,0.10999083409715857,0.0018284955022789058
937791410,0.009634839579920994,0.00916590284142988,-0.0018264219571441926
21600482410,0.0815107428461316,0.08020164986251145,-0.0018149298721889804
21600483410,0.0815107428461316,0.08020164986251145,-0.0018149298721889804
778711410,0.06436072839387225,0.06553620531622364,0.0018121321935231228
1335606413,0.001637922728586569,0.0018331805682859762,0.0018107362395689468
1344965413,0.001637922728586569,0.0018331805682859762,0.0018107362395689468
1769535412,0.001637922728586569,0.0018331805682859762,0.0018107362395689468
40172000410,0.001637922728586569,0.0018331805682859762,0.0018107362395689468
1137529410,0.012910685037094133,0.01237396883593034,-0.0018076987323792744
21604729412,0.10713941612872145,0.10861594867094408,0.0018067606893447477
21604896412,0.004913768185759707,0.00458295142071494,-0.001802904470420662
40167733410,0.004913768185759707,0.00458295142071494,-0.001802904470420662
21603079413,0.004913768185759707,0.00458295142071494,-0.0018029044704206611
21604849413,0.006937084497543116,0.007332722273143905,0.0017971158862799606
1789276410,0.006937084497543116,0.007332722273143905,0.00179711588627996
21604130410,0.11080065516909143,0.11228230980751604,0.0017865542092191998
21604220413,0.009153097600924944,0.008707607699358386,-0.0017797468071523322
21604606413,0.023123614991810388,0.02383134738771769,0.001779418886119353
1317640410,0.029000867135562193,0.029789184234647114,0.0017757205915052282
700465413,0.004432026206763658,0.004124656278643446,-0.0017637050066180843
937712410,0.004432026206763658,0.004124656278643446,-0.0017637050066180843
21604530413,0.004432026206763658,0.004124656278643446,-0.0017637050066180843
21604629412,0.004432026206763658,0.004124656278643446,-0.0017637050066180843
1754994413,0.004432026206763658,0.004124656278643446,-0.0017637050066180834
715997412,0.004721071394161287,0.005041246562786435,0.0017593197304057097
1584910410,0.004721071394161287,0.005041246562786435,0.0017593197304057097
1836948410,0.029193563927160614,0.02841429880843263,-0.0017576614430134085
21602056410,0.029193563927160614,0.02841429880843263,-0.0017576614430134085
40161793410,0.008285962038732055,0.008707607699358386,0.0017545623865259938
21604849410,0.10868099046150882,0.10724106324472961,-0.0017545570483179977
21600714410,0.031505925426341654,0.0307057745187901,-0.0017391505014856198
21602797410,0.06898545139223432,0.06782768102658111,-0.0017331391874286595
21602798410,0.06898545139223432,0.06782768102658111,-0.0017331391874286595
715233412,0.008671355621928894,0.008249312557286892,-0.0017318609716672026
713109412,0.003950284227767608,0.0036663611365719525,-0.0017256171007703478
780369412,0.003950284227767608,0.0036663611365719525,-0.0017256171007703474
1768849412,0.003950284227767608,0.0036663611365719525,-0.0017256171007703472
21600679413,0.003950284227767608,0.0036663611365719525,-0.0017256171007703472
21600680413,0.003950284227767608,0.0036663611365719525,-0.0017256171007703472
21601964412,0.003950284227767608,0.0036663611365719525,-0.0017256171007703472
21601965412,0.003950284227767608,0.0036663611365719525,-0.0017256171007703472
21601278410,0.02081125349262935,0.02016498625114574,-0.001719730479359135
1396131412,0.011947201079102033,0.011457378551787351,-0.0017140751795898716
21604510410,0.08353405915791502,0.0847846012832264,0.0017103176989004287
21604220410,0.09856440890259177,0.0999083409715857,0.0017063705306300636
21602681413,0.1464495616147991,0.14802933088909256,0.0016915282212647952
1708880412,0.003468542248771558,0.0032080659945004585,-0.0016895520112889196
991876412,0.003468542248771558,0.0032080659945004585,-0.0016895520112889186
21604182413,0.003468542248771558,0.0032080659945004585,-0.0016895520112889186
1172206410,0.003468542248771558,0.0032080659945004585,-0.0016895520112889183
1196514413,0.0010598323537913093,9.165902841429881e-4,-0.001687783688184677
40161064412,0.0010598323537913093,9.165902841429881e-4,-0.001687783688184677
528323412,0.0010598323537913093,9.165902841429881e-4,-0.0016877836881846768
715727410,0.0010598323537913093,9.165902841429881e-4,-0.0016877836881846768
769935410,0.0010598323537913093,9.165902841429881e-4,-0.0016877836881846768
912803410,0.0010598323537913093,9.165902841429881e-4,-0.0016877836881846768
934262412,0.0010598323537913093,9.165902841429881e-4,-0.0016877836881846768
981654410,0.0010598323537913093,9.165902841429881e-4,-0.0016877836881846768
1345141410,0.0010598323537913093,9.165902841429881e-4,-0.0016877836881846768
21601763410,0.0010598323537913093,9.165902841429881e-4,-0.0016877836881846768
21602597412,0.0010598323537913093,9.165902841429881e-4,-0.0016877836881846768
21603090412,0.0010598323537913093,9.165902841429881e-4,-0.0016877836881846768
21604070412,0.0010598323537913093,9.165902841429881e-4,-0.0016877836881846768
40161256412,0.0010598323537913093,9.165902841429881e-4,-0.0016877836881846768
40161953412,0.0010598323537913093,9.165902841429881e-4,-0.0016877836881846768
40175938410,0.0010598323537913093,9.165902841429881e-4,-0.0016877836881846768
19050007410,0.0010598323537913093,9.165902841429881e-4,-0.0016877836881846766
732893410,0.0010598323537913093,9.165902841429881e-4,-0.0016877836881846763
782211412,0.0010598323537913093,9.165902841429881e-4,-0.0016877836881846763
904525413,0.0010598323537913093,9.165902841429881e-4,-0.0016877836881846763
923840413,0.0010598323537913093,9.165902841429881e-4,-0.0016877836881846763
965748413,0.0010598323537913093,9.165902841429881e-4,-0.0016877836881846763
1136487410,0.0010598323537913093,9.165902841429881e-4,-0.0016877836881846763
1378509410,0.0010598323537913093,9.165902841429881e-4,-0.0016877836881846763
19079204413,0.0010598323537913093,9.165902841429881e-4,-0.0016877836881846763
21600195413,0.0010598323537913093,9.165902841429881e-4,-0.0016877836881846763
21603148413,0.0010598323537913093,9.165902841429881e-4,-0.0016877836881846763
21604661413,0.0010598323537913093,9.165902841429881e-4,-0.0016877836881846763
40160939412,0.0010598323537913093,9.165902841429881e-4,-0.0016877836881846763
40161150410,0.0010598323537913093,9.165902841429881e-4,-0.0016877836881846763
19036391410,0.0010598323537913093,9.165902841429881e-4,-0.0016877836881846761
1103374413,0.0010598323537913093,9.165902841429881e-4,-0.001687783688184676
1552310412,0.0010598323537913093,9.165902841429881e-4,-0.001687783688184676
21602037412,0.0010598323537913093,9.165902841429881e-4,-0.001687783688184676
21602858413,0.0010598323537913093,9.165902841429881e-4,-0.001687783688184676
40162259413,0.0010598323537913093,9.165902841429881e-4,-0.0016877836881846757
40227472410,0.0010598323537913093,9.165902841429881e-4,-0.0016877836881846755
21603746412,0.01474130455727912,0.014207149404216315,-0.0016844415460407695
744740412,0.008189613642932846,0.007791017415215398,-0.001682661021731239
1168079412,0.0060699489353502264,0.006416131989000917,0.0016803072103902912
1738521410,0.020329511513633297,0.019706691109074245,-0.0016763897732784976
1119510410,0.10405626746314674,0.10540788267644363,0.001675432711032883
21601532412,0.07910203295115137,0.07791017415215398,-0.0016750448094503812
21600482413,0.011465459100105983,0.010999083409715857,-0.001665509781220247
21600483413,0.011465459100105983,0.010999083409715857,-0.001665509781220247
1516766412,0.0029868002697755083,0.002749770852428964,-0.0016570476095496556
40242103410,0.0029868002697755083,0.002749770852428964,-0.0016570476095496554
950696412,0.0029868002697755083,0.002749770852428964,-0.001657047609549655
19095164412,0.0029868002697755083,0.002749770852428964,-0.001657047609549655
1748975410,0.0029868002697755083,0.002749770852428964,-0.0016570476095496547
19028106412,0.0029868002697755083,0.002749770852428964,-0.0016570476095496547
21602914410,0.0029868002697755083,0.002749770852428964,-0.0016570476095496547
1710281410,0.0029868002697755083,0.002749770852428964,-0.001657047609549654
1305058413,0.0038539358319683976,0.004124656278643446,0.0016453745637360797
21601422413,0.0038539358319683976,0.004124656278643446,0.0016453745637360797
21605213410,0.0038539358319683976,0.004124656278643446,0.0016453745637360797
21605214410,0.0038539358319683976,0.004124656278643446,0.0016453745637360797
21605215410,0.0038539358319683976,0.004124656278643446,0.0016453745637360797
40170741410,0.0038539358319683976,0.004124656278643446,0.0016453745637360797
757688412,0.0038539358319683976,0.004124656278643446,0.0016453745637360793
40161044410,0.0038539358319683976,0.004124656278643446,0.0016453745637360793
787787410,0.027748337990172463,0.027039413382218148,-0.0016387453998153792
21604178410,0.027748337990172463,0.027039413382218148,-0.0016387453998153792
21603783412,0.007418826476539166,0.007791017415215398,0.0016361609311118911
756349410,0.01984776953463725,0.01924839596700275,-0.0016322810383501282
715997413,0.0025050582907794583,0.00229147571035747,-0.0016308520950671008
1513103413,0.0025050582907794583,0.00229147571035747,-0.0016308520950671008
21602618413,0.0025050582907794583,0.00229147571035747,-0.0016308520950671008
21602624413,0.0025050582907794583,0.00229147571035747,-0.0016308520950671008
976545412,0.0025050582907794583,0.00229147571035747,-0.0016308520950671004
19091149410,0.0025050582907794583,0.00229147571035747,-0.0016308520950671004
21600888413,0.0025050582907794583,0.00229147571035747,-0.0016308520950671004
21603722412,0.0025050582907794583,0.00229147571035747,-0.0016308520950671004
21603923412,0.0025050582907794583,0.00229147571035747,-0.0016308520950671004
21604021410,0.0025050582907794583,0.00229147571035747,-0.0016308520950671004
40161688410,0.0025050582907794583,0.00229147571035747,-0.0016308520950671004
40161809410,0.0025050582907794583,0.00229147571035747,-0.0016308520950671004
40175842410,0.0025050582907794583,0.00229147571035747,-0.0016308520950671004
916943412,0.0025050582907794583,0.00229147571035747,-0.0016308520950671
1595799412,0.0025050582907794583,0.00229147571035747,-0.0016308520950671
21600554413,0.0025050582907794583,0.00229147571035747,-0.0016308520950671
21603819413,0.0025050582907794583,0.00229147571035747,-0.0016308520950671
1567198412,0.001541574332787359,0.001374885426214482,-0.0016249935001262717
40175869410,0.001541574332787359,0.001374885426214482,-0.0016249935001262717
800878413,0.001541574332787359,0.001374885426214482,-0.0016249935001262715
941052410,0.001541574332787359,0.001374885426214482,-0.0016249935001262715
950435413,0.001541574332787359,0.001374885426214482,-0.0016249935001262715
40175794410,0.001541574332787359,0.001374885426214482,-0.0016249935001262713
1118117410,0.001541574332787359,0.001374885426214482,-0.001624993500126271
40166605410,0.001541574332787359,0.001374885426214482,-0.001624993500126271
1756524410,0.001541574332787359,0.001374885426214482,-0.0016249935001262708
40161077412,0.001541574332787359,0.001374885426214482,-0.0016249935001262708
992308410,0.001541574332787359,0.001374885426214482,-0.0016249935001262706
1516800413,0.001541574332787359,0.001374885426214482,-0.0016249935001262706
1341238412,0.030060699489353502,0.02933088909257562,-0.0016225888445967822
1589505410,0.002023316311783409,0.0018331805682859762,-0.001616290425619347
21602598410,0.002023316311783409,0.0018331805682859762,-0.001616290425619347
21604629413,0.002023316311783409,0.0018331805682859762,-0.001616290425619347
705944413,0.002023316311783409,0.0018331805682859762,-0.0016162904256193469
1524769410,0.002023316311783409,0.0018331805682859762,-0.0016162904256193469
1555120410,0.002023316311783409,0.0018331805682859762,-0.0016162904256193469
21604208413,0.002023316311783409,0.0018331805682859762,-0.0016162904256193469
21603698410,0.07351382599479718,0.07241063244729606,-0.0016034319638872571
21600565412,0.007226129684940746,0.0068744271310724105,-0.0015798241802459374
21603006412,0.03651604200790057,0.035747021081576534,-0.0015560399014552329
700299410,0.08228153001252529,0.08340971585701192,0.0015537653445221945
991876410,0.01734271124385779,0.017873510540788267,0.0015364578108553028
1000632410,0.023219963387609597,0.02383134738771769,0.0015346116977692933
21600360410,0.023990750554003275,0.023373052245646196,-0.0015327028589669756
21600600412,0.11494363618845746,0.11365719523373052,-0.0015293630834547
1318137413,0.0029868002697755083,0.0032080659945004585,0.0015264173192517862
1350310412,0.0029868002697755083,0.0032080659945004585,0.0015264173192517862
40175872410,0.0029868002697755083,0.0032080659945004585,0.0015264173192517862
19080550410,0.0029868002697755083,0.0032080659945004585,0.001526417319251786
21600914410,0.0029868002697755083,0.0032080659945004585,0.0015264173192517856
21600915410,0.0029868002697755083,0.0032080659945004585,0.0015264173192517856
21600916410,0.0029868002697755083,0.0032080659945004585,0.0015264173192517856
1126658410,0.038635706715483185,0.03941338221814849,0.001526207141237384
1195334412,0.006744387705944696,0.006416131989000917,-0.001525888138641686
21603838410,0.006744387705944696,0.006416131989000917,-0.001525888138641686
975125410,0.13151556026592157,0.1301558203483043,-0.0015254517302776694
21602100410,0.13151556026592157,0.1301558203483043,-0.0015254517302776694
21604793413,0.010020233163117833,0.009624197983501375,-0.001511623140788877
19046454410,0.006551690914346276,0.0068744271310724105,0.0015091808852604532
21602323412,0.012814336641294923,0.01237396883593034,-0.001487758173414071
21602324412,0.012814336641294923,0.01237396883593034,-0.001487758173414071
733301412,0.007900568455535216,0.008249312557286892,0.0014867418014579772
21604600412,0.007900568455535216,0.008249312557286892,0.0014867418014579772
716968412,0.011947201079102033,0.01237396883593034,0.0014836189261171044
21602667410,0.1346950573272955,0.13336388634280477,-0.0014783233111649947
21600191413,0.009249445996724155,0.009624197983501375,0.0014780058090524714
1363749413,0.009538491184121785,0.00916590284142988,-0.0014571887602834249
21602282412,0.03044609307255034,0.029789184234647114,-0.001451189414820656
21601783410,0.6618171307447731,0.6636113657195234,0.0014371874257076886
21601784410,0.6618171307447731,0.6636113657195234,0.0014371874257076886
904453413,0.012332594662298873,0.011915673693858845,-0.0014353741328424975
1713332410,0.17227093168898738,0.17369385884509625,0.001426812761435315
21600713413,0.004335677810964447,0.00458295142071494,0.001418869133322981
1790692410,0.004335677810964447,0.00458295142071494,0.0014188691333229808
797399410,0.13141921187012237,0.1301558203483043,-0.0014177263327440769
21600892410,0.015126698140475962,0.015582034830430797,0.0014097309734379042
1326378412,0.0021196647075826186,0.00229147571035747,0.001405495224862078
1598658413,0.0021196647075826186,0.00229147571035747,0.001405495224862078
21602724410,0.0021196647075826186,0.00229147571035747,0.001405495224862078
21602785413,0.0021196647075826186,0.00229147571035747,0.001405495224862078
965748412,0.0021196647075826186,0.00229147571035747,0.0014054952248620778
1514412410,0.0021196647075826186,0.00229147571035747,0.0014054952248620778
1592180412,0.0021196647075826186,0.00229147571035747,0.0014054952248620778
21600195412,0.0021196647075826186,0.00229147571035747,0.0014054952248620778
1178663412,0.009056749205125735,0.008707607699358386,-0.00140093375031319
714684412,0.009056749205125735,0.008707607699358386,-0.0014009337503131899
704599410,0.017439059639657,0.01695692025664528,-0.0013987468631759203
21602797412,0.013777820599287022,0.014207149404216315,0.0013916738401612034
21602798412,0.013777820599287022,0.014207149404216315,0.0013916738401612034
21604091412,0.06599865112245881,0.06691109074243813,0.0013907841931966591
21600533410,0.050293862607187594,0.04949587534372136,-0.001385135918354258
40170475413,3.8539358319683977e-4,4.5829514207149406e-4,0.001384622193603606
1150770410,3.8539358319683977e-4,4.5829514207149406e-4,0.0013846221936036059
40161960413,3.8539358319683977e-4,4.5829514207149406e-4,0.0013846221936036059
40171110412,3.8539358319683977e-4,4.5829514207149406e-4,0.0013846221936036059
40172305413,3.8539358319683977e-4,4.5829514207149406e-4,0.0013846221936036059
1308432412,3.8539358319683977e-4,4.5829514207149406e-4,0.0013846221936036057
1345141412,3.8539358319683977e-4,4.5829514207149406e-4,0.0013846221936036057
21601763412,3.8539358319683977e-4,4.5829514207149406e-4,0.0013846221936036057
40171135413,3.8539358319683977e-4,4.5829514207149406e-4,0.0013846221936036057
1734205410,3.8539358319683977e-4,4.5829514207149406e-4,0.0013846221936036054
21602724413,3.8539358319683977e-4,4.5829514207149406e-4,0.0013846221936036054
40170854412,3.8539358319683977e-4,4.5829514207149406e-4,0.0013846221936036054
40172084413,3.8539358319683977e-4,4.5829514207149406e-4,0.0013846221936036054
40172580410,3.8539358319683977e-4,4.5829514207149406e-4,0.0013846221936036054
1308473412,3.8539358319683977e-4,4.5829514207149406e-4,0.0013846221936036052
1348265412,3.8539358319683977e-4,4.5829514207149406e-4,0.0013846221936036052
19005452412,3.8539358319683977e-4,4.5829514207149406e-4,0.0013846221936036052
19096710412,3.8539358319683977e-4,4.5829514207149406e-4,0.0013846221936036052
40161890413,3.8539358319683977e-4,4.5829514207149406e-4,0.0013846221936036052
40172423412,3.8539358319683977e-4,4.5829514207149406e-4,0.0013846221936036052
40224712412,3.8539358319683977e-4,4.5829514207149406e-4,0.0013846221936036052
735340413,3.8539358319683977e-4,4.5829514207149406e-4,0.001384622193603605
901845412,3.8539358319683977e-4,4.5829514207149406e-4,0.001384622193603605
998394410,3.8539358319683977e-4,4.5829514207149406e-4,0.001384622193603605
1106776413,3.8539358319683977e-4,4.5829514207149406e-4,0.001384622193603605
1714165410,3.8539358319683977e-4,4.5829514207149406e-4,0.001384622193603605
19035631413,3.8539358319683977e-4,4.5829514207149406e-4,0.001384622193603605
19062195410,3.8539358319683977e-4,4.5829514207149406e-4,0.001384622193603605
21600681413,3.8539358319683977e-4,4.5829514207149406e-4,0.001384622193603605
21603292413,3.8539358319683977e-4,4.5829514207149406e-4,0.001384622193603605
21605213412,3.8539358319683977e-4,4.5829514207149406e-4,0.001384622193603605
21605214412,3.8539358319683977e-4,4.5829514207149406e-4,0.001384622193603605
21605215412,3.8539358319683977e-4,4.5829514207149406e-4,0.001384622193603605
40161537412,3.8539358319683977e-4,4.5829514207149406e-4,0.001384622193603605
40161606413,3.8539358319683977e-4,4.5829514207149406e-4,0.001384622193603605
40161896413,3.8539358319683977e-4,4.5829514207149406e-4,0.001384622193603605
40161940412,3.8539358319683977e-4,4.5829514207149406e-4,0.001384622193603605
40167522410,3.8539358319683977e-4,4.5829514207149406e-4,0.001384622193603605
40170356413,3.8539358319683977e-4,4.5829514207149406e-4,0.001384622193603605
40172266412,3.8539358319683977e-4,4.5829514207149406e-4,0.001384622193603605
40172704412,3.8539358319683977e-4,4.5829514207149406e-4,0.001384622193603605
738818413,3.8539358319683977e-4,4.5829514207149406e-4,0.0013846221936036048
781705410,3.8539358319683977e-4,4.5829514207149406e-4,0.0013846221936036048
903893410,3.8539358319683977e-4,4.5829514207149406e-4,0.0013846221936036048
970011413,3.8539358319683977e-4,4.5829514207149406e-4,0.0013846221936036048
1326481410,3.8539358319683977e-4,4.5829514207149406e-4,0.0013846221936036048
1344143410,3.8539358319683977e-4,4.5829514207149406e-4,0.0013846221936036048
1379525413,3.8539358319683977e-4,4.5829514207149406e-4,0.0013846221936036048
1398399410,3.8539358319683977e-4,4.5829514207149406e-4,0.0013846221936036048
1714527412,3.8539358319683977e-4,4.5829514207149406e-4,0.0013846221936036048
21601569413,3.8539358319683977e-4,4.5829514207149406e-4,0.0013846221936036048
21603838413,3.8539358319683977e-4,4.5829514207149406e-4,0.0013846221936036048
21604928412,3.8539358319683977e-4,4.5829514207149406e-4,0.0013846221936036048
21604928413,3.8539358319683977e-4,4.5829514207149406e-4,0.0013846221936036048
40162097413,3.8539358319683977e-4,4.5829514207149406e-4,0.0013846221936036048
40162104413,3.8539358319683977e-4,4.5829514207149406e-4,0.0013846221936036048
40175985412,3.8539358319683977e-4,4.5829514207149406e-4,0.0013846221936036048
40224210413,3.8539358319683977e-4,4.5829514207149406e-4,0.0013846221936036048
40238145412,3.8539358319683977e-4,4.5829514207149406e-4,0.0013846221936036048
711714413,3.8539358319683977e-4,4.5829514207149406e-4,0.0013846221936036046
904501412,3.8539358319683977e-4,4.5829514207149406e-4,0.0013846221936036046
935390410,3.8539358319683977e-4,4.5829514207149406e-4,0.0013846221936036046
949759413,3.8539358319683977e-4,4.5829514207149406e-4,0.0013846221936036046
1037005412,3.8539358319683977e-4,4.5829514207149406e-4,0.0013846221936036046
1338985410,3.8539358319683977e-4,4.5829514207149406e-4,0.0013846221936036046
21600337410,3.8539358319683977e-4,4.5829514207149406e-4,0.0013846221936036046
21604125413,3.8539358319683977e-4,4.5829514207149406e-4,0.0013846221936036046
21604126413,3.8539358319683977e-4,4.5829514207149406e-4,0.0013846221936036046
21604940412,3.8539358319683977e-4,4.5829514207149406e-4,0.0013846221936036046
40161750412,3.8539358319683977e-4,4.5829514207149406e-4,0.0013846221936036046
40171275410,3.8539358319683977e-4,4.5829514207149406e-4,0.0013846221936036046
40175864412,3.8539358319683977e-4,4.5829514207149406e-4,0.0013846221936036046
40175865412,3.8539358319683977e-4,4.5829514207149406e-4,0.0013846221936036046
902938412,3.8539358319683977e-4,4.5829514207149406e-4,0.0013846221936036044
905078412,3.8539358319683977e-4,4.5829514207149406e-4,0.0013846221936036044
919986413,3.8539358319683977e-4,4.5829514207149406e-4,0.0013846221936036044
944360413,3.8539358319683977e-4,4.5829514207149406e-4,0.0013846221936036044
979096413,3.8539358319683977e-4,4.5829514207149406e-4,0.0013846221936036044
1300751413,3.8539358319683977e-4,4.5829514207149406e-4,0.0013846221936036044
1520218413,3.8539358319683977e-4,4.5829514207149406e-4,0.0013846221936036044
1524769412,3.8539358319683977e-4,4.5829514207149406e-4,0.0013846221936036044
1733765410,3.8539358319683977e-4,4.5829514207149406e-4,0.0013846221936036044
1736829410,3.8539358319683977e-4,4.5829514207149406e-4,0.0013846221936036044
19003953413,3.8539358319683977e-4,4.5829514207149406e-4,0.0013846221936036044
21601091413,3.8539358319683977e-4,4.5829514207149406e-4,0.0013846221936036044
21604077413,3.8539358319683977e-4,4.5829514207149406e-4,0.0013846221936036044
40161845413,3.8539358319683977e-4,4.5829514207149406e-4,0.0013846221936036044
40175794412,3.8539358319683977e-4,4.5829514207149406e-4,0.0013846221936036044
40226715412,3.8539358319683977e-4,4.5829514207149406e-4,0.0013846221936036044
40241606412,3.8539358319683977e-4,4.5829514207149406e-4,0.0013846221936036044
748010412,3.8539358319683977e-4,4.5829514207149406e-4,0.0013846221936036041
1114771410,3.8539358319683977e-4,4.5829514207149406e-4,0.0013846221936036041
1330974410,3.8539358319683977e-4,4.5829514207149406e-4,0.0013846221936036041
1351115412,3.8539358319683977e-4,4.5829514207149406e-4,0.0013846221936036041
1586808412,3.8539358319683977e-4,4.5829514207149406e-4,0.0013846221936036041
40161242410,3.8539358319683977e-4,4.5829514207149406e-4,0.0013846221936036041
40161528412,3.8539358319683977e-4,4.5829514207149406e-4,0.0013846221936036041
40166605412,3.8539358319683977e-4,4.5829514207149406e-4,0.0013846221936036041
40167409412,3.8539358319683977e-4,4.5829514207149406e-4,0.0013846221936036041
40172254413,3.8539358319683977e-4,4.5829514207149406e-4,0.0013846221936036041
40172594412,3.8539358319683977e-4,4.5829514207149406e-4,0.0013846221936036041
939881412,3.8539358319683977e-4,4.5829514207149406e-4,0.001384622193603604
939976412,3.8539358319683977e-4,4.5829514207149406e-4,0.001384622193603604
1118117412,3.8539358319683977e-4,4.5829514207149406e-4,0.001384622193603604
1139042412,3.8539358319683977e-4,4.5829514207149406e-4,0.001384622193603604
1197677412,3.8539358319683977e-4,4.5829514207149406e-4,0.001384622193603604
1748921412,3.8539358319683977e-4,4.5829514207149406e-4,0.001384622193603604
19088035410,3.8539358319683977e-4,4.5829514207149406e-4,0.001384622193603604
21603379412,3.8539358319683977e-4,4.5829514207149406e-4,0.001384622193603604
40161154410,3.8539358319683977e-4,4.5829514207149406e-4,0.001384622193603604
40161542413,3.8539358319683977e-4,4.5829514207149406e-4,0.001384622193603604
40172335412,3.8539358319683977e-4,4.5829514207149406e-4,0.001384622193603604
725822410,3.8539358319683977e-4,4.5829514207149406e-4,0.0013846221936036037
1315942412,3.8539358319683977e-4,4.5829514207149406e-4,0.0013846221936036037
1727468410,3.8539358319683977e-4,4.5829514207149406e-4,0.0013846221936036037
19017742412,3.8539358319683977e-4,4.5829514207149406e-4,0.0013846221936036037
19090249410,3.8539358319683977e-4,4.5829514207149406e-4,0.0013846221936036037
40168316410,3.8539358319683977e-4,4.5829514207149406e-4,0.0013846221936036037
40172908410,3.8539358319683977e-4,4.5829514207149406e-4,0.0013846221936036037
916005412,3.8539358319683977e-4,4.5829514207149406e-4,0.0013846221936036035
924309413,3.8539358319683977e-4,4.5829514207149406e-4,0.0013846221936036035
963742413,3.8539358319683977e-4,4.5829514207149406e-4,0.0013846221936036035
1301152412,3.8539358319683977e-4,4.5829514207149406e-4,0.0013846221936036035
21603235413,3.8539358319683977e-4,4.5829514207149406e-4,0.0013846221936036035
926487410,3.8539358319683977e-4,4.5829514207149406e-4,0.0013846221936036033
940183413,3.8539358319683977e-4,4.5829514207149406e-4,0.0013846221936036033
1341149410,3.8539358319683977e-4,4.5829514207149406e-4,0.0013846221936036033
21601416410,3.8539358319683977e-4,4.5829514207149406e-4,0.0013846221936036033
951237412,3.8539358319683977e-4,4.5829514207149406e-4,0.001384622193603603
1322081412,0.005684555352153386,0.005957836846929423,0.001371466717126102
1708880410,0.01830619520184989,0.018790100824931256,0.001364514859840724
1517824412,0.011080065516909144,0.011457378551787351,0.0013616473313171164
21601880412,0.011080065516909144,0.011457378551787351,0.0013616473313171164
1317640412,0.0070334328933423255,0.007332722273143905,0.0013518651766494126
1302398412,0.0070334328933423255,0.007332722273143905,0.0013518651766494124
720810410,0.01695731766066095,0.016498625114573784,-0.001349096408333722
711714410,0.008382310434531266,0.008707607699358386,0.001347288932382788
21604125410,0.008382310434531266,0.008707607699358386,0.001347288932382788
21604126410,0.008382310434531266,0.008707607699358386,0.001347288932382788
21603283410,0.05010116581558917,0.05087076076993584,0.0013348499185998285
21600779413,0.019269679159841988,0.018790100824931256,-0.0013244964828796216
985247412,0.0012525291453897292,0.001374885426214482,0.0012996789125910865
1387219413,0.0012525291453897292,0.001374885426214482,0.0012996789125910865
1797155410,0.0012525291453897292,0.001374885426214482,0.0012996789125910865
21600055412,0.0012525291453897292,0.001374885426214482,0.0012996789125910865
988447410,0.0012525291453897292,0.001374885426214482,0.0012996789125910863
19005452410,0.0012525291453897292,0.001374885426214482,0.0012996789125910863
40226715410,0.0012525291453897292,0.001374885426214482,0.0012996789125910863
909021410,0.0012525291453897292,0.001374885426214482,0.001299678912591086
913782413,0.0012525291453897292,0.001374885426214482,0.001299678912591086
1768849413,0.0012525291453897292,0.001374885426214482,0.001299678912591086
19076714410,0.0012525291453897292,0.001374885426214482,0.001299678912591086
40162200412,0.0012525291453897292,0.001374885426214482,0.001299678912591086
1326012413,0.0012525291453897292,0.001374885426214482,0.0012996789125910859
21601985410,0.0012525291453897292,0.001374885426214482,0.0012996789125910859
1501761413,0.0012525291453897292,0.001374885426214482,0.0012996789125910857
1762711413,0.0012525291453897292,0.001374885426214482,0.0012996789125910857
21602791413,0.0012525291453897292,0.001374885426214482,0.0012996789125910857
19137312412,0.0012525291453897292,0.001374885426214482,0.0012996789125910852
21600823412,0.0012525291453897292,0.001374885426214482,0.0012996789125910852
21600824412,0.0012525291453897292,0.001374885426214482,0.0012996789125910852
21604482413,0.0012525291453897292,0.001374885426214482,0.0012996789125910852
1710612412,0.004817419789960497,0.00458295142071494,-0.001288372330499837
948582413,0.004817419789960497,0.00458295142071494,-0.0012883723304998366
743670412,0.026206763657385106,0.025664527956003668,-0.0012882193787418102
21603215412,0.0377685711532903,0.03712190650779102,-0.0012869937886036643
21603216412,0.0377685711532903,0.03712190650779102,-0.0012869937886036643
989878413,0.008093265247133635,0.007791017415215398,-0.001282178869342665
1151422412,0.008093265247133635,0.007791017415215398,-0.0012821788693426642
21600482412,0.01878793718084594,0.01924839596700275,0.0012821707807381022
21600483412,0.01878793718084594,0.01924839596700275,0.0012821707807381022
757688410,0.01878793718084594,0.01924839596700275,0.0012821707807381018
961047413,0.012910685037094133,0.013290559120073327,0.0012716721950227902
1307046412,0.06175932170729358,0.06095325389550871,-0.0012700025298603929
836715413,0.003468542248771558,0.0036663611365719525,0.0012685173760721869
1351115410,0.003468542248771558,0.0036663611365719525,0.0012685173760721869
40172305410,0.003468542248771558,0.0036663611365719525,0.0012685173760721867
1317640413,0.003468542248771558,0.0036663611365719525,0.0012685173760721865
40161890410,0.003468542248771558,0.0036663611365719525,0.0012685173760721865
1307863412,0.054244146834955195,0.054995417048579284,0.0012552183716543945
21601766412,0.054244146834955195,0.054995417048579284,0.0012552183716543945
21604555410,0.03497446767511321,0.034372135655362054,-0.001243938679050904
1526475413,0.010212929954716255,0.010540788267644362,0.0012320433047947675
21601462412,0.21765102611041526,0.21631530705774518,-0.0012268250664748137
21601463412,0.21765102611041526,0.21631530705774518,-0.0012268250664748137
719311412,0.004335677810964447,0.004124656278643446,-0.0012219640988702116
928006410,0.004335677810964447,0.004124656278643446,-0.0012219640988702116
21602377410,0.004335677810964447,0.004124656278643446,-0.0012219640988702116
21603926413,0.004335677810964447,0.004124656278643446,-0.0012219640988702116
718122412,0.004335677810964447,0.004124656278643446,-0.00122196409887021
40161964410,0.004335677810964447,0.004124656278643446,-0.00122196409887021
1703603410,0.004817419789960497,0.005041246562786435,0.0012198241805342145
1335471413,0.023798053762404858,0.024289642529789185,0.001219785612186671
21603672413,0.007611523268137585,0.007332722273143905,-0.001219197559146985
21600679412,0.007611523268137585,0.007332722273143905,-0.0012191975591469843
21600680412,0.007611523268137585,0.007332722273143905,-0.0012191975591469843
1167322410,0.1094517776279025,0.11044912923923006,0.0012094498734952725
21600714412,0.0075151748723383755,0.007791017415215398,0.0012062602394664575
1314577410,0.006166297331149436,0.006416131989000917,0.0012049000639164323
21600509413,0.006166297331149436,0.006416131989000917,0.0012049000639164304
21604847410,0.15145967819635803,0.15032080659945005,-0.0012042152392578137
1146810410,0.03449272569611716,0.03391384051329056,-0.001203491954079691
1167322412,0.027555641198574045,0.027039413382218148,-0.001196664677225319
715233410,0.043260429713845264,0.042621448212648946,-0.0011914055080125658
21603679410,0.11677425570864246,0.11778185151237397,0.0011878884260868635
21604228410,0.09259080836304076,0.09349220898258478,0.0011772909305343981
924724412,0.01792080161865305,0.01833180568285976,0.001171459959565895
21600129412,0.01792080161865305,0.01833180568285976,0.001171459959565895
1502809412,0.01792080161865305,0.01833180568285976,0.0011714599595658948
1580747410,0.01792080161865305,0.01833180568285976,0.0011714599595658948
21603007412,0.03632334521630215,0.035747021081576534,-0.001168600056299298
1750500410,0.02244917622121592,0.021998166819431713,-0.0011554160100590363
937439412,0.007129781289141536,0.0068744271310724105,-0.0011534134429866548
21604653413,0.007129781289141536,0.0068744271310724105,-0.0011534134429866548
21604809412,0.007129781289141536,0.0068744271310724105,-0.0011534134429866548
798834412,0.0038539358319683976,0.0036663611365719525,-0.0011518025561325113
962398410,0.0038539358319683976,0.0036663611365719525,-0.001151802556132511
1703687413,0.0038539358319683976,0.0036663611365719525,-0.001151802556132511
1728416410,0.0038539358319683976,0.0036663611365719525,-0.001151802556132511
21601185410,0.0038539358319683976,0.0036663611365719525,-0.001151802556132511
21602082413,0.0038539358319683976,0.0036663611365719525,-0.001151802556132511
21603892412,0.0038539358319683976,0.0036663611365719525,-0.001151802556132511
40172778410,0.0038539358319683976,0.0036663611365719525,-0.001151802556132511
1346823413,0.01657192407746411,0.01695692025664528,0.0011403016795889487
714785410,0.015030349744676751,0.01466544454628781,-0.0011385936261870196
905273410,0.03815396473648714,0.03758020164986251,-0.0011361518952683954
1313200412,0.01734271124385779,0.01695692025664528,-0.001121758536477511
21602251410,0.029289912322959823,0.029789184234647114,0.0011201897720170817
21603960412,0.01522304653627517,0.015582034830430797,0.0011085811951327615
939976410,0.0026014066865786686,0.002749770852428964,0.0010980858771963058
1356461410,0.0026014066865786686,0.002749770852428964,0.0010980858771963056
21602537413,0.0026014066865786686,0.002749770852428964,0.0010980858771963056
1370109412,0.0026014066865786686,0.002749770852428964,0.0010980858771963053
40171580410,0.0026014066865786686,0.002749770852428964,0.0010980858771963053
915175413,0.0026014066865786686,0.002749770852428964,0.0010980858771963051
946340410,0.0026014066865786686,0.002749770852428964,0.0010980858771963051
959665410,0.0026014066865786686,0.002749770852428964,0.0010980858771963051
21603830412,0.0026014066865786686,0.002749770852428964,0.0010980858771963045
21603830410,0.009345794392523364,0.009624197983501375,0.0010933932981374165
1139699410,0.1210135851238077,0.12007332722273144,-0.001092880554723175
21604421412,0.0184025435976491,0.018790100824931256,0.0010905185326249643
1517824413,0.006648039310145486,0.006416131989000917,-0.0010844463003677521
21601880413,0.006648039310145486,0.006416131989000917,-0.0010844463003677521
40162235410,0.006648039310145486,0.006416131989000917,-0.0010844463003677517
992590412,0.014548607765680701,0.014207149404216315,-0.0010825909833078742
755695410,0.13893438674246072,0.1379468377635197,-0.0010822848802396208
955372410,0.003372193852972348,0.0032080659945004585,-0.0010771544180328751
959196410,0.003372193852972348,0.0032080659945004585,-0.0010771544180328751
998415412,0.003372193852972348,0.0032080659945004585,-0.0010771544180328751
1137460413,0.003372193852972348,0.0032080659945004585,-0.0010771544180328751
1301025412,0.003372193852972348,0.0032080659945004585,-0.0010771544180328751
19080274410,0.003372193852972348,0.0032080659945004585,-0.0010771544180328751
40161750410,0.003372193852972348,0.0032080659945004585,-0.0010771544180328751
40170420410,0.003372193852972348,0.0032080659945004585,-0.0010771544180328751
906780412,0.013874168995086231,0.014207149404216315,0.0010763146447828542
21602944410,0.09798631852779652,0.09715857011915674,-0.001055538939216201
715259412,0.006648039310145486,0.0068744271310724105,0.0010523578809276196
716968413,0.006648039310145486,0.0068744271310724105,0.0010523578809276196
1236744412,0.006648039310145486,0.0068744271310724105,0.0010523578809276196
1754994412,0.006648039310145486,0.0068744271310724105,0.0010523578809276196
21602537412,0.006648039310145486,0.0068744271310724105,0.0010523578809276196
21603367412,0.05010116581558917,0.04949587534372136,-0.0010522388306465173
21602104412,0.026592157240581945,0.027039413382218148,0.0010517120328199618
21601434413,0.003950284227767608,0.004124656278643446,0.0010491823848209026
713823413,0.003950284227767608,0.004124656278643446,0.0010491823848209024
1188114410,0.003950284227767608,0.004124656278643446,0.0010491823848209022
19097209410,0.003950284227767608,0.004124656278643446,0.0010491823848209022
1558242412,0.04981212062819154,0.05041246562786435,0.0010444297636503683
750982412,0.030253396280951923,0.029789184234647114,-0.0010281172188378893
1102917410,0.014066865786684651,0.013748854262144821,-0.0010250466923151095
21604130412,0.027941034781770884,0.027497708524289642,-0.0010205139504555695
916460410,0.006166297331149436,0.005957836846929423,-0.0010118278495220097
1195492413,0.006166297331149436,0.005957836846929423,-0.0010118278495220097
21603829413,0.0028904518739762985,0.002749770852428964,-9.970123195950375e-4
955252412,0.0028904518739762985,0.002749770852428964,-9.970123195950373e-4
1188052410,0.0028904518739762985,0.002749770852428964,-9.970123195950373e-4
1344905412,0.0028904518739762985,0.002749770852428964,-9.970123195950373e-4
21600642413,0.0028904518739762985,0.002749770852428964,-9.970123195950373e-4
21600643413,0.0028904518739762985,0.002749770852428964,-9.970123195950373e-4
745790410,0.0028904518739762985,0.002749770852428964,-9.970123195950369e-4
21604536410,0.0028904518739762985,0.002749770852428964,-9.970123195950369e-4
21600382413,0.032084015801136914,0.03162236480293309,-9.93703803843996e-4
1518148412,0.011272762308507564,0.010999083409715857,-9.841835199728593e-4
21604421413,0.009827536371519414,0.01008249312557287,9.77018957731532e-4
21603079410,0.03622699682050294,0.035747021081576534,-9.742675043189812e-4
740560412,0.020714905096830136,0.021081576535288724,9.738888687586784e-4
778268410,0.07399556797379324,0.07332722273143905,-9.680240289609964e-4
21601387413,0.01589748530686964,0.015582034830430797,-9.571178349281128e-4
701322410,0.02052220830523172,0.02016498625114574,-9.559907048246233e-4
21604798410,0.02052220830523172,0.02016498625114574,-9.559907048246233e-4
1309068410,0.02052220830523172,0.02016498625114574,-9.559907048246226e-4
21600432410,0.02052220830523172,0.02016498625114574,-9.559907048246226e-4
1153664413,0.008478658830330475,0.008707607699358386,9.438376816928575e-4
21604275413,0.008478658830330475,0.008707607699358386,9.438376816928575e-4
21600383410,0.08179978803352925,0.08111824014665445,-9.427988082922387e-4
21603366412,0.05048655939878601,0.04995417048579285,-9.220372389964584e-4
21602819410,0.21668754215242317,0.21769019248395968,9.217640021866753e-4
836715412,0.007129781289141536,0.007332722273143905,9.115972294300479e-4
40162204410,0.007129781289141536,0.007332722273143905,9.115972294300478e-4
21602472410,0.0024087098949802485,0.00229147571035747,-9.099256424213613e-4
1796435410,0.0024087098949802485,0.00229147571035747,-9.099256424213603e-4
21600840413,0.0024087098949802485,0.00229147571035747,-9.099256424213603e-4
21600841413,0.0024087098949802485,0.00229147571035747,-9.099256424213603e-4
21603754412,0.0024087098949802485,0.00229147571035747,-9.099256424213602e-4
905151410,0.0024087098949802485,0.00229147571035747,-9.099256424213599e-4
1168079413,0.0024087098949802485,0.00229147571035747,-9.099256424213597e-4
19044522412,0.0024087098949802485,0.00229147571035747,-9.099256424213597e-4
934075410,0.0024087098949802485,0.00229147571035747,-9.099256424213583e-4
21604792413,0.011658155891704403,0.011915673693858845,9.071891518797177e-4
950696410,0.01541574332787359,0.015123739688359304,-8.994250951904629e-4
21603249412,0.046247229983620776,0.04674610449129239,8.991345094223483e-4
21603255412,0.046247229983620776,0.04674610449129239,8.991345094223483e-4
1156378412,0.001734271124385779,0.0018331805682859762,8.961900083288334e-4
21603246412,0.001734271124385779,0.0018331805682859762,8.961900083288334e-4
40175985410,0.001734271124385779,0.0018331805682859762,8.961900083288334e-4
901656413,0.001734271124385779,0.0018331805682859762,8.961900083288332e-4
40175931410,0.001734271124385779,0.0018331805682859762,8.961900083288332e-4
953391412,0.001734271124385779,0.0018331805682859762,8.961900083288331e-4
1101703410,0.001734271124385779,0.0018331805682859762,8.961900083288331e-4
21600139412,0.001734271124385779,0.0018331805682859762,8.961900083288331e-4
40170543410,0.001734271124385779,0.0018331805682859762,8.961900083288331e-4
40171087410,0.001734271124385779,0.0018331805682859762,8.961900083288331e-4
1736887410,0.001734271124385779,0.0018331805682859762,8.961900083288329e-4
40172423410,0.001734271124385779,0.0018331805682859762,8.961900083288329e-4
40172876410,0.001734271124385779,0.0018331805682859762,8.961900083288329e-4
1308473410,0.001734271124385779,0.0018331805682859762,8.961900083288328e-4
1746940410,0.03622699682050294,0.03666361136571952,8.843791810763965e-4
1370109410,0.010309278350515464,0.010540788267644362,8.666625278167524e-4
40161463410,0.004432026206763658,0.00458295142071494,8.582841011809145e-4
927478412,0.004432026206763658,0.00458295142071494,8.582841011809141e-4
759740410,0.004432026206763658,0.00458295142071494,8.582841011809139e-4
21605187410,0.13045572791213025,0.12969752520623282,-8.532479896000965e-4
1301125412,0.005202813373157337,0.005041246562786435,-8.531297638150575e-4
1336926410,0.005202813373157337,0.005041246562786435,-8.531297638150575e-4
755695413,0.01724636284805858,0.01695692025664528,-8.435195338011055e-4
1550557412,0.012621639849696503,0.01237396883593034,-8.419540601587407e-4
1119510413,0.012621639849696503,0.01237396883593034,-8.419540601587405e-4
19049105412,0.04171885538105791,0.04216315307057745,8.411209354054192e-4
703083410,0.0019269679159841988,0.0018331805682859762,-8.13667462587746e-4
925102410,0.0019269679159841988,0.0018331805682859762,-8.13667462587746e-4
992956413,0.0019269679159841988,0.0018331805682859762,-8.13667462587746e-4
1319051410,0.0019269679159841988,0.0018331805682859762,-8.13667462587746e-4
19021129412,0.0019269679159841988,0.0018331805682859762,-8.13667462587746e-4
19035100410,0.0019269679159841988,0.0018331805682859762,-8.13667462587746e-4
40175912410,0.0019269679159841988,0.0018331805682859762,-8.13667462587746e-4
904639413,0.0019269679159841988,0.0018331805682859762,-8.136674625877459e-4
1150345412,0.0075151748723383755,0.007332722273143905,-8.02066314788745e-4
924309410,0.0075151748723383755,0.007332722273143905,-8.020663147887442e-4
733301410,0.03844300992388477,0.038038496791934,-7.978086565767288e-4
21604600410,0.03844300992388477,0.038038496791934,-7.978086565767288e-4
21603671410,0.2598516234704692,0.26076993583868013,7.931636003434102e-4
902950410,0.009827536371519414,0.009624197983501375,-7.823420495715148e-4
21602028410,0.009827536371519414,0.009624197983501375,-7.823420495715144e-4
989878410,0.087195298198285,0.08661778185151238,-7.759537627043683e-4
1500211412,0.004721071394161287,0.00458295142071494,-7.653249330656426e-4
1711759410,0.004721071394161287,0.00458295142071494,-7.653249330656425e-4
21604848412,0.027170247615377206,0.027497708524289642,7.623136680449169e-4
1341927410,0.22603333654494653,0.22685609532538956,7.450902931228539e-4
988294410,0.031505925426341654,0.031164069660861594,-7.421224745091282e-4
920293412,0.0070334328933423255,0.0068744271310724105,-7.222560609926491e-4
21603057412,0.0070334328933423255,0.0068744271310724105,-7.222560609926491e-4
905531410,0.0070334328933423255,0.0068744271310724105,-7.22256060992649e-4
1436678410,0.0070334328933423255,0.0068744271310724105,-7.22256060992649e-4
21600081410,0.23865497639464303,0.23785517873510542,-7.110037090969308e-4
21602029410,0.009345794392523364,0.00916590284142988,-7.094845841969805e-4
976309410,0.0014452259369881492,0.001374885426214482,-7.044881348376608e-4
1836241412,0.0014452259369881492,0.001374885426214482,-7.044881348376608e-4
40227386410,0.0014452259369881492,0.001374885426214482,-7.044881348376608e-4
1379525410,0.0014452259369881492,0.001374885426214482,-7.044881348376606e-4
21601569410,0.0014452259369881492,0.001374885426214482,-7.044881348376606e-4
731533410,0.0014452259369881492,0.001374885426214482,-7.044881348376605e-4
916662410,0.0014452259369881492,0.001374885426214482,-7.044881348376605e-4
933724413,0.0014452259369881492,0.001374885426214482,-7.044881348376605e-4
985708412,0.0014452259369881492,0.001374885426214482,-7.044881348376605e-4
21603076412,0.0014452259369881492,0.001374885426214482,-7.044881348376605e-4
40161030412,0.0014452259369881492,0.001374885426214482,-7.044881348376605e-4
40170592410,0.0014452259369881492,0.001374885426214482,-7.044881348376605e-4
40175806410,0.0014452259369881492,0.001374885426214482,-7.044881348376605e-4
916460412,0.0014452259369881492,0.001374885426214482,-7.044881348376604e-4
1550023412,0.0014452259369881492,0.001374885426214482,-7.044881348376604e-4
19049877412,0.0014452259369881492,0.001374885426214482,-7.044881348376603e-4
40162144412,0.0014452259369881492,0.001374885426214482,-7.044881348376603e-4
19044522413,0.0014452259369881492,0.001374885426214482,-7.044881348376599e-4
21604389412,0.15097793621736197,0.15032080659945005,-6.955859068858673e-4
21604390412,0.15097793621736197,0.15032080659945005,-6.955859068858673e-4
1112807412,0.05366605646015994,0.054078826764436295,6.934957840802737e-4
1381253410,0.004913768185759707,0.005041246562786435,6.891411384424879e-4
21600048412,0.004913768185759707,0.005041246562786435,6.891411384424879e-4
905518410,0.004913768185759707,0.005041246562786435,6.891411384424878e-4
21603553413,0.004913768185759707,0.005041246562786435,6.891411384424878e-4
715233413,0.004913768185759707,0.005041246562786435,6.891411384424873e-4
932196412,0.004913768185759707,0.005041246562786435,6.891411384424873e-4
1344905410,0.014452259369881492,0.01466544454628781,6.759018837980614e-4
904542410,0.15830041429810193,0.15765352887259396,-6.716049818487825e-4
40161781410,0.004239329415165237,0.004124656278643446,-6.702471090617332e-4
1760616412,0.004239329415165237,0.004124656278643446,-6.70247109061732e-4
1310317410,0.004239329415165237,0.004124656278643446,-6.702471090617318e-4
1118045412,0.004239329415165237,0.004124656278643446,-6.702471090617317e-4
704943410,0.07149050968301378,0.07103574702108158,-6.690675270021175e-4
1326012410,0.011272762308507564,0.011457378551787351,6.615878985585172e-4
21603353412,0.008093265247133635,0.008249312557286892,6.587486485873707e-4
1717327413,0.003564890644570768,0.0036663611365719525,6.434367485890868e-4
1340128412,0.04547644281722709,0.045829514207149404,6.416203973075216e-4
21600383413,0.011176413912708353,0.010999083409715857,-6.399503431912853e-4
757627412,0.006551690914346276,0.006416131989000917,-6.377293837624449e-4
1164108412,8.671355621928895e-4,9.165902841429881e-4,6.334242532176712e-4
21601389412,8.671355621928895e-4,9.165902841429881e-4,6.334242532176712e-4
1537655413,8.671355621928895e-4,9.165902841429881e-4,6.334242532176711e-4
21602786413,8.671355621928895e-4,9.165902841429881e-4,6.334242532176711e-4
21600667410,8.671355621928895e-4,9.165902841429881e-4,6.33424253217671e-4
21600668410,8.671355621928895e-4,9.165902841429881e-4,6.33424253217671e-4
40161710412,8.671355621928895e-4,9.165902841429881e-4,6.33424253217671e-4
1336926412,8.671355621928895e-4,9.165902841429881e-4,6.334242532176708e-4
950933412,8.671355621928895e-4,9.165902841429881e-4,6.334242532176707e-4
19088328410,8.671355621928895e-4,9.165902841429881e-4,6.334242532176707e-4
19089810410,8.671355621928895e-4,9.165902841429881e-4,6.334242532176707e-4
40161976412,8.671355621928895e-4,9.165902841429881e-4,6.334242532176706e-4
710650413,8.671355621928895e-4,9.165902841429881e-4,6.334242532176705e-4
1749301410,8.671355621928895e-4,9.165902841429881e-4,6.334242532176705e-4
21603907412,8.671355621928895e-4,9.165902841429881e-4,6.334242532176705e-4
40170741412,8.671355621928895e-4,9.165902841429881e-4,6.334242532176705e-4
40176165410,8.671355621928895e-4,9.165902841429881e-4,6.334242532176705e-4
40227367410,8.671355621928895e-4,9.165902841429881e-4,6.334242532176705e-4
19022479410,8.671355621928895e-4,9.165902841429881e-4,6.334242532176704e-4
909959410,8.671355621928895e-4,9.165902841429881e-4,6.334242532176703e-4
1189754413,8.671355621928895e-4,9.165902841429881e-4,6.334242532176703e-4
961304410,8.671355621928895e-4,9.165902841429881e-4,6.334242532176702e-4
990069412,8.671355621928895e-4,9.165902841429881e-4,6.334242532176702e-4
993631413,8.671355621928895e-4,9.165902841429881e-4,6.334242532176702e-4
21602813412,8.671355621928895e-4,9.165902841429881e-4,6.334242532176702e-4
21602814412,8.671355621928895e-4,9.165902841429881e-4,6.334242532176702e-4
40170458412,8.671355621928895e-4,9.165902841429881e-4,6.334242532176702e-4
1749008413,8.671355621928895e-4,9.165902841429881e-4,6.334242532176701e-4
40162231412,8.671355621928895e-4,9.165902841429881e-4,6.334242532176701e-4
40162187412,8.671355621928895e-4,9.165902841429881e-4,6.3342425321767e-4
21603071412,0.008864052413527316,0.008707607699358386,-6.333151221341644e-4
21603072412,0.008864052413527316,0.008707607699358386,-6.333151221341644e-4
751412410,0.023123614991810388,0.023373052245646196,6.281996206097886e-4
1103518410,0.01763175643125542,0.017415215398716773,-6.240100951806014e-4
778474410,0.042489642547451585,0.04216315307057745,-6.136404827311378e-4
1559684413,0.04229694575585317,0.042621448212648946,6.104534319786361e-4
21603709413,0.002216013103381829,0.00229147571035747,6.062201924846652e-4
705178413,0.002216013103381829,0.00229147571035747,6.062201924846644e-4
722424410,0.002216013103381829,0.00229147571035747,6.062201924846644e-4
21604445413,0.002216013103381829,0.00229147571035747,6.062201924846644e-4
40170470410,0.002216013103381829,0.00229147571035747,6.062201924846643e-4
21600704413,0.002216013103381829,0.00229147571035747,6.062201924846641e-4
21604661412,0.002216013103381829,0.00229147571035747,6.062201924846641e-4
1710612413,0.002216013103381829,0.00229147571035747,6.06220192484664e-4
1192710413,0.009923884767318624,0.01008249312557287,6.053908263701239e-4
21602689410,0.006744387705944696,0.0068744271310724105,6.00942644935633e-4
903963413,0.006744387705944696,0.0068744271310724105,6.009426449356325e-4
1153664410,0.12563830812216978,0.12511457378551788,-5.988527773023422e-4
21604275410,0.12563830812216978,0.12511457378551788,-5.988527773023422e-4
21604114410,0.13527314770209076,0.13473877176901924,-5.921180316599529e-4
21600815410,0.02177473745062145,0.021998166819431713,5.794916428931544e-4
1836430410,0.09442142788322574,0.09486709440879927,5.772091044702381e-4
1707800410,9.634839579920994e-4,9.165902841429881e-4,-5.75074625087894e-4
40172384410,9.634839579920994e-4,9.165902841429881e-4,-5.75074625087894e-4
940864412,9.634839579920994e-4,9.165902841429881e-4,-5.750746250878938e-4
943116410,9.634839579920994e-4,9.165902841429881e-4,-5.750746250878938e-4
1189596413,9.634839579920994e-4,9.165902841429881e-4,-5.750746250878938e-4
1350504412,9.634839579920994e-4,9.165902841429881e-4,-5.750746250878938e-4
1548111413,9.634839579920994e-4,9.165902841429881e-4,-5.750746250878938e-4
19030957410,9.634839579920994e-4,9.165902841429881e-4,-5.750746250878938e-4
21601006410,9.634839579920994e-4,9.165902841429881e-4,-5.750746250878938e-4
21601388412,9.634839579920994e-4,9.165902841429881e-4,-5.750746250878938e-4
21601452412,9.634839579920994e-4,9.165902841429881e-4,-5.750746250878938e-4
40161793413,9.634839579920994e-4,9.165902841429881e-4,-5.750746250878938e-4
40161797412,9.634839579920994e-4,9.165902841429881e-4,-5.750746250878938e-4
40161817412,9.634839579920994e-4,9.165902841429881e-4,-5.750746250878938e-4
40162243412,9.634839579920994e-4,9.165902841429881e-4,-5.750746250878938e-4
40170341410,9.634839579920994e-4,9.165902841429881e-4,-5.750746250878938e-4
40170973410,9.634839579920994e-4,9.165902841429881e-4,-5.750746250878938e-4
40222116412,9.634839579920994e-4,9.165902841429881e-4,-5.750746250878938e-4
42801112412,9.634839579920994e-4,9.165902841429881e-4,-5.750746250878938e-4
923645412,0.07293573562000193,0.07332722273143905,5.701469844422993e-4
1741309412,0.0037575874361691877,0.0036663611365719525,-5.660804856170885e-4
944360410,0.0037575874361691877,0.0036663611365719525,-5.660804856170883e-4
705178412,0.0037575874361691877,0.0036663611365719525,-5.660804856170876e-4
1521369410,0.0037575874361691877,0.0036663611365719525,-5.660804856170876e-4
21602551410,0.0037575874361691877,0.0036663611365719525,-5.660804856170876e-4
21604445412,0.0037575874361691877,0.0036663611365719525,-5.660804856170876e-4
21602681412,0.2596589266788708,0.2603116406966086,5.639294314956079e-4
739138412,0.029578957510357454,0.02933088909257562,-5.551211806397088e-4
1512446410,0.008382310434531266,0.008249312557286892,-5.534340672548224e-4
21602538412,0.0060699489353502264,0.005957836846929423,-5.477173550805636e-4
40173533410,0.0060699489353502264,0.005957836846929423,-5.47717355080563e-4
745268413,0.008575007226129685,0.008707607699358386,5.441283216066755e-4
21601579413,0.008575007226129685,0.008707607699358386,5.441283216066755e-4
21600888410,0.02042585990943251,0.020623281393217233,5.283355304413947e-4
21602359413,0.0929762019462376,0.0925756186984418,-5.227865152480129e-4
948078410,0.08883322092687157,0.08845096241979836,-5.092112429474746e-4
939259410,0.010405626746314674,0.010540788267644362,5.04065516852352e-4
21602683410,0.007226129684940746,0.007332722273143905,4.7618774433848927e-4
21600728412,0.007226129684940746,0.007332722273143905,4.7618774433848905e-4
21603079412,0.007226129684940746,0.007332722273143905,4.7618774433848905e-4
938268410,0.014355910974082281,0.014207149404216315,-4.742220761384675e-4
21602674413,0.012236246266499664,0.01237396883593034,4.741508070679679e-4
21602471410,0.24694093843337508,0.24747937671860679,4.729884317131506e-4
21604069412,0.06860005780903748,0.06828597616865262,-4.709265468704043e-4
711584413,0.004046632623566818,0.004124656278643446,4.648551829252461e-4
19004724410,0.004046632623566818,0.004124656278643446,4.648551829252458e-4
19008897410,0.004046632623566818,0.004124656278643446,4.648551829252458e-4
789578412,0.020907601888428558,0.021081576535288724,4.603582962712014e-4
21604463412,0.020907601888428558,0.021081576535288724,4.603582962712014e-4
714684413,0.0055882069563541765,0.005499541704857928,-4.5124349592883233e-4
21604254412,0.10000963483957992,0.10036663611365719,4.507037607116649e-4
21604525412,0.003275845457173138,0.0032080659945004585,-4.5020380157444645e-4
1380068410,0.003275845457173138,0.0032080659945004585,-4.5020380157444624e-4
19111620412,0.003275845457173138,0.0032080659945004585,-4.5020380157444596e-4
21601128412,0.003275845457173138,0.0032080659945004585,-4.5020380157444596e-4
1348265410,0.003275845457173138,0.0032080659945004585,-4.5020380157444564e-4
1738366412,0.003275845457173138,0.0032080659945004585,-4.5020380157444564e-4
21604607412,0.003275845457173138,0.0032080659945004585,-4.5020380157444526e-4
735951410,0.022738221408613545,0.022914757103574702,4.4837758522638614e-4
929435410,0.0465362751710184,0.0462878093492209,-4.4708627495182636e-4
21604391413,0.009056749205125735,0.00916590284142988,4.3607236666474004e-4
40162259410,0.009731187975720205,0.009624197983501375,-4.133097360625582e-4
976309412,4.817419789960497e-4,4.5829514207149406e-4,-4.0654198960608914e-4
21602037413,4.817419789960497e-4,4.5829514207149406e-4,-4.0654198960608914e-4
40170722412,4.817419789960497e-4,4.5829514207149406e-4,-4.0654198960608914e-4
1136601410,4.817419789960497e-4,4.5829514207149406e-4,-4.065419896060891e-4
1304044412,4.817419789960497e-4,4.5829514207149406e-4,-4.065419896060891e-4
1309161410,4.817419789960497e-4,4.5829514207149406e-4,-4.065419896060891e-4
1319133412,4.817419789960497e-4,4.5829514207149406e-4,-4.065419896060891e-4
1338558410,4.817419789960497e-4,4.5829514207149406e-4,-4.065419896060891e-4
1517070413,4.817419789960497e-4,4.5829514207149406e-4,-4.065419896060891e-4
1586346413,4.817419789960497e-4,4.5829514207149406e-4,-4.065419896060891e-4
1716721410,4.817419789960497e-4,4.5829514207149406e-4,-4.065419896060891e-4
1756524412,4.817419789960497e-4,4.5829514207149406e-4,-4.065419896060891e-4
1759455410,4.817419789960497e-4,4.5829514207149406e-4,-4.065419896060891e-4
19008893413,4.817419789960497e-4,4.5829514207149406e-4,-4.065419896060891e-4
19057346413,4.817419789960497e-4,4.5829514207149406e-4,-4.065419896060891e-4
19084212410,4.817419789960497e-4,4.5829514207149406e-4,-4.065419896060891e-4
21600934413,4.817419789960497e-4,4.5829514207149406e-4,-4.065419896060891e-4
21602697413,4.817419789960497e-4,4.5829514207149406e-4,-4.065419896060891e-4
21602698413,4.817419789960497e-4,4.5829514207149406e-4,-4.065419896060891e-4
21605334410,4.817419789960497e-4,4.5829514207149406e-4,-4.065419896060891e-4
21605567410,4.817419789960497e-4,4.5829514207149406e-4,-4.065419896060891e-4
21605580410,4.817419789960497e-4,4.5829514207149406e-4,-4.065419896060891e-4
21605581410,4.817419789960497e-4,4.5829514207149406e-4,-4.065419896060891e-4
40162178412,4.817419789960497e-4,4.5829514207149406e-4,-4.065419896060891e-4
40170356412,4.817419789960497e-4,4.5829514207149406e-4,-4.065419896060891e-4
40170582413,4.817419789960497e-4,4.5829514207149406e-4,-4.065419896060891e-4
40172010412,4.817419789960497e-4,4.5829514207149406e-4,-4.065419896060891e-4
40175916410,4.817419789960497e-4,4.5829514207149406e-4,-4.065419896060891e-4
40224210412,4.817419789960497e-4,4.5829514207149406e-4,-4.065419896060891e-4
751889412,4.817419789960497e-4,4.5829514207149406e-4,-4.0654198960608903e-4
767410413,4.817419789960497e-4,4.5829514207149406e-4,-4.0654198960608903e-4
909358410,4.817419789960497e-4,4.5829514207149406e-4,-4.0654198960608903e-4
911486412,4.817419789960497e-4,4.5829514207149406e-4,-4.0654198960608903e-4
929549413,4.817419789960497e-4,4.5829514207149406e-4,-4.0654198960608903e-4
951469413,4.817419789960497e-4,4.5829514207149406e-4,-4.0654198960608903e-4
951511413,4.817419789960497e-4,4.5829514207149406e-4,-4.0654198960608903e-4
962398412,4.817419789960497e-4,4.5829514207149406e-4,-4.0654198960608903e-4
967562412,4.817419789960497e-4,4.5829514207149406e-4,-4.0654198960608903e-4
969004410,4.817419789960497e-4,4.5829514207149406e-4,-4.0654198960608903e-4
987406413,4.817419789960497e-4,4.5829514207149406e-4,-4.0654198960608903e-4
1172206412,4.817419789960497e-4,4.5829514207149406e-4,-4.0654198960608903e-4
1180182413,4.817419789960497e-4,4.5829514207149406e-4,-4.0654198960608903e-4
1304277410,4.817419789960497e-4,4.5829514207149406e-4,-4.0654198960608903e-4
1327256412,4.817419789960497e-4,4.5829514207149406e-4,-4.0654198960608903e-4
1714319413,4.817419789960497e-4,4.5829514207149406e-4,-4.0654198960608903e-4
1730370412,4.817419789960497e-4,4.5829514207149406e-4,-4.0654198960608903e-4
1790692412,4.817419789960497e-4,4.5829514207149406e-4,-4.0654198960608903e-4
19000537413,4.817419789960497e-4,4.5829514207149406e-4,-4.0654198960608903e-4
19006186412,4.817419789960497e-4,4.5829514207149406e-4,-4.0654198960608903e-4
19006410412,4.817419789960497e-4,4.5829514207149406e-4,-4.0654198960608903e-4
19006586410,4.817419789960497e-4,4.5829514207149406e-4,-4.0654198960608903e-4
19006692412,4.817419789960497e-4,4.5829514207149406e-4,-4.0654198960608903e-4
19007572412,4.817419789960497e-4,4.5829514207149406e-4,-4.0654198960608903e-4
19035577412,4.817419789960497e-4,4.5829514207149406e-4,-4.0654198960608903e-4
19046291412,4.817419789960497e-4,4.5829514207149406e-4,-4.0654198960608903e-4
19052059412,4.817419789960497e-4,4.5829514207149406e-4,-4.0654198960608903e-4
19052489412,4.817419789960497e-4,4.5829514207149406e-4,-4.0654198960608903e-4
19052736412,4.817419789960497e-4,4.5829514207149406e-4,-4.0654198960608903e-4
19058978410,4.817419789960497e-4,4.5829514207149406e-4,-4.0654198960608903e-4
19066774412,4.817419789960497e-4,4.5829514207149406e-4,-4.0654198960608903e-4
19069149412,4.817419789960497e-4,4.5829514207149406e-4,-4.0654198960608903e-4
19082306412,4.817419789960497e-4,4.5829514207149406e-4,-4.0654198960608903e-4
19082886410,4.817419789960497e-4,4.5829514207149406e-4,-4.0654198960608903e-4
19087067410,4.817419789960497e-4,4.5829514207149406e-4,-4.0654198960608903e-4
19088571412,4.817419789960497e-4,4.5829514207149406e-4,-4.0654198960608903e-4
19092377412,4.817419789960497e-4,4.5829514207149406e-4,-4.0654198960608903e-4
19099183410,4.817419789960497e-4,4.5829514207149406e-4,-4.0654198960608903e-4
21600521412,4.817419789960497e-4,4.5829514207149406e-4,-4.0654198960608903e-4
21600522412,4.817419789960497e-4,4.5829514207149406e-4,-4.0654198960608903e-4
21601185412,4.817419789960497e-4,4.5829514207149406e-4,-4.0654198960608903e-4
21601215412,4.817419789960497e-4,4.5829514207149406e-4,-4.0654198960608903e-4
21601525413,4.817419789960497e-4,4.5829514207149406e-4,-4.0654198960608903e-4
21601556412,4.817419789960497e-4,4.5829514207149406e-4,-4.0654198960608903e-4
21601557412,4.817419789960497e-4,4.5829514207149406e-4,-4.0654198960608903e-4
21604658412,4.817419789960497e-4,4.5829514207149406e-4,-4.0654198960608903e-4
21604911412,4.817419789960497e-4,4.5829514207149406e-4,-4.0654198960608903e-4
21604923412,4.817419789960497e-4,4.5829514207149406e-4,-4.0654198960608903e-4
21604948412,4.817419789960497e-4,4.5829514207149406e-4,-4.0654198960608903e-4
40161064413,4.817419789960497e-4,4.5829514207149406e-4,-4.0654198960608903e-4
40161918412,4.817419789960497e-4,4.5829514207149406e-4,-4.0654198960608903e-4
40163718410,4.817419789960497e-4,4.5829514207149406e-4,-4.0654198960608903e-4
40167549410,4.817419789960497e-4,4.5829514207149406e-4,-4.0654198960608903e-4
40170444412,4.817419789960497e-4,4.5829514207149406e-4,-4.0654198960608903e-4
40171969413,4.817419789960497e-4,4.5829514207149406e-4,-4.0654198960608903e-4
40172566412,4.817419789960497e-4,4.5829514207149406e-4,-4.0654198960608903e-4
40172876412,4.817419789960497e-4,4.5829514207149406e-4,-4.0654198960608903e-4
40175686410,4.817419789960497e-4,4.5829514207149406e-4,-4.0654198960608903e-4
40175865410,4.817419789960497e-4,4.5829514207149406e-4,-4.0654198960608903e-4
45892906410,4.817419789960497e-4,4.5829514207149406e-4,-4.0654198960608903e-4
528323413,4.817419789960497e-4,4.5829514207149406e-4,-4.06541989606089e-4
705219412,4.817419789960497e-4,4.5829514207149406e-4,-4.06541989606089e-4
938044412,4.817419789960497e-4,4.5829514207149406e-4,-4.06541989606089e-4
966376410,4.817419789960497e-4,4.5829514207149406e-4,-4.06541989606089e-4
978577412,4.817419789960497e-4,4.5829514207149406e-4,-4.06541989606089e-4
1352213410,4.817419789960497e-4,4.5829514207149406e-4,-4.06541989606089e-4
21602452413,4.817419789960497e-4,4.5829514207149406e-4,-4.06541989606089e-4
21602457413,4.817419789960497e-4,4.5829514207149406e-4,-4.06541989606089e-4
40161776410,4.817419789960497e-4,4.5829514207149406e-4,-4.06541989606089e-4
40161964413,4.817419789960497e-4,4.5829514207149406e-4,-4.06541989606089e-4
40166571410,4.817419789960497e-4,4.5829514207149406e-4,-4.06541989606089e-4
40170235410,4.817419789960497e-4,4.5829514207149406e-4,-4.06541989606089e-4
40171114413,4.817419789960497e-4,4.5829514207149406e-4,-4.06541989606089e-4
40171135412,4.817419789960497e-4,4.5829514207149406e-4,-4.06541989606089e-4
40172206412,4.817419789960497e-4,4.5829514207149406e-4,-4.06541989606089e-4
40172453412,4.817419789960497e-4,4.5829514207149406e-4,-4.06541989606089e-4
40175955410,4.817419789960497e-4,4.5829514207149406e-4,-4.06541989606089e-4
40223294412,4.817419789960497e-4,4.5829514207149406e-4,-4.06541989606089e-4
1332418410,0.22179400712978128,0.2213565536205316,-3.9897330439437283e-4
21600510413,0.005877252143751807,0.005957836846929423,3.9894481403788114e-4
21600511413,0.005877252143751807,0.005957836846929423,3.9894481403788114e-4
1742253412,0.005877252143751807,0.005957836846929423,3.989448140378808e-4
21603998412,0.007418826476539166,0.007332722273143905,-3.8053062216786515e-4
40223116410,0.0026977550823778784,0.002749770852428964,3.792950405224411e-4
1326012412,0.0026977550823778784,0.002749770852428964,3.792950405224407e-4
40160943410,0.0026977550823778784,0.002749770852428964,3.7929504052244063e-4
724816412,0.0026977550823778784,0.002749770852428964,3.7929504052244015e-4
21603409412,0.0026977550823778784,0.002749770852428964,3.792950405224399e-4
915829410,0.0026977550823778784,0.002749770852428964,3.792950405224397e-4
1796458410,0.007707871663936795,0.007791017415215398,3.598575373824266e-4
21602667412,0.03362559013392427,0.033455545371219066,-3.575367666538938e-4
1754994410,0.03420368050871953,0.034372135655362054,3.5099981214785077e-4
724394410,0.036034300028904516,0.03620531622364803,3.4750180178616064e-4
21604111410,0.036034300028904516,0.03620531622364803,3.4750180178616064e-4
21604456410,0.036034300028904516,0.03620531622364803,3.4750180178616064e-4
40170483410,0.005106464977358127,0.005041246562786435,-3.4704236502152905e-4
40162243410,0.005106464977358127,0.005041246562786435,-3.470423650215284e-4
1163944412,0.04923403025339628,0.04903758020164986,-3.441171544060428e-4
21601907412,0.20705270257250216,0.20669110907424382,-3.381330313679205e-4
800878410,0.013392427016090181,0.013290559120073327,-3.3596930402613156e-4
766814412,0.009538491184121785,0.009624197983501375,3.338121486644894e-4
21602229410,0.009249445996724155,0.00916590284142988,-3.3089450711067055e-4
21604443412,0.058001734271124386,0.05820348304307974,3.2690622028576274e-4
1507705410,0.0027941034781770882,0.002749770852428964,-3.1863124305702827e-4
1503057410,0.0027941034781770882,0.002749770852428964,-3.18631243057028e-4
970011410,0.0027941034781770882,0.002749770852428964,-3.1863124305702757e-4
1195334413,0.0027941034781770882,0.002749770852428964,-3.1863124305702746e-4
19080226410,0.0027941034781770882,0.002749770852428964,-3.186312430570274e-4
756349413,0.0027941034781770882,0.002749770852428964,-3.186312430570273e-4
21600048413,0.0027941034781770882,0.002749770852428964,-3.1863124305702713e-4
948787410,0.004528374602562868,0.00458295142071494,3.076461122971468e-4
21602645412,0.004528374602562868,0.00458295142071494,3.076461122971468e-4
766814413,0.004528374602562868,0.00458295142071494,3.0764611229714675e-4
1152631412,0.004528374602562868,0.00458295142071494,3.0764611229714675e-4
21600660412,0.004528374602562868,0.00458295142071494,3.0764611229714675e-4
40161976410,0.004528374602562868,0.00458295142071494,3.0764611229714675e-4
21600081413,0.03285480296753059,0.03299725022914757,3.026438245107122e-4
21604482410,0.013199730224491762,0.013290559120073327,3.013365786508729e-4
21600713410,0.03651604200790057,0.03666361136571952,2.9796578629367516e-4
1396012410,0.015030349744676751,0.015123739688359304,2.906393307789932e-4
21604752412,0.0474997591290105,0.04766269477543538,2.9013215867720914e-4
1139699412,0.023027266596011176,0.022914757103574702,-2.8430709634748015e-4
1341238413,0.018691588785046728,0.018790100824931256,2.7545421881507425e-4
909165410,0.0013488775411889392,0.001374885426214482,2.680202958999858e-4
40162020412,0.0013488775411889392,0.001374885426214482,2.6802029589998566e-4
709567410,0.0013488775411889392,0.001374885426214482,2.680202958999856e-4
1584910412,0.0013488775411889392,0.001374885426214482,2.680202958999856e-4
21601329412,0.0013488775411889392,0.001374885426214482,2.6802029589998556e-4
40171991410,0.0013488775411889392,0.001374885426214482,2.6802029589998556e-4
1103552410,0.0013488775411889392,0.001374885426214482,2.6802029589998545e-4
1304850412,0.0013488775411889392,0.001374885426214482,2.680202958999851e-4
40167646410,0.0013488775411889392,0.001374885426214482,2.680202958999851e-4
1123904413,0.0013488775411889392,0.001374885426214482,2.6802029589998496e-4
1139179410,0.0013488775411889392,0.001374885426214482,2.6802029589998496e-4
1397141412,0.0013488775411889392,0.001374885426214482,2.6802029589998496e-4
21603109410,0.0013488775411889392,0.001374885426214482,2.680202958999848e-4
732309412,0.0013488775411889392,0.001374885426214482,0.00026802029589998463
19009540412,0.0013488775411889392,0.001374885426214482,2.680202958999843e-4
1345858410,0.024857886116196166,0.02474793767186068,-2.6764960307692397e-4
21604228413,0.008189613642932846,0.008249312557286892,2.5080072458918306e-4
929887413,0.020714905096830136,0.020623281393217233,-2.4381256796052222e-4
987406410,0.004624722998362077,0.00458295142071494,-2.334344208604328e-4
21601525410,0.004624722998362077,0.00458295142071494,-2.334344208604328e-4
40161606410,0.004624722998362077,0.00458295142071494,-2.3343442086043263e-4
21600960412,0.2064746121977069,0.20623281393217233,-2.2633568778258957e-4
21600961412,0.2064746121977069,0.20623281393217233,-2.2633568778258957e-4
21601605413,0.013681472203487812,0.013748854262144821,2.1966813082248648e-4
21601606413,0.013681472203487812,0.013748854262144821,2.1966813082248648e-4
974166413,0.12438577897678003,0.12419798350137488,-2.156121041292666e-4
21604510413,0.010598323537913094,0.010540788267644362,-2.1296726022740787e-4
21601538413,0.024376144137200115,0.024289642529789185,-2.125748767066438e-4
924566410,0.01734271124385779,0.017415215398716773,2.103436532040356e-4
21604838410,0.022834569804412758,0.022914757103574702,2.033184111647776e-4
21604840410,0.022834569804412758,0.022914757103574702,2.033184111647776e-4
923645413,0.043645823297042106,0.043538038496791935,-1.9991557598262217e-4
996416412,0.0184025435976491,0.01833180568285976,-1.9946644816724496e-4
1763339410,0.003179497061373928,0.0032080659945004585,1.921098567348332e-4
21603142410,0.003179497061373928,0.0032080659945004585,1.921098567348332e-4
977949410,0.003179497061373928,0.0032080659945004585,1.9210985673483313e-4
40171301410,0.003179497061373928,0.0032080659945004585,1.9210985673483297e-4
21604375413,0.003179497061373928,0.0032080659945004585,1.9210985673483275e-4
730548410,0.003179497061373928,0.0032080659945004585,1.9210985673483234e-4
756018412,0.006455342518547067,0.006416131989000917,-1.8559147978719156e-4
21600810410,0.022063782638019076,0.021998166819431713,-1.6927931458986115e-4
40161598410,0.005010116581558917,0.005041246562786435,1.6695270231922054e-4
964407412,0.0023123614991810387,0.00229147571035747,-1.6487196710450683e-4
1000772412,0.0023123614991810387,0.00229147571035747,-1.6487196710450645e-4
40162170412,0.0023123614991810387,0.00229147571035747,-1.6487196710450645e-4
40171124410,0.0023123614991810387,0.00229147571035747,-1.6487196710450623e-4
1344965412,0.0023123614991810387,0.00229147571035747,-1.648719671045062e-4
21602496410,0.0023123614991810387,0.00229147571035747,-1.6487196710450528e-4
21603095410,0.0023123614991810387,0.00229147571035747,-1.6487196710450515e-4
1177480412,0.04528374602562867,0.04537121906507791,1.593592962985508e-4
1387219410,0.006840736101743906,0.0068744271310724105,1.547924970223284e-4
21605084412,0.006840736101743906,0.0068744271310724105,1.5479249702232833e-4
745466413,0.008285962038732055,0.008249312557286892,-1.5323203222205247e-4
21602858410,0.008285962038732055,0.008249312557286892,-1.5323203222205247e-4
21603813412,0.008671355621928894,0.008707607699358386,1.4808300643611938e-4
966991412,0.027555641198574045,0.027497708524289642,-1.341046758973158e-4
938205410,0.0041429810193660275,0.004124656278643446,-1.0812596576229141e-4
1149196410,0.0329511513633298,0.03299725022914757,9.782743874586587e-5
1151422410,0.036708738799498986,0.03666361136571952,-9.092904269583681e-5
21601822413,0.08025821370074188,0.08020164986251145,-7.887989937523874e-5
21601823413,0.08025821370074188,0.08020164986251145,-7.887989937523874e-5
1771162412,0.005973600539551017,0.005957836846929423,-7.752125412120469e-5
1550023410,0.005973600539551017,0.005957836846929423,-7.752125412120461e-5
21602666412,0.05366605646015994,0.053620531622364805,-7.65398235263695e-5
1189490410,0.0164755756816649,0.016498625114573784,6.859246378991073e-5
1596977410,0.019269679159841988,0.01924839596700275,-5.866059969756681e-5
21600722410,0.019269679159841988,0.01924839596700275,-5.866059969756681e-5
1592180410,0.007804220059736006,0.007791017415215398,-5.6851473299961135e-5
19035704412,0.010983717121109933,0.010999083409715857,5.5849762295027286e-5
19093848410,0.009153097600924944,0.00916590284142988,5.093649417352234e-5
21604428413,0.04952307544079391,0.04949587534372136,-4.75003067909393e-5
21602341412,0.007322478080739956,0.007332722273143905,4.551694753618267e-5
917205410,0.007322478080739956,0.007332722273143905,4.551694753618229e-5
1549786410,0.005491858560554967,0.005499541704857928,3.938252759932706e-5
21604135413,0.005491858560554967,0.005499541704857928,3.938252759932632e-5
19020477413,0.005491858560554967,0.005499541704857928,3.938252759932625e-5
21603530413,0.005491858560554967,0.005499541704857928,3.938252759932625e-5
21603531413,0.005491858560554967,0.005499541704857928,3.938252759932625e-5
21603548413,0.005491858560554967,0.005499541704857928,3.938252759932625e-5
978555410,0.038057616340687925,0.038038496791934,-3.7860071621610843e-5
1103640412,0.003661239040369978,0.0036663611365719525,3.2126137759103275e-5
1192218412,0.003661239040369978,0.0036663611365719525,3.212613775910315e-5
920293413,0.003661239040369978,0.0036663611365719525,3.21261377591031e-5
21603057413,0.003661239040369978,0.0036663611365719525,3.21261377591031e-5
1311276410,0.003661239040369978,0.0036663611365719525,3.2126137759102835e-5
1195492412,0.011465459100105983,0.011457378551787351,-2.8757847345020524e-5
40172004410,0.001830619520184989,0.0018331805682859762,2.2695764358720864e-5
21603747413,0.001830619520184989,0.0018331805682859762,2.2695764358720485e-5
19003999412,0.001830619520184989,0.0018331805682859762,2.269576435872003e-5
1560171413,0.032084015801136914,0.032080659945004586,-7.2148095353015966e-6
21604253413,0.15261585894594856,0.15261228230980753,-3.7680477735381227e-6
1334456412,0.01695731766066095,0.01695692025664528,-1.1661361757951246e-6
509079413,0,0,NA
509081413,0,0,NA
514012413,0,0,NA
514015413,0,0,NA
19009405413,0,0,NA
19024770412,0,0,NA
19024770413,0,0,NA
19092139412,0,0,NA
19092139413,0,0,NA
19095786412,0,0,NA
21603931410,1,1,NA
21603931412,1,1,NA
21603931413,1,1,NA
21603932410,1,1,NA
21603932412,1,1,NA
21603932413,1,1,NA
21603933410,1,1,NA
21603933412,1,1,NA
21603933413,1,1,NA
